  0
SECTION
  2
HEADER
  9
$ACADVER
  1
AC1024
  9
$ACADMAINTVER
 70
6
  9
$DWGCODEPAGE
  3
ANSI_1252
  9
$LASTSAVEDBY
  1
ezdxf
  9
$INSBASE
 10
0.0
 20
0.0
 30
0.0
  9
$EXTMIN
 10
1e+20
 20
1e+20
 30
1e+20
  9
$EXTMAX
 10
-1e+20
 20
-1e+20
 30
-1e+20
  9
$LIMMIN
 10
0.0
 20
0.0
  9
$LIMMAX
 10
420.0
 20
297.0
  9
$ORTHOMODE
 70
0
  9
$REGENMODE
 70
1
  9
$FILLMODE
 70
1
  9
$QTEXTMODE
 70
0
  9
$MIRRTEXT
 70
1
  9
$LTSCALE
 40
1.0
  9
$ATTMODE
 70
1
  9
$TEXTSIZE
 40
2.5
  9
$TRACEWID
 40
1.0
  9
$TEXTSTYLE
  7
OpenSans
  9
$CLAYER
  8
0
  9
$CELTYPE
  6
ByLayer
  9
$CECOLOR
 62
256
  9
$CELTSCALE
 40
1.0
  9
$DISPSILH
 70
0
  9
$DIMSCALE
 40
1.0
  9
$DIMASZ
 40
0.175
  9
$DIMEXO
 40
0.125
  9
$DIMDLI
 40
3.75
  9
$DIMRND
 40
0.0
  9
$DIMDLE
 40
0.0
  9
$DIMEXE
 40
0.375
  9
$DIMTP
 40
0.0
  9
$DIMTM
 40
0.0
  9
$DIMTXT
 40
0.25
  9
$DIMCEN
 40
2.5
  9
$DIMTSZ
 40
0.0
  9
$DIMTOL
 70
0
  9
$DIMLIM
 70
0
  9
$DIMTIH
 70
0
  9
$DIMTOH
 70
0
  9
$DIMSE1
 70
0
  9
$DIMSE2
 70
0
  9
$DIMTAD
 70
1
  9
$DIMZIN
 70
12
  9
$DIMBLK
  1
ARCHTICK
  9
$DIMASO
 70
1
  9
$DIMSHO
 70
1
  9
$DIMPOST
  1

  9
$DIMAPOST
  1

  9
$DIMALT
 70
0
  9
$DIMALTD
 70
3
  9
$DIMALTF
 40
0.03937007874
  9
$DIMLFAC
 40
100.0
  9
$DIMTOFL
 70
1
  9
$DIMTVP
 40
0.0
  9
$DIMTIX
 70
0
  9
$DIMSOXD
 70
0
  9
$DIMSAH
 70
0
  9
$DIMBLK1
  1

  9
$DIMBLK2
  1

  9
$DIMSTYLE
  2
EZDXF
  9
$DIMCLRD
 70
0
  9
$DIMCLRE
 70
0
  9
$DIMCLRT
 70
0
  9
$DIMTFAC
 40
0.5
  9
$DIMGAP
 40
0.1
  9
$DIMJUST
 70
0
  9
$DIMSD1
 70
0
  9
$DIMSD2
 70
0
  9
$DIMTOLJ
 70
0
  9
$DIMTZIN
 70
8
  9
$DIMALTZ
 70
0
  9
$DIMALTTZ
 70
0
  9
$DIMUPT
 70
1
  9
$DIMDEC
 70
2
  9
$DIMTDEC
 70
2
  9
$DIMALTU
 70
2
  9
$DIMALTTD
 70
3
  9
$DIMTXSTY
  7
OpenSansCondensed-Light
  9
$DIMAUNIT
 70
0
  9
$DIMADEC
 70
2
  9
$DIMALTRND
 40
0.0
  9
$DIMAZIN
 70
3
  9
$DIMDSEP
 70
46
  9
$DIMATFIT
 70
3
  9
$DIMFRAC
 70
0
  9
$DIMLDRBLK
  1

  9
$DIMLUNIT
 70
2
  9
$DIMLWD
 70
-2
  9
$DIMLWE
 70
-2
  9
$DIMTMOVE
 70
2
  9
$DIMFXL
 40
1.0
  9
$DIMFXLON
 70
0
  9
$DIMJOGANG
 40
0.785398163397
  9
$DIMTFILL
 70
0
  9
$DIMTFILLCLR
 70
0
  9
$DIMARCSYM
 70
0
  9
$DIMLTYPE
  6

  9
$DIMLTEX1
  6

  9
$DIMLTEX2
  6

  9
$DIMTXTDIRECTION
 70
0
  9
$LUNITS
 70
2
  9
$LUPREC
 70
4
  9
$SKETCHINC
 40
1.0
  9
$FILLETRAD
 40
10.0
  9
$AUNITS
 70
0
  9
$AUPREC
 70
2
  9
$MENU
  1
.
  9
$ELEVATION
 40
0.0
  9
$PELEVATION
 40
0.0
  9
$THICKNESS
 40
0.0
  9
$LIMCHECK
 70
0
  9
$CHAMFERA
 40
0.0
  9
$CHAMFERB
 40
0.0
  9
$CHAMFERC
 40
0.0
  9
$CHAMFERD
 40
0.0
  9
$SKPOLY
 70
0
  9
$TDCREATE
 40
2461313.9523958336
  9
$TDUCREATE
 40
2458532.153996898
  9
$TDUPDATE
 40
2461313.9524652776
  9
$TDUUPDATE
 40
2458532.1544311
  9
$TDINDWG
 40
0.0
  9
$TDUSRTIMER
 40
0.0
  9
$USRTIMER
 70
1
  9
$ANGBASE
 50
0.0
  9
$ANGDIR
 70
0
  9
$PDMODE
 70
0
  9
$PDSIZE
 40
0.0
  9
$PLINEWID
 40
0.0
  9
$SPLFRAME
 70
0
  9
$SPLINETYPE
 70
6
  9
$SPLINESEGS
 70
8
  9
$HANDSEED
  5
297
  9
$SURFTAB1
 70
6
  9
$SURFTAB2
 70
6
  9
$SURFTYPE
 70
6
  9
$SURFU
 70
6
  9
$SURFV
 70
6
  9
$UCSBASE
  2

  9
$UCSNAME
  2

  9
$UCSORG
 10
0.0
 20
0.0
 30
0.0
  9
$UCSXDIR
 10
1.0
 20
0.0
 30
0.0
  9
$UCSYDIR
 10
0.0
 20
1.0
 30
0.0
  9
$UCSORTHOREF
  2

  9
$UCSORTHOVIEW
 70
0
  9
$UCSORGTOP
 10
0.0
 20
0.0
 30
0.0
  9
$UCSORGBOTTOM
 10
0.0
 20
0.0
 30
0.0
  9
$UCSORGLEFT
 10
0.0
 20
0.0
 30
0.0
  9
$UCSORGRIGHT
 10
0.0
 20
0.0
 30
0.0
  9
$UCSORGFRONT
 10
0.0
 20
0.0
 30
0.0
  9
$UCSORGBACK
 10
0.0
 20
0.0
 30
0.0
  9
$PUCSBASE
  2

  9
$PUCSNAME
  2

  9
$PUCSORG
 10
0.0
 20
0.0
 30
0.0
  9
$PUCSXDIR
 10
1.0
 20
0.0
 30
0.0
  9
$PUCSYDIR
 10
0.0
 20
1.0
 30
0.0
  9
$PUCSORTHOREF
  2

  9
$PUCSORTHOVIEW
 70
0
  9
$PUCSORGTOP
 10
0.0
 20
0.0
 30
0.0
  9
$PUCSORGBOTTOM
 10
0.0
 20
0.0
 30
0.0
  9
$PUCSORGLEFT
 10
0.0
 20
0.0
 30
0.0
  9
$PUCSORGRIGHT
 10
0.0
 20
0.0
 30
0.0
  9
$PUCSORGFRONT
 10
0.0
 20
0.0
 30
0.0
  9
$PUCSORGBACK
 10
0.0
 20
0.0
 30
0.0
  9
$USERI1
 70
0
  9
$USERI2
 70
0
  9
$USERI3
 70
0
  9
$USERI4
 70
0
  9
$USERI5
 70
0
  9
$USERR1
 40
0.0
  9
$USERR2
 40
0.0
  9
$USERR3
 40
0.0
  9
$USERR4
 40
0.0
  9
$USERR5
 40
0.0
  9
$WORLDVIEW
 70
1
  9
$SHADEDGE
 70
3
  9
$SHADEDIF
 70
70
  9
$TILEMODE
 70
1
  9
$MAXACTVP
 70
64
  9
$PINSBASE
 10
0.0
 20
0.0
 30
0.0
  9
$PLIMCHECK
 70
0
  9
$PEXTMIN
 10
1e+20
 20
1e+20
 30
1e+20
  9
$PEXTMAX
 10
-1e+20
 20
-1e+20
 30
-1e+20
  9
$PLIMMIN
 10
0.0
 20
0.0
  9
$PLIMMAX
 10
420.0
 20
297.0
  9
$UNITMODE
 70
0
  9
$VISRETAIN
 70
1
  9
$PLINEGEN
 70
0
  9
$PSLTSCALE
 70
1
  9
$TREEDEPTH
 70
3020
  9
$CMLSTYLE
  2
Standard
  9
$CMLJUST
 70
0
  9
$CMLSCALE
 40
20.0
  9
$PROXYGRAPHICS
 70
1
  9
$MEASUREMENT
 70
1
  9
$CELWEIGHT
370
-1
  9
$ENDCAPS
280
0
  9
$JOINSTYLE
280
0
  9
$LWDISPLAY
290
0
  9
$INSUNITS
 70
6
  9
$HYPERLINKBASE
  1

  9
$STYLESHEET
  1

  9
$XEDIT
290
1
  9
$CEPSNTYPE
380
0
  9
$PSTYLEMODE
290
1
  9
$FINGERPRINTGUID
  2
{94CD2A5C-9081-4EBF-A1D5-B262492DD7C2}
  9
$VERSIONGUID
  2
{1CCE2C0D-2A24-4F48-9990-DBF9098AE788}
  9
$EXTNAMES
290
1
  9
$PSVPSCALE
 40
0.0
  9
$OLESTARTUP
290
0
  9
$SORTENTS
280
127
  9
$INDEXCTL
280
0
  9
$HIDETEXT
280
1
  9
$XCLIPFRAME
280
1
  9
$HALOGAP
280
0
  9
$OBSCOLOR
 70
257
  9
$OBSLTYPE
280
0
  9
$INTERSECTIONDISPLAY
280
0
  9
$INTERSECTIONCOLOR
 70
257
  9
$DIMASSOC
280
2
  9
$PROJECTNAME
  1

  9
$CAMERADISPLAY
290
0
  9
$LENSLENGTH
 40
50.0
  9
$CAMERAHEIGHT
 40
0.0
  9
$STEPSPERSEC
 40
24.0
  9
$STEPSIZE
 40
100.0
  9
$3DDWFPREC
 40
2.0
  9
$PSOLWIDTH
 40
0.005
  9
$PSOLHEIGHT
 40
0.08
  9
$LOFTANG1
 40
1.570796326795
  9
$LOFTANG2
 40
1.570796326795
  9
$LOFTMAG1
 40
0.0
  9
$LOFTMAG2
 40
0.0
  9
$LOFTPARAM
 70
7
  9
$LOFTNORMALS
280
1
  9
$LATITUDE
 40
37.795
  9
$LONGITUDE
 40
-122.394
  9
$NORTHDIRECTION
 40
0.0
  9
$TIMEZONE
 70
-8000
  9
$LIGHTGLYPHDISPLAY
280
1
  9
$TILEMODELIGHTSYNCH
280
1
  9
$CMATERIAL
347
20
  9
$SOLIDHIST
280
0
  9
$SHOWHIST
280
1
  9
$DWFFRAME
280
2
  9
$DGNFRAME
280
2
  9
$REALWORLDSCALE
290
1
  9
$INTERFERECOLOR
 62
256
  9
$CSHADOW
280
0
  9
$SHADOWPLANELOCATION
 40
0.0
  0
ENDSEC
  0
SECTION
  2
CLASSES
  0
CLASS
  1
ACDBDICTIONARYWDFLT
  2
AcDbDictionaryWithDefault
  3
ObjectDBX Classes
 90
0
 91
0
280
0
281
0
  0
CLASS
  1
SUN
  2
AcDbSun
  3
SCENEOE
 90
1153
 91
0
280
0
281
0
  0
CLASS
  1
VISUALSTYLE
  2
AcDbVisualStyle
  3
ObjectDBX Classes
 90
4095
 91
0
280
0
281
0
  0
CLASS
  1
MATERIAL
  2
AcDbMaterial
  3
ObjectDBX Classes
 90
1153
 91
0
280
0
281
0
  0
CLASS
  1
SCALE
  2
AcDbScale
  3
ObjectDBX Classes
 90
1153
 91
0
280
0
281
0
  0
CLASS
  1
TABLESTYLE
  2
AcDbTableStyle
  3
ObjectDBX Classes
 90
4095
 91
0
280
0
281
0
  0
CLASS
  1
MLEADERSTYLE
  2
AcDbMLeaderStyle
  3
ACDB_MLEADERSTYLE_CLASS
 90
4095
 91
0
280
0
281
0
  0
CLASS
  1
DICTIONARYVAR
  2
AcDbDictionaryVar
  3
ObjectDBX Classes
 90
0
 91
0
280
0
281
0
  0
CLASS
  1
CELLSTYLEMAP
  2
AcDbCellStyleMap
  3
ObjectDBX Classes
 90
1152
 91
0
280
0
281
0
  0
CLASS
  1
MENTALRAYRENDERSETTINGS
  2
AcDbMentalRayRenderSettings
  3
SCENEOE
 90
1024
 91
0
280
0
281
0
  0
CLASS
  1
ACDBDETAILVIEWSTYLE
  2
AcDbDetailViewStyle
  3
ObjectDBX Classes
 90
1025
 91
0
280
0
281
0
  0
CLASS
  1
ACDBSECTIONVIEWSTYLE
  2
AcDbSectionViewStyle
  3
ObjectDBX Classes
 90
1025
 91
0
280
0
281
0
  0
CLASS
  1
RASTERVARIABLES
  2
AcDbRasterVariables
  3
ISM
 90
0
 91
0
280
0
281
0
  0
CLASS
  1
ACDBPLACEHOLDER
  2
AcDbPlaceHolder
  3
ObjectDBX Classes
 90
0
 91
0
280
0
281
0
  0
CLASS
  1
LAYOUT
  2
AcDbLayout
  3
ObjectDBX Classes
 90
0
 91
0
280
0
281
0
  0
ENDSEC
  0
SECTION
  2
TABLES
  0
TABLE
  2
VPORT
  5
8
330
0
100
AcDbSymbolTable
 70
1
  0
VPORT
  5
23
330
8
100
AcDbSymbolTableRecord
100
AcDbViewportTableRecord
  2
*Active
 70
0
 10
0.0
 20
0.0
 11
1.0
 21
1.0
 12
0.0
 22
0.0
 13
0.0
 23
0.0
 14
0.5
 24
0.5
 15
0.5
 25
0.5
 16
0.0
 26
0.0
 36
1.0
 17
0.0
 27
0.0
 37
0.0
 40
1000.0
 41
1.34
 42
50.0
 43
0.0
 44
0.0
 50
0.0
 51
0.0
 71
0
 72
1000
 73
1
 74
3
 75
0
 76
0
 77
0
 78
0
281
0
 65
0
146
0.0
  0
ENDTAB
  0
TABLE
  2
LTYPE
  5
2
330
0
100
AcDbSymbolTable
 70
21
  0
LTYPE
  5
24
330
2
100
AcDbSymbolTableRecord
100
AcDbLinetypeTableRecord
  2
ByBlock
 70
0
  3

 72
65
 73
0
 40
0.0
  0
LTYPE
  5
25
330
2
100
AcDbSymbolTableRecord
100
AcDbLinetypeTableRecord
  2
ByLayer
 70
0
  3

 72
65
 73
0
 40
0.0
  0
LTYPE
  5
26
330
2
100
AcDbSymbolTableRecord
100
AcDbLinetypeTableRecord
  2
Continuous
 70
0
  3

 72
65
 73
0
 40
0.0
  0
LTYPE
  5
2F
330
2
100
AcDbSymbolTableRecord
100
AcDbLinetypeTableRecord
  2
CENTER
 70
0
  3
Center ____ _ ____ _ ____ _ ____ _ ____ _ ____
 72
65
 73
4
 40
5.08
 49
3.175
 74
0
 49
-0.635
 74
0
 49
0.635
 74
0
 49
-0.635
 74
0
  0
LTYPE
  5
30
330
2
100
AcDbSymbolTableRecord
100
AcDbLinetypeTableRecord
  2
CENTERX2
 70
0
  3
Center (2x) ________  __  ________  __  ________
 72
65
 73
4
 40
8.89
 49
6.35
 74
0
 49
-0.635
 74
0
 49
1.27
 74
0
 49
-0.635
 74
0
  0
LTYPE
  5
31
330
2
100
AcDbSymbolTableRecord
100
AcDbLinetypeTableRecord
  2
CENTER2
 70
0
  3
Center (.5x) ____ _ ____ _ ____ _ ____ _ ____
 72
65
 73
4
 40
2.54
 49
1.587
 74
0
 49
-0.318
 74
0
 49
0.318
 74
0
 49
-0.318
 74
0
  0
LTYPE
  5
32
330
2
100
AcDbSymbolTableRecord
100
AcDbLinetypeTableRecord
  2
DASHED
 70
0
  3
Dashed __ __ __ __ __ __ __ __ __ __ __ __ __ _
 72
65
 73
2
 40
1.524
 49
1.27
 74
0
 49
-0.254
 74
0
  0
LTYPE
  5
33
330
2
100
AcDbSymbolTableRecord
100
AcDbLinetypeTableRecord
  2
DASHEDX2
 70
0
  3
Dashed (2x) ____  ____  ____  ____  ____  ____
 72
65
 73
2
 40
3.048
 49
2.54
 74
0
 49
-0.508
 74
0
  0
LTYPE
  5
34
330
2
100
AcDbSymbolTableRecord
100
AcDbLinetypeTableRecord
  2
DASHED2
 70
0
  3
Dashed (.5x) _ _ _ _ _ _ _ _ _ _ _ _ _ _
 72
65
 73
2
 40
0.762
 49
0.635
 74
0
 49
-0.127
 74
0
  0
LTYPE
  5
35
330
2
100
AcDbSymbolTableRecord
100
AcDbLinetypeTableRecord
  2
PHANTOM
 70
0
  3
Phantom ______  __  __  ______  __  __  ______
 72
65
 73
6
 40
6.35
 49
3.175
 74
0
 49
-0.635
 74
0
 49
0.635
 74
0
 49
-0.635
 74
0
 49
0.635
 74
0
 49
-0.635
 74
0
  0
LTYPE
  5
36
330
2
100
AcDbSymbolTableRecord
100
AcDbLinetypeTableRecord
  2
PHANTOMX2
 70
0
  3
Phantom (2x)____________    ____    ____    ____________
 72
65
 73
6
 40
10.795
 49
6.35
 74
0
 49
-0.635
 74
0
 49
1.27
 74
0
 49
-0.635
 74
0
 49
1.27
 74
0
 49
-0.635
 74
0
  0
LTYPE
  5
37
330
2
100
AcDbSymbolTableRecord
100
AcDbLinetypeTableRecord
  2
PHANTOM2
 70
0
  3
Phantom (.5x) ___ _ _ ___ _ _ ___ _ _ ___ _ _ ___
 72
65
 73
6
 40
3.175
 49
1.587
 74
0
 49
-0.318
 74
0
 49
0.318
 74
0
 49
-0.318
 74
0
 49
0.318
 74
0
 49
-0.318
 74
0
  0
LTYPE
  5
38
330
2
100
AcDbSymbolTableRecord
100
AcDbLinetypeTableRecord
  2
DASHDOT
 70
0
  3
Dash dot __ . __ . __ . __ . __ . __ . __ . __
 72
65
 73
4
 40
3.556
 49
2.54
 74
0
 49
-0.508
 74
0
 49
0.0
 74
0
 49
-0.508
 74
0
  0
LTYPE
  5
39
330
2
100
AcDbSymbolTableRecord
100
AcDbLinetypeTableRecord
  2
DASHDOTX2
 70
0
  3
Dash dot (2x) ____  .  ____  .  ____  .  ____
 72
65
 73
4
 40
6.096
 49
5.08
 74
0
 49
-0.508
 74
0
 49
0.0
 74
0
 49
-0.508
 74
0
  0
LTYPE
  5
3A
330
2
100
AcDbSymbolTableRecord
100
AcDbLinetypeTableRecord
  2
DASHDOT2
 70
0
  3
Dash dot (.5x) _ . _ . _ . _ . _ . _ . _ . _
 72
65
 73
4
 40
1.778
 49
1.27
 74
0
 49
-0.254
 74
0
 49
0.0
 74
0
 49
-0.254
 74
0
  0
LTYPE
  5
3B
330
2
100
AcDbSymbolTableRecord
100
AcDbLinetypeTableRecord
  2
DOT
 70
0
  3
Dot .  .  .  .  .  .  .  .  .  .  .  .  .  .  .  .
 72
65
 73
2
 40
0.508
 49
0.0
 74
0
 49
-0.508
 74
0
  0
LTYPE
  5
3C
330
2
100
AcDbSymbolTableRecord
100
AcDbLinetypeTableRecord
  2
DOTX2
 70
0
  3
Dot (2x) .    .    .    .    .    .    .    . 
 72
65
 73
2
 40
1.016
 49
0.0
 74
0
 49
-1.016
 74
0
  0
LTYPE
  5
3D
330
2
100
AcDbSymbolTableRecord
100
AcDbLinetypeTableRecord
  2
DOT2
 70
0
  3
Dot (.5) . . . . . . . . . . . . . . . . . . . 
 72
65
 73
2
 40
0.254
 49
0.0
 74
0
 49
-0.254
 74
0
  0
LTYPE
  5
3E
330
2
100
AcDbSymbolTableRecord
100
AcDbLinetypeTableRecord
  2
DIVIDE
 70
0
  3
Divide __ . . __ . . __ . . __ . . __ . . __
 72
65
 73
6
 40
4.064
 49
2.54
 74
0
 49
-0.508
 74
0
 49
0.0
 74
0
 49
-0.508
 74
0
 49
0.0
 74
0
 49
-0.508
 74
0
  0
LTYPE
  5
3F
330
2
100
AcDbSymbolTableRecord
100
AcDbLinetypeTableRecord
  2
DIVIDEX2
 70
0
  3
Divide (2x) ____  . .  ____  . .  ____  . .  ____
 72
65
 73
6
 40
6.604
 49
5.08
 74
0
 49
-0.508
 74
0
 49
0.0
 74
0
 49
-0.508
 74
0
 49
0.0
 74
0
 49
-0.508
 74
0
  0
LTYPE
  5
40
330
2
100
AcDbSymbolTableRecord
100
AcDbLinetypeTableRecord
  2
DIVIDE2
 70
0
  3
Divide(.5x) _ . _ . _ . _ . _ . _ . _ . _
 72
65
 73
6
 40
2.032
 49
1.27
 74
0
 49
-0.254
 74
0
 49
0.0
 74
0
 49
-0.254
 74
0
 49
0.0
 74
0
 49
-0.254
 74
0
  0
ENDTAB
  0
TABLE
  2
LAYER
  5
1
330
0
100
AcDbSymbolTable
 70
11
  0
LAYER
  5
27
330
1
100
AcDbSymbolTableRecord
100
AcDbLayerTableRecord
  2
0
 70
0
 62
7
  6
Continuous
370
-3
390
13
347
21
  0
LAYER
  5
28
330
1
100
AcDbSymbolTableRecord
100
AcDbLayerTableRecord
  2
Defpoints
 70
0
 62
7
  6
Continuous
290
0
370
-3
390
13
347
21
  0
LAYER
  5
8B
330
1
100
AcDbSymbolTableRecord
100
AcDbLayerTableRecord
  2
GC_DRAINAGE_TRAY
 70
0
 62
4
  6
Continuous
370
-3
390
13
347
21
  0
LAYER
  5
8C
330
1
100
AcDbSymbolTableRecord
100
AcDbLayerTableRecord
  2
GC_GAS_SYMBOL
 70
0
 62
2
  6
Continuous
370
-3
390
13
347
21
  0
LAYER
  5
8D
330
1
100
AcDbSymbolTableRecord
100
AcDbLayerTableRecord
  2
GC_HEAT_SYMBOL
 70
0
 62
30
  6
Continuous
370
-3
390
13
347
21
  0
LAYER
  5
8E
330
1
100
AcDbSymbolTableRecord
100
AcDbLayerTableRecord
  2
GC_SEWER_SYMBOL
 70
0
 62
6
  6
Continuous
370
-3
390
13
347
21
  0
LAYER
  5
8F
330
1
100
AcDbSymbolTableRecord
100
AcDbLayerTableRecord
  2
GC_SIDEWALK
 70
0
 62
9
  6
Continuous
370
-3
390
13
347
21
  0
LAYER
  5
90
330
1
100
AcDbSymbolTableRecord
100
AcDbLayerTableRecord
  2
GC_SIDEWALK_EDGE
 70
0
 62
9
  6
Continuous
370
-3
390
13
347
21
  0
LAYER
  5
91
330
1
100
AcDbSymbolTableRecord
100
AcDbLayerTableRecord
  2
GC_SITE_BOUNDARY
 70
0
 62
7
  6
Continuous
370
-3
390
13
347
21
  0
LAYER
  5
92
330
1
100
AcDbSymbolTableRecord
100
AcDbLayerTableRecord
  2
GC_TEST_GREEN_ZONE
 70
0
 62
3
  6
Continuous
370
-3
390
13
347
21
  0
LAYER
  5
93
330
1
100
AcDbSymbolTableRecord
100
AcDbLayerTableRecord
  2
GC_WATER_SYMBOL
 70
0
 62
5
  6
Continuous
370
-3
390
13
347
21
  0
ENDTAB
  0
TABLE
  2
STYLE
  5
5
330
0
100
AcDbSymbolTable
 70
26
  0
STYLE
  5
29
330
5
100
AcDbSymbolTableRecord
100
AcDbTextStyleTableRecord
  2
Standard
 70
0
 40
0.0
 41
1.0
 50
0.0
 71
0
 42
2.5
  3
txt
  4

  0
STYLE
  5
41
330
5
100
AcDbSymbolTableRecord
100
AcDbTextStyleTableRecord
  2
OpenSans-Light
 70
0
 40
0.0
 41
1.0
 50
0.0
 71
0
 42
2.5
  3
OpenSans-Light.ttf
  4

  0
STYLE
  5
42
330
5
100
AcDbSymbolTableRecord
100
AcDbTextStyleTableRecord
  2
OpenSans-Light-Italic
 70
0
 40
0.0
 41
1.0
 50
0.0
 71
0
 42
2.5
  3
OpenSans-LightItalic.ttf
  4

  0
STYLE
  5
43
330
5
100
AcDbSymbolTableRecord
100
AcDbTextStyleTableRecord
  2
OpenSans
 70
0
 40
0.0
 41
1.0
 50
0.0
 71
0
 42
2.5
  3
OpenSans-Regular.ttf
  4

  0
STYLE
  5
44
330
5
100
AcDbSymbolTableRecord
100
AcDbTextStyleTableRecord
  2
OpenSans-Italic
 70
0
 40
0.0
 41
1.0
 50
0.0
 71
0
 42
2.5
  3
OpenSans-Italic.ttf
  4

  0
STYLE
  5
45
330
5
100
AcDbSymbolTableRecord
100
AcDbTextStyleTableRecord
  2
OpenSans-SemiBold
 70
0
 40
0.0
 41
1.0
 50
0.0
 71
0
 42
2.5
  3
OpenSans-SemiBold.ttf
  4

  0
STYLE
  5
46
330
5
100
AcDbSymbolTableRecord
100
AcDbTextStyleTableRecord
  2
OpenSans-SemiBoldItalic
 70
0
 40
0.0
 41
1.0
 50
0.0
 71
0
 42
2.5
  3
OpenSans-SemiBoldItalic.ttf
  4

  0
STYLE
  5
47
330
5
100
AcDbSymbolTableRecord
100
AcDbTextStyleTableRecord
  2
OpenSans-Bold
 70
0
 40
0.0
 41
1.0
 50
0.0
 71
0
 42
2.5
  3
OpenSans-Bold.ttf
  4

  0
STYLE
  5
48
330
5
100
AcDbSymbolTableRecord
100
AcDbTextStyleTableRecord
  2
OpenSans-BoldItalic
 70
0
 40
0.0
 41
1.0
 50
0.0
 71
0
 42
2.5
  3
OpenSans-BoldItalic.ttf
  4

  0
STYLE
  5
49
330
5
100
AcDbSymbolTableRecord
100
AcDbTextStyleTableRecord
  2
OpenSans-ExtraBold
 70
0
 40
0.0
 41
1.0
 50
0.0
 71
0
 42
2.5
  3
OpenSans-ExtraBold.ttf
  4

  0
STYLE
  5
4A
330
5
100
AcDbSymbolTableRecord
100
AcDbTextStyleTableRecord
  2
OpenSans-ExtraBoldItalic
 70
0
 40
0.0
 41
1.0
 50
0.0
 71
0
 42
2.5
  3
OpenSans-ExtraBoldItalic.ttf
  4

  0
STYLE
  5
4B
330
5
100
AcDbSymbolTableRecord
100
AcDbTextStyleTableRecord
  2
OpenSansCondensed-Bold
 70
0
 40
0.0
 41
1.0
 50
0.0
 71
0
 42
2.5
  3
OpenSansCondensed-Bold.ttf
  4

  0
STYLE
  5
4C
330
5
100
AcDbSymbolTableRecord
100
AcDbTextStyleTableRecord
  2
OpenSansCondensed-Light
 70
0
 40
0.0
 41
1.0
 50
0.0
 71
0
 42
2.5
  3
OpenSansCondensed-Light.ttf
  4

  0
STYLE
  5
4D
330
5
100
AcDbSymbolTableRecord
100
AcDbTextStyleTableRecord
  2
OpenSansCondensed-Italic
 70
0
 40
0.0
 41
1.0
 50
0.0
 71
0
 42
2.5
  3
OpenSansCondensed-LightItalic.ttf
  4

  0
STYLE
  5
4E
330
5
100
AcDbSymbolTableRecord
100
AcDbTextStyleTableRecord
  2
LiberationSans
 70
0
 40
0.0
 41
1.0
 50
0.0
 71
0
 42
2.5
  3
LiberationSans-Regular.ttf
  4

  0
STYLE
  5
4F
330
5
100
AcDbSymbolTableRecord
100
AcDbTextStyleTableRecord
  2
LiberationSans-Bold
 70
0
 40
0.0
 41
1.0
 50
0.0
 71
0
 42
2.5
  3
LiberationSans-Bold.ttf
  4

  0
STYLE
  5
50
330
5
100
AcDbSymbolTableRecord
100
AcDbTextStyleTableRecord
  2
LiberationSans-BoldItalic
 70
0
 40
0.0
 41
1.0
 50
0.0
 71
0
 42
2.5
  3
LiberationSans-BoldItalic.ttf
  4

  0
STYLE
  5
51
330
5
100
AcDbSymbolTableRecord
100
AcDbTextStyleTableRecord
  2
LiberationSans-Italic
 70
0
 40
0.0
 41
1.0
 50
0.0
 71
0
 42
2.5
  3
LiberationSans-Italic.ttf
  4

  0
STYLE
  5
52
330
5
100
AcDbSymbolTableRecord
100
AcDbTextStyleTableRecord
  2
LiberationSerif
 70
0
 40
0.0
 41
1.0
 50
0.0
 71
0
 42
2.5
  3
LiberationSerif-Regular.ttf
  4

  0
STYLE
  5
53
330
5
100
AcDbSymbolTableRecord
100
AcDbTextStyleTableRecord
  2
LiberationSerif-Bold
 70
0
 40
0.0
 41
1.0
 50
0.0
 71
0
 42
2.5
  3
LiberationSerif-Bold.ttf
  4

  0
STYLE
  5
54
330
5
100
AcDbSymbolTableRecord
100
AcDbTextStyleTableRecord
  2
LiberationSerif-BoldItalic
 70
0
 40
0.0
 41
1.0
 50
0.0
 71
0
 42
2.5
  3
LiberationSerif-BoldItalic.ttf
  4

  0
STYLE
  5
55
330
5
100
AcDbSymbolTableRecord
100
AcDbTextStyleTableRecord
  2
LiberationSerif-Italic
 70
0
 40
0.0
 41
1.0
 50
0.0
 71
0
 42
2.5
  3
LiberationSerif-Italic.ttf
  4

  0
STYLE
  5
56
330
5
100
AcDbSymbolTableRecord
100
AcDbTextStyleTableRecord
  2
LiberationMono
 70
0
 40
0.0
 41
1.0
 50
0.0
 71
0
 42
2.5
  3
LiberationMono-Regular.ttf
  4

  0
STYLE
  5
57
330
5
100
AcDbSymbolTableRecord
100
AcDbTextStyleTableRecord
  2
LiberationMono-Bold
 70
0
 40
0.0
 41
1.0
 50
0.0
 71
0
 42
2.5
  3
LiberationMono-Bold.ttf
  4

  0
STYLE
  5
58
330
5
100
AcDbSymbolTableRecord
100
AcDbTextStyleTableRecord
  2
LiberationMono-BoldItalic
 70
0
 40
0.0
 41
1.0
 50
0.0
 71
0
 42
2.5
  3
LiberationMono-BoldItalic.ttf
  4

  0
STYLE
  5
59
330
5
100
AcDbSymbolTableRecord
100
AcDbTextStyleTableRecord
  2
LiberationMono-Italic
 70
0
 40
0.0
 41
1.0
 50
0.0
 71
0
 42
2.5
  3
LiberationMono-Italic.ttf
  4

  0
ENDTAB
  0
TABLE
  2
VIEW
  5
7
330
0
100
AcDbSymbolTable
 70
0
  0
ENDTAB
  0
TABLE
  2
UCS
  5
6
330
0
100
AcDbSymbolTable
 70
0
  0
ENDTAB
  0
TABLE
  2
APPID
  5
3
330
0
100
AcDbSymbolTable
 70
4
  0
APPID
  5
2A
330
3
100
AcDbSymbolTableRecord
100
AcDbRegAppTableRecord
  2
ACAD
 70
0
  0
APPID
  5
8A
330
3
100
AcDbSymbolTableRecord
100
AcDbRegAppTableRecord
  2
GREENCAD_EDIT_V1
 70
0
  0
APPID
  5
294
330
3
100
AcDbSymbolTableRecord
100
AcDbRegAppTableRecord
  2
HATCHBACKGROUNDCOLOR
 70
0
  0
APPID
  5
295
330
3
100
AcDbSymbolTableRecord
100
AcDbRegAppTableRecord
  2
EZDXF
 70
0
  0
ENDTAB
  0
TABLE
  2
DIMSTYLE
  5
4
330
0
100
AcDbSymbolTable
 70
12
100
AcDbDimStyleTable
  0
DIMSTYLE
105
2B
330
4
100
AcDbSymbolTableRecord
100
AcDbDimStyleTableRecord
  2
Standard
 70
0
 40
1.0
 41
2.5
 42
0.625
 43
3.75
 44
1.25
 45
0.0
 46
0.0
 47
0.0
 48
0.0
 49
2.5
140
2.5
141
2.5
142
0.0
143
0.03937007874
144
1.0
145
0.0
146
1.0
147
0.625
148
0.0
 69
0
 70
0
 71
0
 72
0
 73
0
 74
0
 75
0
 76
0
 77
1
 78
8
 79
3
170
0
171
3
172
1
173
0
174
0
175
0
176
0
177
0
178
0
179
2
271
2
272
2
273
2
274
3
275
0
276
0
277
2
278
44
279
0
280
0
281
0
282
0
283
0
284
8
285
0
286
0
288
0
289
3
290
0
371
-2
372
-2
  0
DIMSTYLE
105
73
330
4
100
AcDbSymbolTableRecord
100
AcDbDimStyleTableRecord
  2
EZDXF
 70
0
 40
1.0
 41
0.175
 42
0.125
 43
3.75
 44
0.375
 45
0.0
 46
0.0
 47
0.0
 48
0.0
 49
2.5
140
0.25
141
2.5
142
0.0
143
0.03937007874
144
100.0
145
0.0
146
0.5
147
0.1
148
0.0
 69
0
 70
0
 71
0
 72
0
 73
0
 74
0
 75
0
 76
0
 77
1
 78
12
 79
3
170
0
171
3
172
1
173
0
174
0
175
0
176
0
177
0
178
0
179
2
271
2
272
2
273
2
274
3
275
0
276
0
277
2
278
46
279
2
280
0
281
0
282
0
283
0
284
8
285
0
286
0
288
1
289
3
290
0
340
4C
342
74
371
-2
372
-2
  0
DIMSTYLE
105
7C
330
4
100
AcDbSymbolTableRecord
100
AcDbDimStyleTableRecord
  2
EZ_M_100_H25_CM
 70
0
 40
1.0
 41
0.25
 42
0.125
 43
3.75
 44
0.375
 45
0.0
 46
0.0
 47
0.0
 48
0.0
 49
2.5
140
0.25
141
2.5
142
0.125
143
0.03937007874
144
100.0
145
0.0
146
0.5
147
0.1
148
0.0
 69
0
 70
0
 71
0
 72
0
 73
0
 74
0
 75
0
 76
0
 77
1
 78
12
 79
3
170
0
171
3
172
1
173
0
174
0
175
0
176
0
177
0
178
0
179
2
271
2
272
2
273
2
274
3
275
0
276
0
277
2
278
46
279
2
280
0
281
0
282
0
283
0
284
8
285
0
286
0
288
1
289
3
290
0
340
4C
371
-2
372
-2
  0
DIMSTYLE
105
7D
330
4
100
AcDbSymbolTableRecord
100
AcDbDimStyleTableRecord
  2
EZ_M_50_H25_CM
 70
0
 40
1.0
 41
0.125
 42
0.0625
 43
3.75
 44
0.1875
 45
0.0
 46
0.0
 47
0.0
 48
0.0
 49
2.5
140
0.125
141
2.5
142
0.0625
143
0.03937007874
144
100.0
145
0.0
146
0.5
147
0.05
148
0.0
 69
0
 70
0
 71
0
 72
0
 73
0
 74
0
 75
0
 76
0
 77
1
 78
12
 79
3
170
0
171
3
172
1
173
0
174
0
175
0
176
0
177
0
178
0
179
2
271
2
272
2
273
2
274
3
275
0
276
0
277
2
278
46
279
2
280
0
281
0
282
0
283
0
284
8
285
0
286
0
288
1
289
3
290
0
340
4C
371
-2
372
-2
  0
DIMSTYLE
105
7E
330
4
100
AcDbSymbolTableRecord
100
AcDbDimStyleTableRecord
  2
EZ_M_25_H25_CM
 70
0
 40
1.0
 41
0.0625
 42
0.03125
 43
3.75
 44
0.09375
 45
0.0
 46
0.0
 47
0.0
 48
0.0
 49
2.5
140
0.0625
141
2.5
142
0.03125
143
0.03937007874
144
100.0
145
0.0
146
0.5
147
0.025
148
0.0
 69
0
 70
0
 71
0
 72
0
 73
0
 74
0
 75
0
 76
0
 77
1
 78
12
 79
3
170
0
171
3
172
1
173
0
174
0
175
0
176
0
177
0
178
0
179
2
271
2
272
2
273
2
274
3
275
0
276
0
277
2
278
46
279
2
280
0
281
0
282
0
283
0
284
8
285
0
286
0
288
1
289
3
290
0
340
4C
371
-2
372
-2
  0
DIMSTYLE
105
7F
330
4
100
AcDbSymbolTableRecord
100
AcDbDimStyleTableRecord
  2
EZ_M_20_H25_CM
 70
0
 40
1.0
 41
0.05
 42
0.025
 43
3.75
 44
0.07500000000000001
 45
0.0
 46
0.0
 47
0.0
 48
0.0
 49
2.5
140
0.05
141
2.5
142
0.025
143
0.03937007874
144
100.0
145
0.0
146
0.5
147
0.020000000000000004
148
0.0
 69
0
 70
0
 71
0
 72
0
 73
0
 74
0
 75
0
 76
0
 77
1
 78
12
 79
3
170
0
171
3
172
1
173
0
174
0
175
0
176
0
177
0
178
0
179
2
271
2
272
2
273
2
274
3
275
0
276
0
277
2
278
46
279
2
280
0
281
0
282
0
283
0
284
8
285
0
286
0
288
1
289
3
290
0
340
4C
371
-2
372
-2
  0
DIMSTYLE
105
80
330
4
100
AcDbSymbolTableRecord
100
AcDbDimStyleTableRecord
  2
EZ_M_10_H25_CM
 70
0
 40
1.0
 41
0.025
 42
0.0125
 43
3.75
 44
0.037500000000000006
 45
0.0
 46
0.0
 47
0.0
 48
0.0
 49
2.5
140
0.025
141
2.5
142
0.0125
143
0.03937007874
144
100.0
145
0.0
146
0.5
147
0.010000000000000002
148
0.0
 69
0
 70
0
 71
0
 72
0
 73
0
 74
0
 75
0
 76
0
 77
1
 78
12
 79
3
170
0
171
3
172
1
173
0
174
0
175
0
176
0
177
0
178
0
179
2
271
2
272
2
273
2
274
3
275
0
276
0
277
2
278
46
279
2
280
0
281
0
282
0
283
0
284
8
285
0
286
0
288
1
289
3
290
0
340
4C
371
-2
372
-2
  0
DIMSTYLE
105
81
330
4
100
AcDbSymbolTableRecord
100
AcDbDimStyleTableRecord
  2
EZ_M_5_H25_CM
 70
0
 40
1.0
 41
0.0125
 42
0.00625
 43
3.75
 44
0.018750000000000003
 45
0.0
 46
0.0
 47
0.0
 48
0.0
 49
2.5
140
0.0125
141
2.5
142
0.00625
143
0.03937007874
144
100.0
145
0.0
146
0.5
147
0.005000000000000001
148
0.0
 69
0
 70
0
 71
0
 72
0
 73
0
 74
0
 75
0
 76
0
 77
1
 78
12
 79
3
170
0
171
3
172
1
173
0
174
0
175
0
176
0
177
0
178
0
179
2
271
2
272
2
273
2
274
3
275
0
276
0
277
2
278
46
279
2
280
0
281
0
282
0
283
0
284
8
285
0
286
0
288
1
289
3
290
0
340
4C
371
-2
372
-2
  0
DIMSTYLE
105
82
330
4
100
AcDbSymbolTableRecord
100
AcDbDimStyleTableRecord
  2
EZ_M_1_H25_CM
 70
0
 40
1.0
 41
0.0025
 42
0.00125
 43
3.75
 44
0.00375
 45
0.0
 46
0.0
 47
0.0
 48
0.0
 49
2.5
140
0.0025
141
2.5
142
0.00125
143
0.03937007874
144
100.0
145
0.0
146
0.5
147
0.001
148
0.0
 69
0
 70
0
 71
0
 72
0
 73
0
 74
0
 75
0
 76
0
 77
1
 78
12
 79
3
170
0
171
3
172
1
173
0
174
0
175
0
176
0
177
0
178
0
179
2
271
2
272
2
273
2
274
3
275
0
276
0
277
2
278
46
279
2
280
0
281
0
282
0
283
0
284
8
285
0
286
0
288
1
289
3
290
0
340
4C
371
-2
372
-2
  0
DIMSTYLE
105
83
330
4
100
AcDbSymbolTableRecord
100
AcDbDimStyleTableRecord
  2
EZ_RADIUS
 70
0
 40
1.0
 41
0.25
 42
0.125
 43
3.75
 44
0.375
 45
0.0
 46
0.0
 47
0.0
 48
0.0
 49
2.5
140
0.25
141
0.0
142
0.0
143
0.03937007874
144
100.0
145
0.0
146
0.5
147
0.1
148
0.0
 69
0
 70
0
 71
0
 72
0
 73
0
 74
0
 75
0
 76
0
 77
1
 78
12
 79
3
170
0
171
3
172
0
173
0
174
0
175
0
176
0
177
0
178
0
179
2
271
2
272
2
273
2
274
3
275
0
276
0
277
2
278
46
279
1
280
0
281
0
282
0
283
0
284
8
285
0
286
0
288
1
289
3
290
0
340
4C
342
84
371
-2
372
-2
  0
DIMSTYLE
105
88
330
4
100
AcDbSymbolTableRecord
100
AcDbDimStyleTableRecord
  2
EZ_RADIUS_INSIDE
 70
0
 40
1.0
 41
0.25
 42
0.125
 43
3.75
 44
0.375
 45
0.0
 46
0.0
 47
0.0
 48
0.0
 49
2.5
140
0.25
141
0.0
142
0.0
143
0.03937007874
144
100.0
145
0.0
146
0.5
147
0.1
148
0.0
 69
0
 70
0
 71
0
 72
0
 73
0
 74
0
 75
0
 76
0
 77
0
 78
12
 79
3
170
0
171
3
172
0
173
0
174
1
175
0
176
0
177
0
178
0
179
2
271
2
272
2
273
2
274
3
275
0
276
0
277
2
278
46
279
0
280
0
281
0
282
0
283
0
284
8
285
0
286
0
288
1
289
0
290
0
340
4C
342
84
371
-2
372
-2
  0
DIMSTYLE
105
89
330
4
100
AcDbSymbolTableRecord
100
AcDbDimStyleTableRecord
  2
EZ_CURVED
 70
0
 40
1.0
 41
0.25
 42
0.125
 43
3.75
 44
0.375
 45
0.0
 46
0.0
 47
0.0
 48
0.0
 49
2.5
140
0.25
141
2.5
142
0.0
143
0.03937007874
144
100.0
145
0.0
146
0.5
147
0.1
148
0.0
 69
0
 70
0
 71
0
 72
0
 73
0
 74
0
 75
0
 76
0
 77
1
 78
12
 79
2
 90
2
170
0
171
3
172
1
173
0
174
0
175
0
176
0
177
0
178
0
179
2
271
2
272
2
273
2
274
3
275
0
276
0
277
2
278
46
279
2
280
0
281
0
282
0
283
0
284
8
285
0
286
0
288
1
289
3
290
0
340
4C
371
-2
372
-2
  0
ENDTAB
  0
TABLE
  2
BLOCK_RECORD
  5
9
330
0
100
AcDbSymbolTable
 70
5
  0
BLOCK_RECORD
  5
17
330
9
100
AcDbSymbolTableRecord
100
AcDbBlockTableRecord
  2
*Model_Space
340
1A
 70
0
280
1
281
0
  0
BLOCK_RECORD
  5
1B
330
9
100
AcDbSymbolTableRecord
100
AcDbBlockTableRecord
  2
*Paper_Space
340
1E
 70
0
280
1
281
0
  0
BLOCK_RECORD
  5
74
330
9
100
AcDbSymbolTableRecord
100
AcDbBlockTableRecord
  2
_ARCHTICK
340
0
 70
0
280
1
281
0
  0
BLOCK_RECORD
  5
78
330
9
100
AcDbSymbolTableRecord
100
AcDbBlockTableRecord
  2
_CLOSEDFILLED
340
0
 70
0
280
1
281
0
  0
BLOCK_RECORD
  5
84
330
9
100
AcDbSymbolTableRecord
100
AcDbBlockTableRecord
  2
_CLOSEDBLANK
340
0
 70
0
280
1
281
0
  0
ENDTAB
  0
ENDSEC
  0
SECTION
  2
BLOCKS
  0
BLOCK
  5
18
330
17
100
AcDbEntity
  8
0
100
AcDbBlockBegin
  2
*Model_Space
 70
0
 10
0.0
 20
0.0
 30
0.0
  3
*Model_Space
  1

  0
ENDBLK
  5
19
330
17
100
AcDbEntity
  8
0
100
AcDbBlockEnd
  0
BLOCK
  5
1C
330
1B
100
AcDbEntity
  8
0
100
AcDbBlockBegin
  2
*Paper_Space
 70
0
 10
0.0
 20
0.0
 30
0.0
  3
*Paper_Space
  1

  0
ENDBLK
  5
1D
330
1B
100
AcDbEntity
  8
0
100
AcDbBlockEnd
  0
BLOCK
  5
75
330
74
100
AcDbEntity
  8
0
100
AcDbBlockBegin
  2
_ARCHTICK
 70
0
 10
0.0
 20
0.0
 30
0.0
  3
_ARCHTICK
  1

  0
LWPOLYLINE
  5
77
330
74
100
AcDbEntity
  8
0
  6
BYBLOCK
 62
0
100
AcDbPolyline
 90
2
 70
0
 43
0.15
 10
-0.5
 20
-0.5
 10
0.5
 20
0.5
  0
ENDBLK
  5
76
330
74
100
AcDbEntity
  8
0
100
AcDbBlockEnd
  0
BLOCK
  5
79
330
78
100
AcDbEntity
  8
0
100
AcDbBlockBegin
  2
_CLOSEDFILLED
 70
0
 10
0.0
 20
0.0
 30
0.0
  3
_CLOSEDFILLED
  1

  0
SOLID
  5
7B
330
78
100
AcDbEntity
  8
0
  6
BYBLOCK
 62
0
100
AcDbTrace
 10
-1.0
 20
0.16439898372402537
 30
0.0
 11
0.0
 21
0.0
 31
0.0
 12
-1.0
 22
-0.16439898372402537
 32
0.0
 13
-1.0
 23
-0.16439898372402537
 33
0.0
  0
ENDBLK
  5
7A
330
78
100
AcDbEntity
  8
0
100
AcDbBlockEnd
  0
BLOCK
  5
85
330
84
100
AcDbEntity
  8
0
100
AcDbBlockBegin
  2
_CLOSEDBLANK
 70
0
 10
0.0
 20
0.0
 30
0.0
  3
_CLOSEDBLANK
  1

  0
LWPOLYLINE
  5
87
330
84
100
AcDbEntity
  8
0
  6
BYBLOCK
 62
0
100
AcDbPolyline
 90
3
 70
1
 10
-1.0
 20
0.16439898372402537
 10
0.0
 20
0.0
 10
-1.0
 20
-0.16439898372402537
  0
ENDBLK
  5
86
330
84
100
AcDbEntity
  8
0
100
AcDbBlockEnd
  0
ENDSEC
  0
SECTION
  2
ENTITIES
  0
LWPOLYLINE
  5
94
330
17
100
AcDbEntity
  8
GC_SITE_BOUNDARY
100
AcDbPolyline
 90
74
 70
1
 10
4270.921586484866
 20
-10309.39184452825
 10
4245.718610999999
 20
-10373.057651
 10
4237.039999999999
 20
-10405.36
 10
4207.654250304017
 20
-10475.69501657309
 10
4186.215538459999
 20
-10466.73798989211
 10
4166.776750357219
 20
-10514.21546637418
 10
4190.685959
 20
-10524.080209
 10
4167.361542
 20
-10580.622646
 10
4111.497305030269
 20
-10559.38769118131
 10
4076.863166773222
 20
-10637.05618057863
 10
4128.629846658137
 20
-10658.21836378941
 10
4104.771489151834
 20
-10720.71982342818
 10
4046.556981840458
 20
-10696.27340481642
 10
4038.456071091216
 20
-10716.04171049331
 10
4095.073036479243
 20
-10739.27628554813
 10
4069.887624409175
 20
-10800.36122792868
 10
4013.978254358023
 20
-10777.88524282361
 10
4008.390095891071
 20
-10791.59771558781
 10
4067.883820820917
 20
-10814.69708896706
 10
4045.511121179083
 20
-10864.89225303294
 10
4050.734268462751
 20
-10853.58171053987
 10
4032.285366716038
 20
-10897.64219339387
 10
4023.100406865783
 20
-10881.79564163898
 10
3939.0
 20
-11082.768
 10
3923.513358
 20
-11107.14988
 10
3910.23162
 20
-11139.312128
 10
3893.895
 20
-11191.058
 10
3824.127226769106
 20
-11283.06817146318
 10
3801.598611884553
 20
-11317.68889047154
 10
3779.069997
 20
-11362.591977
 10
3791.849251
 20
-11367.154986
 10
3782.621183355162
 20
-11390.463765
 10
3778.073694674764
 20
-11400.9632348076
 10
3813.094246726454
 20
-11410.4573738076
 10
3858.458304406852
 20
-11312.849414
 10
3886.037781
 20
-11283.552056
 10
3893.387044
 20
-11266.25417
 10
3949.344668
 20
-11250.702573
 10
3962.716770299315
 20
-11222.07474869468
 10
3952.09844
 20
-11187.865306
 10
3978.906161337909
 20
-11124.79454437011
 10
4043.892055601262
 20
-11151.82138449176
 10
4055.36
 20
-11123.84
 10
4003.095739628915
 20
-11103.5253784715
 10
4019.860931882644
 20
-11055.96795270024
 10
4123.662694453834
 20
-11097.06508601863
 10
4120.476074332266
 20
-11109.3058076248
 10
4179.734705335288
 20
-11133.91248860123
 10
4190.734074147231
 20
-11108.29409596541
 10
4018.579141765787
 20
-11037.63672804705
 10
4100.783128841503
 20
-10840.91852157249
 10
4117.434713170865
 20
-10847.37895811298
 10
4133.930580186875
 20
-10813.26477249785
 10
4212.841275139524
 20
-10840.61943740874
 10
4219.765345107235
 20
-10822.32852220359
 10
4125.688611
 20
-10790.729237
 10
4160.548281309305
 20
-10699.77475520427
 10
4147.881353213385
 20
-10694.51414114909
 10
4168.650314476744
 20
-10644.30611371632
 10
4181.619432018027
 20
-10648.46606218076
 10
4215.371592083131
 20
-10571.89702005752
 10
4260.646
 20
-10592.722
 10
4265.66
 20
-10580.118
 10
4214.792484208636
 20
-10557.16222784594
 10
4280.473412089392
 20
-10408.49099416788
 10
4303.026
 20
-10432.2025
 10
4309.982275616109
 20
-10420.71545897401
 10
4291.926374109112
 20
-10403.96530954755
 10
4313.546275000001
 20
-10358.6193965
 10
4340.513608378569
 20
-10370.668903497
 10
4347.411638098461
 20
-10357.29743716332
 10
4313.270453844335
 20
-10343.00268408831
 10
4315.04274
 20
-10328.172206
 10
4270.921586484866
 20
-10309.39184452825
1001
GREENCAD_EDIT_V1
1000
{"geometry_role":"BOUNDARY","id":"kul-site:000001:3664b2fa0eee","properties":{"authoritative_green_zone":false,"missing_external_references":["\u0410\u0421\u0423_\u041e\u0414\u0421_\u041a\u0443\u043b\
1000
u0438\u043a\u043e\u0432\u0441\u043a\u0430\u044f","\u04407989_\u041a\u0443\u043b\u0438\u043a\u043e\u0432\u0441\u043a\u0430\u044f \u0443\u043b._\u043f\u0440\u043e\u0435\u043a\u0442"],"normative":false,"
1000
professional_confirmation":false,"semantic_authority":"project layer-name evidence for diagnostic testing only","semantic_basis":"explicit project layer name: work boundary","source_currentness_confir
1000
med":false,"source_entity_type":"LWPOLYLINE","source_file":"cad_candidate.flattened.r2010.dxf","source_layer":"!!!\u0414\u0412_\u0413\u041f_\u041f_\u0413\u0440\u0430\u043d\u0438\u0446\u0430 \u0440\u04
1000
30\u0431\u043e\u0442 \u043f\u043e \u043e\u0431\u0445\u043e\u0434\u0443","source_project_id":"898ea8e86f4d","source_status":"partial prepared CAD: 45 of 47 external references embedded","street":"\u041
1000
a\u0443\u043b\u0438\u043a\u043e\u0432\u0441\u043a\u0430\u044f \u0443\u043b\u0438\u0446\u0430, \u041c\u043e\u0441\u043a\u0432\u0430","suggestion_confidence":"high"},"role":"asset","schema_version":1,"t
1000
ype_id":"context.project_domain"}
  0
LWPOLYLINE
  5
95
330
17
100
AcDbEntity
  8
GC_TEST_GREEN_ZONE
100
AcDbPolyline
 90
74
 70
1
 10
4270.921586484866
 20
-10309.39184452825
 10
4245.718610999999
 20
-10373.057651
 10
4237.039999999999
 20
-10405.36
 10
4207.654250304017
 20
-10475.69501657309
 10
4186.215538459999
 20
-10466.73798989211
 10
4166.776750357219
 20
-10514.21546637418
 10
4190.685959
 20
-10524.080209
 10
4167.361542
 20
-10580.622646
 10
4111.497305030269
 20
-10559.38769118131
 10
4076.863166773222
 20
-10637.05618057863
 10
4128.629846658137
 20
-10658.21836378941
 10
4104.771489151834
 20
-10720.71982342818
 10
4046.556981840458
 20
-10696.27340481642
 10
4038.456071091216
 20
-10716.04171049331
 10
4095.073036479243
 20
-10739.27628554813
 10
4069.887624409175
 20
-10800.36122792868
 10
4013.978254358023
 20
-10777.88524282361
 10
4008.390095891071
 20
-10791.59771558781
 10
4067.883820820917
 20
-10814.69708896706
 10
4045.511121179083
 20
-10864.89225303294
 10
4050.734268462751
 20
-10853.58171053987
 10
4032.285366716038
 20
-10897.64219339387
 10
4023.100406865783
 20
-10881.79564163898
 10
3939.0
 20
-11082.768
 10
3923.513358
 20
-11107.14988
 10
3910.23162
 20
-11139.312128
 10
3893.895
 20
-11191.058
 10
3824.127226769106
 20
-11283.06817146318
 10
3801.598611884553
 20
-11317.68889047154
 10
3779.069997
 20
-11362.591977
 10
3791.849251
 20
-11367.154986
 10
3782.621183355162
 20
-11390.463765
 10
3778.073694674764
 20
-11400.9632348076
 10
3813.094246726454
 20
-11410.4573738076
 10
3858.458304406852
 20
-11312.849414
 10
3886.037781
 20
-11283.552056
 10
3893.387044
 20
-11266.25417
 10
3949.344668
 20
-11250.702573
 10
3962.716770299315
 20
-11222.07474869468
 10
3952.09844
 20
-11187.865306
 10
3978.906161337909
 20
-11124.79454437011
 10
4043.892055601262
 20
-11151.82138449176
 10
4055.36
 20
-11123.84
 10
4003.095739628915
 20
-11103.5253784715
 10
4019.860931882644
 20
-11055.96795270024
 10
4123.662694453834
 20
-11097.06508601863
 10
4120.476074332266
 20
-11109.3058076248
 10
4179.734705335288
 20
-11133.91248860123
 10
4190.734074147231
 20
-11108.29409596541
 10
4018.579141765787
 20
-11037.63672804705
 10
4100.783128841503
 20
-10840.91852157249
 10
4117.434713170865
 20
-10847.37895811298
 10
4133.930580186875
 20
-10813.26477249785
 10
4212.841275139524
 20
-10840.61943740874
 10
4219.765345107235
 20
-10822.32852220359
 10
4125.688611
 20
-10790.729237
 10
4160.548281309305
 20
-10699.77475520427
 10
4147.881353213385
 20
-10694.51414114909
 10
4168.650314476744
 20
-10644.30611371632
 10
4181.619432018027
 20
-10648.46606218076
 10
4215.371592083131
 20
-10571.89702005752
 10
4260.646
 20
-10592.722
 10
4265.66
 20
-10580.118
 10
4214.792484208636
 20
-10557.16222784594
 10
4280.473412089392
 20
-10408.49099416788
 10
4303.026
 20
-10432.2025
 10
4309.982275616109
 20
-10420.71545897401
 10
4291.926374109112
 20
-10403.96530954755
 10
4313.546275000001
 20
-10358.6193965
 10
4340.513608378569
 20
-10370.668903497
 10
4347.411638098461
 20
-10357.29743716332
 10
4313.270453844335
 20
-10343.00268408831
 10
4315.04274
 20
-10328.172206
 10
4270.921586484866
 20
-10309.39184452825
1001
GREENCAD_EDIT_V1
1000
{"geometry_role":"AREA","id":"kul-test-green:000002:3664b2fa0eee","properties":{"authoritative_green_zone":false,"derivation":"exact duplicate of work boundary for GreenCAD interaction test","missing_
1000
external_references":["\u0410\u0421\u0423_\u041e\u0414\u0421_\u041a\u0443\u043b\u0438\u043a\u043e\u0432\u0441\u043a\u0430\u044f","\u04407989_\u041a\u0443\u043b\u0438\u043a\u043e\u0432\u0441\u043a\u043
1000
0\u044f \u0443\u043b._\u043f\u0440\u043e\u0435\u043a\u0442"],"normative":false,"professional_confirmation":false,"semantic_authority":"project layer-name evidence for diagnostic testing only","semanti
1000
c_basis":"explicit project layer name: work boundary","source_currentness_confirmed":false,"source_entity_type":"LWPOLYLINE","source_file":"cad_candidate.flattened.r2010.dxf","source_layer":"!!!\u0414
1000
\u0412_\u0413\u041f_\u041f_\u0413\u0440\u0430\u043d\u0438\u0446\u0430 \u0440\u0430\u0431\u043e\u0442 \u043f\u043e \u043e\u0431\u0445\u043e\u0434\u0443","source_project_id":"898ea8e86f4d","source_statu
1000
s":"partial prepared CAD: 45 of 47 external references embedded","street":"\u041a\u0443\u043b\u0438\u043a\u043e\u0432\u0441\u043a\u0430\u044f \u0443\u043b\u0438\u0446\u0430, \u041c\u043e\u0441\u043a\u
1000
0432\u0430","suggestion_confidence":"high","test_assumption":true,"warning":"not an authoritative green or plantable zone"},"role":"asset","schema_version":1,"type_id":"context.green_zone"}
  0
LWPOLYLINE
  5
96
330
17
100
AcDbEntity
  8
GC_SIDEWALK_EDGE
100
AcDbPolyline
 90
7
 70
0
 10
4000.905948386088
 20
-10981.09803202102
 10
4003.775752261404
 20
-10974.15034435438
 10
4008.702494431033
 20
-10962.79708442081
 10
4014.114446839157
 20
-10949.96315699009
 10
4015.107
 20
-10947.558
 10
4017.236976118975
 20
-10942.54842353316
 10
4021.510548397021
 20
-10932.49723707959
1001
GREENCAD_EDIT_V1
1000
{"geometry_role":"EDGE","id":"kul-sidewalk_edge:000003:a63c470ad3a4","properties":{"missing_external_references":["\u0410\u0421\u0423_\u041e\u0414\u0421_\u041a\u0443\u043b\u0438\u043a\u043e\u0432\u044
1000
1\u043a\u0430\u044f","\u04407989_\u041a\u0443\u043b\u0438\u043a\u043e\u0432\u0441\u043a\u0430\u044f \u0443\u043b._\u043f\u0440\u043e\u0435\u043a\u0442"],"normative":false,"professional_confirmation":f
1000
alse,"semantic_authority":"project layer-name evidence for diagnostic testing only","semantic_basis":"explicit project layer name; advisory classification","source_currentness_confirmed":false,"source
1000
_entity_type":"LWPOLYLINE","source_file":"cad_candidate.flattened.r2010.dxf","source_layer":"\u0414\u0412_\u0413\u041f_\u041f_\u0411\u043e\u0440\u0442_\u0411\u0420_\u043d\u0430_\u0442\u0440\u043e\u044
1000
2\u0443\u0430\u0440\u0435_15\u0441\u043c","source_project_id":"898ea8e86f4d","source_status":"partial prepared CAD: 45 of 47 external references embedded","street":"\u041a\u0443\u043b\u0438\u043a\u043
1000
e\u0432\u0441\u043a\u0430\u044f \u0443\u043b\u0438\u0446\u0430, \u041c\u043e\u0441\u043a\u0432\u0430","suggestion_confidence":"medium"},"role":"asset","schema_version":1,"type_id":"traffic.sidewalk"}
  0
LWPOLYLINE
  5
97
330
17
100
AcDbEntity
  8
GC_DRAINAGE_TRAY
100
AcDbPolyline
 90
4
 70
1
 10
4114.637370743875
 20
-10835.618948808997
 10
4114.866611970879
 20
-10835.519207280833
 10
4115.0660951709415
 20
-10835.977690053565
 10
4114.836843572698
 20
-10836.077408371579
1001
GREENCAD_EDIT_V1
1000
{"geometry_role":"OUTER_CONTOUR","id":"kul-tray:000004:e92a2f2f1821","properties":{"missing_external_references":["\u0410\u0421\u0423_\u041e\u0414\u0421_\u041a\u0443\u043b\u0438\u043a\u043e\u0432\u044
1000
1\u043a\u0430\u044f","\u04407989_\u041a\u0443\u043b\u0438\u043a\u043e\u0432\u0441\u043a\u0430\u044f \u0443\u043b._\u043f\u0440\u043e\u0435\u043a\u0442"],"normative":false,"professional_confirmation":f
1000
alse,"semantic_authority":"project layer-name evidence for diagnostic testing only","semantic_basis":"explicit project layer name; advisory classification","source_currentness_confirmed":false,"source
1000
_entity_type":"LWPOLYLINE","source_file":"cad_candidate.flattened.r2010.dxf","source_layer":"\u0414\u0412_\u0413\u041f_\u041f_\u0412\u043e\u0434\u043e\u043e\u0442\u0432\u043e\u0434\u043d\u044b\u0435_\
1000
u043b\u043e\u0442\u043a\u0438","source_project_id":"898ea8e86f4d","source_status":"partial prepared CAD: 45 of 47 external references embedded","street":"\u041a\u0443\u043b\u0438\u043a\u043e\u0432\u04
1000
41\u043a\u0430\u044f \u0443\u043b\u0438\u0446\u0430, \u041c\u043e\u0441\u043a\u0432\u0430","suggestion_confidence":"high"},"role":"asset","schema_version":1,"type_id":"net.tray"}
  0
LWPOLYLINE
  5
98
330
17
100
AcDbEntity
  8
GC_DRAINAGE_TRAY
100
AcDbPolyline
 90
4
 70
1
 10
4114.828874395853
 20
-10836.059092366577
 10
4115.058115622856
 20
-10835.959350838413
 10
4115.257598822919
 20
-10836.417833611145
 10
4115.028347224676
 20
-10836.517551929159
1001
GREENCAD_EDIT_V1
1000
{"geometry_role":"OUTER_CONTOUR","id":"kul-tray:000005:8bdbbcdd870c","properties":{"missing_external_references":["\u0410\u0421\u0423_\u041e\u0414\u0421_\u041a\u0443\u043b\u0438\u043a\u043e\u0432\u044
1000
1\u043a\u0430\u044f","\u04407989_\u041a\u0443\u043b\u0438\u043a\u043e\u0432\u0441\u043a\u0430\u044f \u0443\u043b._\u043f\u0440\u043e\u0435\u043a\u0442"],"normative":false,"professional_confirmation":f
1000
alse,"semantic_authority":"project layer-name evidence for diagnostic testing only","semantic_basis":"explicit project layer name; advisory classification","source_currentness_confirmed":false,"source
1000
_entity_type":"LWPOLYLINE","source_file":"cad_candidate.flattened.r2010.dxf","source_layer":"\u0414\u0412_\u0413\u041f_\u041f_\u0412\u043e\u0434\u043e\u043e\u0442\u0432\u043e\u0434\u043d\u044b\u0435_\
1000
u043b\u043e\u0442\u043a\u0438","source_project_id":"898ea8e86f4d","source_status":"partial prepared CAD: 45 of 47 external references embedded","street":"\u041a\u0443\u043b\u0438\u043a\u043e\u0432\u04
1000
41\u043a\u0430\u044f \u0443\u043b\u0438\u0446\u0430, \u041c\u043e\u0441\u043a\u0432\u0430","suggestion_confidence":"high"},"role":"asset","schema_version":1,"type_id":"net.tray"}
  0
LWPOLYLINE
  5
99
330
17
100
AcDbEntity
  8
GC_DRAINAGE_TRAY
100
AcDbPolyline
 90
4
 70
1
 10
4115.0203780478305
 20
-10836.499235924157
 10
4115.249619274834
 20
-10836.399494395993
 10
4115.449102474897
 20
-10836.857977168725
 10
4115.219850876653
 20
-10836.957695486739
1001
GREENCAD_EDIT_V1
1000
{"geometry_role":"OUTER_CONTOUR","id":"kul-tray:000006:7ab10b40d0df","properties":{"missing_external_references":["\u0410\u0421\u0423_\u041e\u0414\u0421_\u041a\u0443\u043b\u0438\u043a\u043e\u0432\u044
1000
1\u043a\u0430\u044f","\u04407989_\u041a\u0443\u043b\u0438\u043a\u043e\u0432\u0441\u043a\u0430\u044f \u0443\u043b._\u043f\u0440\u043e\u0435\u043a\u0442"],"normative":false,"professional_confirmation":f
1000
alse,"semantic_authority":"project layer-name evidence for diagnostic testing only","semantic_basis":"explicit project layer name; advisory classification","source_currentness_confirmed":false,"source
1000
_entity_type":"LWPOLYLINE","source_file":"cad_candidate.flattened.r2010.dxf","source_layer":"\u0414\u0412_\u0413\u041f_\u041f_\u0412\u043e\u0434\u043e\u043e\u0442\u0432\u043e\u0434\u043d\u044b\u0435_\
1000
u043b\u043e\u0442\u043a\u0438","source_project_id":"898ea8e86f4d","source_status":"partial prepared CAD: 45 of 47 external references embedded","street":"\u041a\u0443\u043b\u0438\u043a\u043e\u0432\u04
1000
41\u043a\u0430\u044f \u0443\u043b\u0438\u0446\u0430, \u041c\u043e\u0441\u043a\u0432\u0430","suggestion_confidence":"high"},"role":"asset","schema_version":1,"type_id":"net.tray"}
  0
LWPOLYLINE
  5
9A
330
17
100
AcDbEntity
  8
GC_DRAINAGE_TRAY
100
AcDbPolyline
 90
4
 70
1
 10
4115.211881699808
 20
-10836.939379481737
 10
4115.441122926812
 20
-10836.839637953573
 10
4115.640606126874
 20
-10837.298120726306
 10
4115.411354528631
 20
-10837.397839044319
1001
GREENCAD_EDIT_V1
1000
{"geometry_role":"OUTER_CONTOUR","id":"kul-tray:000007:da4f2d6757ec","properties":{"missing_external_references":["\u0410\u0421\u0423_\u041e\u0414\u0421_\u041a\u0443\u043b\u0438\u043a\u043e\u0432\u044
1000
1\u043a\u0430\u044f","\u04407989_\u041a\u0443\u043b\u0438\u043a\u043e\u0432\u0441\u043a\u0430\u044f \u0443\u043b._\u043f\u0440\u043e\u0435\u043a\u0442"],"normative":false,"professional_confirmation":f
1000
alse,"semantic_authority":"project layer-name evidence for diagnostic testing only","semantic_basis":"explicit project layer name; advisory classification","source_currentness_confirmed":false,"source
1000
_entity_type":"LWPOLYLINE","source_file":"cad_candidate.flattened.r2010.dxf","source_layer":"\u0414\u0412_\u0413\u041f_\u041f_\u0412\u043e\u0434\u043e\u043e\u0442\u0432\u043e\u0434\u043d\u044b\u0435_\
1000
u043b\u043e\u0442\u043a\u0438","source_project_id":"898ea8e86f4d","source_status":"partial prepared CAD: 45 of 47 external references embedded","street":"\u041a\u0443\u043b\u0438\u043a\u043e\u0432\u04
1000
41\u043a\u0430\u044f \u0443\u043b\u0438\u0446\u0430, \u041c\u043e\u0441\u043a\u0432\u0430","suggestion_confidence":"high"},"role":"asset","schema_version":1,"type_id":"net.tray"}
  0
LWPOLYLINE
  5
9B
330
17
100
AcDbEntity
  8
GC_DRAINAGE_TRAY
100
AcDbPolyline
 90
4
 70
1
 10
4115.403385351785
 20
-10837.379523039317
 10
4115.632626578788
 20
-10837.279781511153
 10
4115.832109778851
 20
-10837.738264283886
 10
4115.602858180608
 20
-10837.837982601899
1001
GREENCAD_EDIT_V1
1000
{"geometry_role":"OUTER_CONTOUR","id":"kul-tray:000008:c27e898af60a","properties":{"missing_external_references":["\u0410\u0421\u0423_\u041e\u0414\u0421_\u041a\u0443\u043b\u0438\u043a\u043e\u0432\u044
1000
1\u043a\u0430\u044f","\u04407989_\u041a\u0443\u043b\u0438\u043a\u043e\u0432\u0441\u043a\u0430\u044f \u0443\u043b._\u043f\u0440\u043e\u0435\u043a\u0442"],"normative":false,"professional_confirmation":f
1000
alse,"semantic_authority":"project layer-name evidence for diagnostic testing only","semantic_basis":"explicit project layer name; advisory classification","source_currentness_confirmed":false,"source
1000
_entity_type":"LWPOLYLINE","source_file":"cad_candidate.flattened.r2010.dxf","source_layer":"\u0414\u0412_\u0413\u041f_\u041f_\u0412\u043e\u0434\u043e\u043e\u0442\u0432\u043e\u0434\u043d\u044b\u0435_\
1000
u043b\u043e\u0442\u043a\u0438","source_project_id":"898ea8e86f4d","source_status":"partial prepared CAD: 45 of 47 external references embedded","street":"\u041a\u0443\u043b\u0438\u043a\u043e\u0432\u04
1000
41\u043a\u0430\u044f \u0443\u043b\u0438\u0446\u0430, \u041c\u043e\u0441\u043a\u0432\u0430","suggestion_confidence":"high"},"role":"asset","schema_version":1,"type_id":"net.tray"}
  0
LWPOLYLINE
  5
9C
330
17
100
AcDbEntity
  8
GC_DRAINAGE_TRAY
100
AcDbPolyline
 90
4
 70
1
 10
4115.594889003763
 20
-10837.819666596897
 10
4115.824130230766
 20
-10837.719925068734
 10
4116.023613430829
 20
-10838.178407841466
 10
4115.794361832585
 20
-10838.27812615948
1001
GREENCAD_EDIT_V1
1000
{"geometry_role":"OUTER_CONTOUR","id":"kul-tray:000009:8e4a6d63e0df","properties":{"missing_external_references":["\u0410\u0421\u0423_\u041e\u0414\u0421_\u041a\u0443\u043b\u0438\u043a\u043e\u0432\u044
1000
1\u043a\u0430\u044f","\u04407989_\u041a\u0443\u043b\u0438\u043a\u043e\u0432\u0441\u043a\u0430\u044f \u0443\u043b._\u043f\u0440\u043e\u0435\u043a\u0442"],"normative":false,"professional_confirmation":f
1000
alse,"semantic_authority":"project layer-name evidence for diagnostic testing only","semantic_basis":"explicit project layer name; advisory classification","source_currentness_confirmed":false,"source
1000
_entity_type":"LWPOLYLINE","source_file":"cad_candidate.flattened.r2010.dxf","source_layer":"\u0414\u0412_\u0413\u041f_\u041f_\u0412\u043e\u0434\u043e\u043e\u0442\u0432\u043e\u0434\u043d\u044b\u0435_\
1000
u043b\u043e\u0442\u043a\u0438","source_project_id":"898ea8e86f4d","source_status":"partial prepared CAD: 45 of 47 external references embedded","street":"\u041a\u0443\u043b\u0438\u043a\u043e\u0432\u04
1000
41\u043a\u0430\u044f \u0443\u043b\u0438\u0446\u0430, \u041c\u043e\u0441\u043a\u0432\u0430","suggestion_confidence":"high"},"role":"asset","schema_version":1,"type_id":"net.tray"}
  0
LWPOLYLINE
  5
9D
330
17
100
AcDbEntity
  8
GC_DRAINAGE_TRAY
100
AcDbPolyline
 90
4
 70
1
 10
4115.78639265574
 20
-10838.259810154477
 10
4116.015633882744
 20
-10838.160068626314
 10
4116.2151170828065
 20
-10838.618551399046
 10
4115.985865484563
 20
-10838.71826971706
1001
GREENCAD_EDIT_V1
1000
{"geometry_role":"OUTER_CONTOUR","id":"kul-tray:000010:71d0b1afcac7","properties":{"missing_external_references":["\u0410\u0421\u0423_\u041e\u0414\u0421_\u041a\u0443\u043b\u0438\u043a\u043e\u0432\u044
1000
1\u043a\u0430\u044f","\u04407989_\u041a\u0443\u043b\u0438\u043a\u043e\u0432\u0441\u043a\u0430\u044f \u0443\u043b._\u043f\u0440\u043e\u0435\u043a\u0442"],"normative":false,"professional_confirmation":f
1000
alse,"semantic_authority":"project layer-name evidence for diagnostic testing only","semantic_basis":"explicit project layer name; advisory classification","source_currentness_confirmed":false,"source
1000
_entity_type":"LWPOLYLINE","source_file":"cad_candidate.flattened.r2010.dxf","source_layer":"\u0414\u0412_\u0413\u041f_\u041f_\u0412\u043e\u0434\u043e\u043e\u0442\u0432\u043e\u0434\u043d\u044b\u0435_\
1000
u043b\u043e\u0442\u043a\u0438","source_project_id":"898ea8e86f4d","source_status":"partial prepared CAD: 45 of 47 external references embedded","street":"\u041a\u0443\u043b\u0438\u043a\u043e\u0432\u04
1000
41\u043a\u0430\u044f \u0443\u043b\u0438\u0446\u0430, \u041c\u043e\u0441\u043a\u0432\u0430","suggestion_confidence":"high"},"role":"asset","schema_version":1,"type_id":"net.tray"}
  0
LWPOLYLINE
  5
9E
330
17
100
AcDbEntity
  8
GC_DRAINAGE_TRAY
100
AcDbPolyline
 90
4
 70
1
 10
4115.977896307718
 20
-10838.699953712057
 10
4116.207137534721
 20
-10838.600212183894
 10
4116.406620734784
 20
-10839.058694956626
 10
4116.177369136541
 20
-10839.15841327464
1001
GREENCAD_EDIT_V1
1000
{"geometry_role":"OUTER_CONTOUR","id":"kul-tray:000011:93f36414eb4a","properties":{"missing_external_references":["\u0410\u0421\u0423_\u041e\u0414\u0421_\u041a\u0443\u043b\u0438\u043a\u043e\u0432\u044
1000
1\u043a\u0430\u044f","\u04407989_\u041a\u0443\u043b\u0438\u043a\u043e\u0432\u0441\u043a\u0430\u044f \u0443\u043b._\u043f\u0440\u043e\u0435\u043a\u0442"],"normative":false,"professional_confirmation":f
1000
alse,"semantic_authority":"project layer-name evidence for diagnostic testing only","semantic_basis":"explicit project layer name; advisory classification","source_currentness_confirmed":false,"source
1000
_entity_type":"LWPOLYLINE","source_file":"cad_candidate.flattened.r2010.dxf","source_layer":"\u0414\u0412_\u0413\u041f_\u041f_\u0412\u043e\u0434\u043e\u043e\u0442\u0432\u043e\u0434\u043d\u044b\u0435_\
1000
u043b\u043e\u0442\u043a\u0438","source_project_id":"898ea8e86f4d","source_status":"partial prepared CAD: 45 of 47 external references embedded","street":"\u041a\u0443\u043b\u0438\u043a\u043e\u0432\u04
1000
41\u043a\u0430\u044f \u0443\u043b\u0438\u0446\u0430, \u041c\u043e\u0441\u043a\u0432\u0430","suggestion_confidence":"high"},"role":"asset","schema_version":1,"type_id":"net.tray"}
  0
LWPOLYLINE
  5
9F
330
17
100
AcDbEntity
  8
GC_DRAINAGE_TRAY
100
AcDbPolyline
 90
4
 70
1
 10
4116.1693999596955
 20
-10839.140097269637
 10
4116.398641186699
 20
-10839.040355741474
 10
4116.598124386762
 20
-10839.498838514206
 10
4116.368872788518
 20
-10839.59855683222
1001
GREENCAD_EDIT_V1
1000
{"geometry_role":"OUTER_CONTOUR","id":"kul-tray:000012:dd5ea572d3cb","properties":{"missing_external_references":["\u0410\u0421\u0423_\u041e\u0414\u0421_\u041a\u0443\u043b\u0438\u043a\u043e\u0432\u044
1000
1\u043a\u0430\u044f","\u04407989_\u041a\u0443\u043b\u0438\u043a\u043e\u0432\u0441\u043a\u0430\u044f \u0443\u043b._\u043f\u0440\u043e\u0435\u043a\u0442"],"normative":false,"professional_confirmation":f
1000
alse,"semantic_authority":"project layer-name evidence for diagnostic testing only","semantic_basis":"explicit project layer name; advisory classification","source_currentness_confirmed":false,"source
1000
_entity_type":"LWPOLYLINE","source_file":"cad_candidate.flattened.r2010.dxf","source_layer":"\u0414\u0412_\u0413\u041f_\u041f_\u0412\u043e\u0434\u043e\u043e\u0442\u0432\u043e\u0434\u043d\u044b\u0435_\
1000
u043b\u043e\u0442\u043a\u0438","source_project_id":"898ea8e86f4d","source_status":"partial prepared CAD: 45 of 47 external references embedded","street":"\u041a\u0443\u043b\u0438\u043a\u043e\u0432\u04
1000
41\u043a\u0430\u044f \u0443\u043b\u0438\u0446\u0430, \u041c\u043e\u0441\u043a\u0432\u0430","suggestion_confidence":"high"},"role":"asset","schema_version":1,"type_id":"net.tray"}
  0
LWPOLYLINE
  5
A0
330
17
100
AcDbEntity
  8
GC_DRAINAGE_TRAY
100
AcDbPolyline
 90
4
 70
1
 10
4116.360903611672
 20
-10839.580240827217
 10
4116.590144838676
 20
-10839.480499299054
 10
4116.789628038739
 20
-10839.938982071786
 10
4116.560376440495
 20
-10840.0387003898
1001
GREENCAD_EDIT_V1
1000
{"geometry_role":"OUTER_CONTOUR","id":"kul-tray:000013:798acb579ba8","properties":{"missing_external_references":["\u0410\u0421\u0423_\u041e\u0414\u0421_\u041a\u0443\u043b\u0438\u043a\u043e\u0432\u044
1000
1\u043a\u0430\u044f","\u04407989_\u041a\u0443\u043b\u0438\u043a\u043e\u0432\u0441\u043a\u0430\u044f \u0443\u043b._\u043f\u0440\u043e\u0435\u043a\u0442"],"normative":false,"professional_confirmation":f
1000
alse,"semantic_authority":"project layer-name evidence for diagnostic testing only","semantic_basis":"explicit project layer name; advisory classification","source_currentness_confirmed":false,"source
1000
_entity_type":"LWPOLYLINE","source_file":"cad_candidate.flattened.r2010.dxf","source_layer":"\u0414\u0412_\u0413\u041f_\u041f_\u0412\u043e\u0434\u043e\u043e\u0442\u0432\u043e\u0434\u043d\u044b\u0435_\
1000
u043b\u043e\u0442\u043a\u0438","source_project_id":"898ea8e86f4d","source_status":"partial prepared CAD: 45 of 47 external references embedded","street":"\u041a\u0443\u043b\u0438\u043a\u043e\u0432\u04
1000
41\u043a\u0430\u044f \u0443\u043b\u0438\u0446\u0430, \u041c\u043e\u0441\u043a\u0432\u0430","suggestion_confidence":"high"},"role":"asset","schema_version":1,"type_id":"net.tray"}
  0
LWPOLYLINE
  5
A1
330
17
100
AcDbEntity
  8
GC_DRAINAGE_TRAY
100
AcDbPolyline
 90
4
 70
1
 10
4116.55240726365
 20
-10840.020384384798
 10
4116.781648490653
 20
-10839.920642856634
 10
4116.981131690716
 20
-10840.379125629366
 10
4116.751880092473
 20
-10840.47884394738
1001
GREENCAD_EDIT_V1
1000
{"geometry_role":"OUTER_CONTOUR","id":"kul-tray:000014:10d64decf1fb","properties":{"missing_external_references":["\u0410\u0421\u0423_\u041e\u0414\u0421_\u041a\u0443\u043b\u0438\u043a\u043e\u0432\u044
1000
1\u043a\u0430\u044f","\u04407989_\u041a\u0443\u043b\u0438\u043a\u043e\u0432\u0441\u043a\u0430\u044f \u0443\u043b._\u043f\u0440\u043e\u0435\u043a\u0442"],"normative":false,"professional_confirmation":f
1000
alse,"semantic_authority":"project layer-name evidence for diagnostic testing only","semantic_basis":"explicit project layer name; advisory classification","source_currentness_confirmed":false,"source
1000
_entity_type":"LWPOLYLINE","source_file":"cad_candidate.flattened.r2010.dxf","source_layer":"\u0414\u0412_\u0413\u041f_\u041f_\u0412\u043e\u0434\u043e\u043e\u0442\u0432\u043e\u0434\u043d\u044b\u0435_\
1000
u043b\u043e\u0442\u043a\u0438","source_project_id":"898ea8e86f4d","source_status":"partial prepared CAD: 45 of 47 external references embedded","street":"\u041a\u0443\u043b\u0438\u043a\u043e\u0432\u04
1000
41\u043a\u0430\u044f \u0443\u043b\u0438\u0446\u0430, \u041c\u043e\u0441\u043a\u0432\u0430","suggestion_confidence":"high"},"role":"asset","schema_version":1,"type_id":"net.tray"}
  0
LWPOLYLINE
  5
A2
330
17
100
AcDbEntity
  8
GC_DRAINAGE_TRAY
100
AcDbPolyline
 90
4
 70
1
 10
4116.743910915628
 20
-10840.460527942378
 10
4116.973152142631
 20
-10840.360786414214
 10
4117.172635342694
 20
-10840.819269186946
 10
4116.94338374445
 20
-10840.91898750496
1001
GREENCAD_EDIT_V1
1000
{"geometry_role":"OUTER_CONTOUR","id":"kul-tray:000015:95c18dabfe37","properties":{"missing_external_references":["\u0410\u0421\u0423_\u041e\u0414\u0421_\u041a\u0443\u043b\u0438\u043a\u043e\u0432\u044
1000
1\u043a\u0430\u044f","\u04407989_\u041a\u0443\u043b\u0438\u043a\u043e\u0432\u0441\u043a\u0430\u044f \u0443\u043b._\u043f\u0440\u043e\u0435\u043a\u0442"],"normative":false,"professional_confirmation":f
1000
alse,"semantic_authority":"project layer-name evidence for diagnostic testing only","semantic_basis":"explicit project layer name; advisory classification","source_currentness_confirmed":false,"source
1000
_entity_type":"LWPOLYLINE","source_file":"cad_candidate.flattened.r2010.dxf","source_layer":"\u0414\u0412_\u0413\u041f_\u041f_\u0412\u043e\u0434\u043e\u043e\u0442\u0432\u043e\u0434\u043d\u044b\u0435_\
1000
u043b\u043e\u0442\u043a\u0438","source_project_id":"898ea8e86f4d","source_status":"partial prepared CAD: 45 of 47 external references embedded","street":"\u041a\u0443\u043b\u0438\u043a\u043e\u0432\u04
1000
41\u043a\u0430\u044f \u0443\u043b\u0438\u0446\u0430, \u041c\u043e\u0441\u043a\u0432\u0430","suggestion_confidence":"high"},"role":"asset","schema_version":1,"type_id":"net.tray"}
  0
LWPOLYLINE
  5
A3
330
17
100
AcDbEntity
  8
GC_DRAINAGE_TRAY
100
AcDbPolyline
 90
4
 70
1
 10
4116.935414567605
 20
-10840.900671499958
 10
4117.164655794609
 20
-10840.800929971794
 10
4117.3641389946715
 20
-10841.259412744526
 10
4117.134887396428
 20
-10841.35913106254
1001
GREENCAD_EDIT_V1
1000
{"geometry_role":"OUTER_CONTOUR","id":"kul-tray:000016:6b79e339e639","properties":{"missing_external_references":["\u0410\u0421\u0423_\u041e\u0414\u0421_\u041a\u0443\u043b\u0438\u043a\u043e\u0432\u044
1000
1\u043a\u0430\u044f","\u04407989_\u041a\u0443\u043b\u0438\u043a\u043e\u0432\u0441\u043a\u0430\u044f \u0443\u043b._\u043f\u0440\u043e\u0435\u043a\u0442"],"normative":false,"professional_confirmation":f
1000
alse,"semantic_authority":"project layer-name evidence for diagnostic testing only","semantic_basis":"explicit project layer name; advisory classification","source_currentness_confirmed":false,"source
1000
_entity_type":"LWPOLYLINE","source_file":"cad_candidate.flattened.r2010.dxf","source_layer":"\u0414\u0412_\u0413\u041f_\u041f_\u0412\u043e\u0434\u043e\u043e\u0442\u0432\u043e\u0434\u043d\u044b\u0435_\
1000
u043b\u043e\u0442\u043a\u0438","source_project_id":"898ea8e86f4d","source_status":"partial prepared CAD: 45 of 47 external references embedded","street":"\u041a\u0443\u043b\u0438\u043a\u043e\u0432\u04
1000
41\u043a\u0430\u044f \u0443\u043b\u0438\u0446\u0430, \u041c\u043e\u0441\u043a\u0432\u0430","suggestion_confidence":"high"},"role":"asset","schema_version":1,"type_id":"net.tray"}
  0
LWPOLYLINE
  5
A4
330
17
100
AcDbEntity
  8
GC_DRAINAGE_TRAY
100
AcDbPolyline
 90
4
 70
1
 10
4117.126918219583
 20
-10841.340815057538
 10
4117.356159446586
 20
-10841.241073529374
 10
4117.555642646649
 20
-10841.699556302106
 10
4117.326391048406
 20
-10841.79927462012
1001
GREENCAD_EDIT_V1
1000
{"geometry_role":"OUTER_CONTOUR","id":"kul-tray:000017:f3500075e35c","properties":{"missing_external_references":["\u0410\u0421\u0423_\u041e\u0414\u0421_\u041a\u0443\u043b\u0438\u043a\u043e\u0432\u044
1000
1\u043a\u0430\u044f","\u04407989_\u041a\u0443\u043b\u0438\u043a\u043e\u0432\u0441\u043a\u0430\u044f \u0443\u043b._\u043f\u0440\u043e\u0435\u043a\u0442"],"normative":false,"professional_confirmation":f
1000
alse,"semantic_authority":"project layer-name evidence for diagnostic testing only","semantic_basis":"explicit project layer name; advisory classification","source_currentness_confirmed":false,"source
1000
_entity_type":"LWPOLYLINE","source_file":"cad_candidate.flattened.r2010.dxf","source_layer":"\u0414\u0412_\u0413\u041f_\u041f_\u0412\u043e\u0434\u043e\u043e\u0442\u0432\u043e\u0434\u043d\u044b\u0435_\
1000
u043b\u043e\u0442\u043a\u0438","source_project_id":"898ea8e86f4d","source_status":"partial prepared CAD: 45 of 47 external references embedded","street":"\u041a\u0443\u043b\u0438\u043a\u043e\u0432\u04
1000
41\u043a\u0430\u044f \u0443\u043b\u0438\u0446\u0430, \u041c\u043e\u0441\u043a\u0432\u0430","suggestion_confidence":"high"},"role":"asset","schema_version":1,"type_id":"net.tray"}
  0
LWPOLYLINE
  5
A5
330
17
100
AcDbEntity
  8
GC_DRAINAGE_TRAY
100
AcDbPolyline
 90
4
 70
1
 10
4117.3184218715605
 20
-10841.780958615118
 10
4117.547663098564
 20
-10841.681217086954
 10
4117.747146298627
 20
-10842.139699859687
 10
4117.517894700383
 20
-10842.2394181777
1001
GREENCAD_EDIT_V1
1000
{"geometry_role":"OUTER_CONTOUR","id":"kul-tray:000018:4f79daeb8c69","properties":{"missing_external_references":["\u0410\u0421\u0423_\u041e\u0414\u0421_\u041a\u0443\u043b\u0438\u043a\u043e\u0432\u044
1000
1\u043a\u0430\u044f","\u04407989_\u041a\u0443\u043b\u0438\u043a\u043e\u0432\u0441\u043a\u0430\u044f \u0443\u043b._\u043f\u0440\u043e\u0435\u043a\u0442"],"normative":false,"professional_confirmation":f
1000
alse,"semantic_authority":"project layer-name evidence for diagnostic testing only","semantic_basis":"explicit project layer name; advisory classification","source_currentness_confirmed":false,"source
1000
_entity_type":"LWPOLYLINE","source_file":"cad_candidate.flattened.r2010.dxf","source_layer":"\u0414\u0412_\u0413\u041f_\u041f_\u0412\u043e\u0434\u043e\u043e\u0442\u0432\u043e\u0434\u043d\u044b\u0435_\
1000
u043b\u043e\u0442\u043a\u0438","source_project_id":"898ea8e86f4d","source_status":"partial prepared CAD: 45 of 47 external references embedded","street":"\u041a\u0443\u043b\u0438\u043a\u043e\u0432\u04
1000
41\u043a\u0430\u044f \u0443\u043b\u0438\u0446\u0430, \u041c\u043e\u0441\u043a\u0432\u0430","suggestion_confidence":"high"},"role":"asset","schema_version":1,"type_id":"net.tray"}
  0
LWPOLYLINE
  5
A6
330
17
100
AcDbEntity
  8
GC_DRAINAGE_TRAY
100
AcDbPolyline
 90
4
 70
1
 10
4117.509925523538
 20
-10842.221102172698
 10
4117.739166750542
 20
-10842.121360644534
 10
4117.9386499506045
 20
-10842.579843417267
 10
4117.709398352361
 20
-10842.67956173528
1001
GREENCAD_EDIT_V1
1000
{"geometry_role":"OUTER_CONTOUR","id":"kul-tray:000019:a660417b75a8","properties":{"missing_external_references":["\u0410\u0421\u0423_\u041e\u0414\u0421_\u041a\u0443\u043b\u0438\u043a\u043e\u0432\u044
1000
1\u043a\u0430\u044f","\u04407989_\u041a\u0443\u043b\u0438\u043a\u043e\u0432\u0441\u043a\u0430\u044f \u0443\u043b._\u043f\u0440\u043e\u0435\u043a\u0442"],"normative":false,"professional_confirmation":f
1000
alse,"semantic_authority":"project layer-name evidence for diagnostic testing only","semantic_basis":"explicit project layer name; advisory classification","source_currentness_confirmed":false,"source
1000
_entity_type":"LWPOLYLINE","source_file":"cad_candidate.flattened.r2010.dxf","source_layer":"\u0414\u0412_\u0413\u041f_\u041f_\u0412\u043e\u0434\u043e\u043e\u0442\u0432\u043e\u0434\u043d\u044b\u0435_\
1000
u043b\u043e\u0442\u043a\u0438","source_project_id":"898ea8e86f4d","source_status":"partial prepared CAD: 45 of 47 external references embedded","street":"\u041a\u0443\u043b\u0438\u043a\u043e\u0432\u04
1000
41\u043a\u0430\u044f \u0443\u043b\u0438\u0446\u0430, \u041c\u043e\u0441\u043a\u0432\u0430","suggestion_confidence":"high"},"role":"asset","schema_version":1,"type_id":"net.tray"}
  0
LWPOLYLINE
  5
A7
330
17
100
AcDbEntity
  8
GC_SIDEWALK_EDGE
100
AcDbPolyline
 90
8
 70
0
 10
4126.280932552949
 20
-10751.23542945091
 10
4127.627674067127
 20
-10748.04208714739
 10
4129.079999128095
 20
-10744.58719202287
 10
4129.854455674944
 20
-10742.74485918721
 10
4130.822672382255
 20
-10740.44159577087
 10
4132.28056768947
 20
-10736.98904910306
 10
4137.0
 20
-10725.828
 10
4137.03523401607
 20
-10725.74467460034
1001
GREENCAD_EDIT_V1
1000
{"geometry_role":"EDGE","id":"kul-sidewalk_edge:000020:eb57041f0106","properties":{"missing_external_references":["\u0410\u0421\u0423_\u041e\u0414\u0421_\u041a\u0443\u043b\u0438\u043a\u043e\u0432\u044
1000
1\u043a\u0430\u044f","\u04407989_\u041a\u0443\u043b\u0438\u043a\u043e\u0432\u0441\u043a\u0430\u044f \u0443\u043b._\u043f\u0440\u043e\u0435\u043a\u0442"],"normative":false,"professional_confirmation":f
1000
alse,"semantic_authority":"project layer-name evidence for diagnostic testing only","semantic_basis":"explicit project layer name; advisory classification","source_currentness_confirmed":false,"source
1000
_entity_type":"LWPOLYLINE","source_file":"cad_candidate.flattened.r2010.dxf","source_layer":"\u0414\u0412_\u0413\u041f_\u041f_\u0411\u043e\u0440\u0442_\u0411\u0420_\u043d\u0430_\u0442\u0440\u043e\u044
1000
2\u0443\u0430\u0440\u0435_15\u0441\u043c","source_project_id":"898ea8e86f4d","source_status":"partial prepared CAD: 45 of 47 external references embedded","street":"\u041a\u0443\u043b\u0438\u043a\u043
1000
e\u0432\u0441\u043a\u0430\u044f \u0443\u043b\u0438\u0446\u0430, \u041c\u043e\u0441\u043a\u0432\u0430","suggestion_confidence":"medium"},"role":"asset","schema_version":1,"type_id":"traffic.sidewalk"}
  0
LWPOLYLINE
  5
A8
330
17
100
AcDbEntity
  8
GC_DRAINAGE_TRAY
100
AcDbPolyline
 90
4
 70
1
 10
3942.030732499935
 20
-11077.243701541209
 10
3941.8007836748757
 20
-11077.145602354401
 10
3941.9969821814075
 20
-11076.685704380896
 10
3942.2269212614146
 20
-11076.783827047644
1001
GREENCAD_EDIT_V1
1000
{"geometry_role":"OUTER_CONTOUR","id":"kul-tray:000021:bb38c401cd62","properties":{"missing_external_references":["\u0410\u0421\u0423_\u041e\u0414\u0421_\u041a\u0443\u043b\u0438\u043a\u043e\u0432\u044
1000
1\u043a\u0430\u044f","\u04407989_\u041a\u0443\u043b\u0438\u043a\u043e\u0432\u0441\u043a\u0430\u044f \u0443\u043b._\u043f\u0440\u043e\u0435\u043a\u0442"],"normative":false,"professional_confirmation":f
1000
alse,"semantic_authority":"project layer-name evidence for diagnostic testing only","semantic_basis":"explicit project layer name; advisory classification","source_currentness_confirmed":false,"source
1000
_entity_type":"LWPOLYLINE","source_file":"cad_candidate.flattened.r2010.dxf","source_layer":"\u0414\u0412_\u0413\u041f_\u041f_\u0412\u043e\u0434\u043e\u043e\u0442\u0432\u043e\u0434\u043d\u044b\u0435_\
1000
u043b\u043e\u0442\u043a\u0438","source_project_id":"898ea8e86f4d","source_status":"partial prepared CAD: 45 of 47 external references embedded","street":"\u041a\u0443\u043b\u0438\u043a\u043e\u0432\u04
1000
41\u043a\u0430\u044f \u0443\u043b\u0438\u0446\u0430, \u041c\u043e\u0441\u043a\u0432\u0430","suggestion_confidence":"high"},"role":"asset","schema_version":1,"type_id":"net.tray"}
  0
LWPOLYLINE
  5
A9
330
17
100
AcDbEntity
  8
GC_DRAINAGE_TRAY
100
AcDbPolyline
 90
4
 70
1
 10
3942.226931236427
 20
-11076.783803665807
 10
3941.9969824113678
 20
-11076.685704479
 10
3942.1931809178996
 20
-11076.225806505494
 10
3942.4231199979067
 20
-11076.323929172242
1001
GREENCAD_EDIT_V1
1000
{"geometry_role":"OUTER_CONTOUR","id":"kul-tray:000022:c693818f0e56","properties":{"missing_external_references":["\u0410\u0421\u0423_\u041e\u0414\u0421_\u041a\u0443\u043b\u0438\u043a\u043e\u0432\u044
1000
1\u043a\u0430\u044f","\u04407989_\u041a\u0443\u043b\u0438\u043a\u043e\u0432\u0441\u043a\u0430\u044f \u0443\u043b._\u043f\u0440\u043e\u0435\u043a\u0442"],"normative":false,"professional_confirmation":f
1000
alse,"semantic_authority":"project layer-name evidence for diagnostic testing only","semantic_basis":"explicit project layer name; advisory classification","source_currentness_confirmed":false,"source
1000
_entity_type":"LWPOLYLINE","source_file":"cad_candidate.flattened.r2010.dxf","source_layer":"\u0414\u0412_\u0413\u041f_\u041f_\u0412\u043e\u0434\u043e\u043e\u0442\u0432\u043e\u0434\u043d\u044b\u0435_\
1000
u043b\u043e\u0442\u043a\u0438","source_project_id":"898ea8e86f4d","source_status":"partial prepared CAD: 45 of 47 external references embedded","street":"\u041a\u0443\u043b\u0438\u043a\u043e\u0432\u04
1000
41\u043a\u0430\u044f \u0443\u043b\u0438\u0446\u0430, \u041c\u043e\u0441\u043a\u0432\u0430","suggestion_confidence":"high"},"role":"asset","schema_version":1,"type_id":"net.tray"}
  0
LWPOLYLINE
  5
AA
330
17
100
AcDbEntity
  8
GC_DRAINAGE_TRAY
100
AcDbPolyline
 90
4
 70
1
 10
3942.423129972919
 20
-11076.323905790405
 10
3942.19318114786
 20
-11076.225806603597
 10
3942.3893796543916
 20
-11075.765908630092
 10
3942.619318734399
 20
-11075.86403129684
1001
GREENCAD_EDIT_V1
1000
{"geometry_role":"OUTER_CONTOUR","id":"kul-tray:000023:18887da08033","properties":{"missing_external_references":["\u0410\u0421\u0423_\u041e\u0414\u0421_\u041a\u0443\u043b\u0438\u043a\u043e\u0432\u044
1000
1\u043a\u0430\u044f","\u04407989_\u041a\u0443\u043b\u0438\u043a\u043e\u0432\u0441\u043a\u0430\u044f \u0443\u043b._\u043f\u0440\u043e\u0435\u043a\u0442"],"normative":false,"professional_confirmation":f
1000
alse,"semantic_authority":"project layer-name evidence for diagnostic testing only","semantic_basis":"explicit project layer name; advisory classification","source_currentness_confirmed":false,"source
1000
_entity_type":"LWPOLYLINE","source_file":"cad_candidate.flattened.r2010.dxf","source_layer":"\u0414\u0412_\u0413\u041f_\u041f_\u0412\u043e\u0434\u043e\u043e\u0442\u0432\u043e\u0434\u043d\u044b\u0435_\
1000
u043b\u043e\u0442\u043a\u0438","source_project_id":"898ea8e86f4d","source_status":"partial prepared CAD: 45 of 47 external references embedded","street":"\u041a\u0443\u043b\u0438\u043a\u043e\u0432\u04
1000
41\u043a\u0430\u044f \u0443\u043b\u0438\u0446\u0430, \u041c\u043e\u0441\u043a\u0432\u0430","suggestion_confidence":"high"},"role":"asset","schema_version":1,"type_id":"net.tray"}
  0
LWPOLYLINE
  5
AB
330
17
100
AcDbEntity
  8
GC_DRAINAGE_TRAY
100
AcDbPolyline
 90
4
 70
1
 10
3942.619328709411
 20
-11075.864007915003
 10
3942.389379884352
 20
-11075.765908728195
 10
3942.5855783908837
 20
-11075.30601075469
 10
3942.815517470891
 20
-11075.404133421438
1001
GREENCAD_EDIT_V1
1000
{"geometry_role":"OUTER_CONTOUR","id":"kul-tray:000024:778f46949e62","properties":{"missing_external_references":["\u0410\u0421\u0423_\u041e\u0414\u0421_\u041a\u0443\u043b\u0438\u043a\u043e\u0432\u044
1000
1\u043a\u0430\u044f","\u04407989_\u041a\u0443\u043b\u0438\u043a\u043e\u0432\u0441\u043a\u0430\u044f \u0443\u043b._\u043f\u0440\u043e\u0435\u043a\u0442"],"normative":false,"professional_confirmation":f
1000
alse,"semantic_authority":"project layer-name evidence for diagnostic testing only","semantic_basis":"explicit project layer name; advisory classification","source_currentness_confirmed":false,"source
1000
_entity_type":"LWPOLYLINE","source_file":"cad_candidate.flattened.r2010.dxf","source_layer":"\u0414\u0412_\u0413\u041f_\u041f_\u0412\u043e\u0434\u043e\u043e\u0442\u0432\u043e\u0434\u043d\u044b\u0435_\
1000
u043b\u043e\u0442\u043a\u0438","source_project_id":"898ea8e86f4d","source_status":"partial prepared CAD: 45 of 47 external references embedded","street":"\u041a\u0443\u043b\u0438\u043a\u043e\u0432\u04
1000
41\u043a\u0430\u044f \u0443\u043b\u0438\u0446\u0430, \u041c\u043e\u0441\u043a\u0432\u0430","suggestion_confidence":"high"},"role":"asset","schema_version":1,"type_id":"net.tray"}
  0
LWPOLYLINE
  5
AC
330
17
100
AcDbEntity
  8
GC_DRAINAGE_TRAY
100
AcDbPolyline
 90
4
 70
1
 10
3942.815527445903
 20
-11075.404110039603
 10
3942.585578620844
 20
-11075.306010852795
 10
3942.781777127376
 20
-11074.84611287929
 10
3943.011716207383
 20
-11074.944235546038
1001
GREENCAD_EDIT_V1
1000
{"geometry_role":"OUTER_CONTOUR","id":"kul-tray:000025:c85e139a981f","properties":{"missing_external_references":["\u0410\u0421\u0423_\u041e\u0414\u0421_\u041a\u0443\u043b\u0438\u043a\u043e\u0432\u044
1000
1\u043a\u0430\u044f","\u04407989_\u041a\u0443\u043b\u0438\u043a\u043e\u0432\u0441\u043a\u0430\u044f \u0443\u043b._\u043f\u0440\u043e\u0435\u043a\u0442"],"normative":false,"professional_confirmation":f
1000
alse,"semantic_authority":"project layer-name evidence for diagnostic testing only","semantic_basis":"explicit project layer name; advisory classification","source_currentness_confirmed":false,"source
1000
_entity_type":"LWPOLYLINE","source_file":"cad_candidate.flattened.r2010.dxf","source_layer":"\u0414\u0412_\u0413\u041f_\u041f_\u0412\u043e\u0434\u043e\u043e\u0442\u0432\u043e\u0434\u043d\u044b\u0435_\
1000
u043b\u043e\u0442\u043a\u0438","source_project_id":"898ea8e86f4d","source_status":"partial prepared CAD: 45 of 47 external references embedded","street":"\u041a\u0443\u043b\u0438\u043a\u043e\u0432\u04
1000
41\u043a\u0430\u044f \u0443\u043b\u0438\u0446\u0430, \u041c\u043e\u0441\u043a\u0432\u0430","suggestion_confidence":"high"},"role":"asset","schema_version":1,"type_id":"net.tray"}
  0
LWPOLYLINE
  5
AD
330
17
100
AcDbEntity
  8
GC_DRAINAGE_TRAY
100
AcDbPolyline
 90
4
 70
1
 10
3943.0117261823953
 20
-11074.9442121642
 10
3942.781777357336
 20
-11074.846112977393
 10
3942.977975863868
 20
-11074.386215003888
 10
3943.207914943875
 20
-11074.484337670636
1001
GREENCAD_EDIT_V1
1000
{"geometry_role":"OUTER_CONTOUR","id":"kul-tray:000026:4b543efd38a5","properties":{"missing_external_references":["\u0410\u0421\u0423_\u041e\u0414\u0421_\u041a\u0443\u043b\u0438\u043a\u043e\u0432\u044
1000
1\u043a\u0430\u044f","\u04407989_\u041a\u0443\u043b\u0438\u043a\u043e\u0432\u0441\u043a\u0430\u044f \u0443\u043b._\u043f\u0440\u043e\u0435\u043a\u0442"],"normative":false,"professional_confirmation":f
1000
alse,"semantic_authority":"project layer-name evidence for diagnostic testing only","semantic_basis":"explicit project layer name; advisory classification","source_currentness_confirmed":false,"source
1000
_entity_type":"LWPOLYLINE","source_file":"cad_candidate.flattened.r2010.dxf","source_layer":"\u0414\u0412_\u0413\u041f_\u041f_\u0412\u043e\u0434\u043e\u043e\u0442\u0432\u043e\u0434\u043d\u044b\u0435_\
1000
u043b\u043e\u0442\u043a\u0438","source_project_id":"898ea8e86f4d","source_status":"partial prepared CAD: 45 of 47 external references embedded","street":"\u041a\u0443\u043b\u0438\u043a\u043e\u0432\u04
1000
41\u043a\u0430\u044f \u0443\u043b\u0438\u0446\u0430, \u041c\u043e\u0441\u043a\u0432\u0430","suggestion_confidence":"high"},"role":"asset","schema_version":1,"type_id":"net.tray"}
  0
LWPOLYLINE
  5
AE
330
17
100
AcDbEntity
  8
GC_DRAINAGE_TRAY
100
AcDbPolyline
 90
4
 70
1
 10
3943.2079249188873
 20
-11074.484314288798
 10
3942.977976093828
 20
-11074.386215101991
 10
3943.17417460036
 20
-11073.926317128486
 10
3943.404113680367
 20
-11074.024439795234
1001
GREENCAD_EDIT_V1
1000
{"geometry_role":"OUTER_CONTOUR","id":"kul-tray:000027:00e2f97ac270","properties":{"missing_external_references":["\u0410\u0421\u0423_\u041e\u0414\u0421_\u041a\u0443\u043b\u0438\u043a\u043e\u0432\u044
1000
1\u043a\u0430\u044f","\u04407989_\u041a\u0443\u043b\u0438\u043a\u043e\u0432\u0441\u043a\u0430\u044f \u0443\u043b._\u043f\u0440\u043e\u0435\u043a\u0442"],"normative":false,"professional_confirmation":f
1000
alse,"semantic_authority":"project layer-name evidence for diagnostic testing only","semantic_basis":"explicit project layer name; advisory classification","source_currentness_confirmed":false,"source
1000
_entity_type":"LWPOLYLINE","source_file":"cad_candidate.flattened.r2010.dxf","source_layer":"\u0414\u0412_\u0413\u041f_\u041f_\u0412\u043e\u0434\u043e\u043e\u0442\u0432\u043e\u0434\u043d\u044b\u0435_\
1000
u043b\u043e\u0442\u043a\u0438","source_project_id":"898ea8e86f4d","source_status":"partial prepared CAD: 45 of 47 external references embedded","street":"\u041a\u0443\u043b\u0438\u043a\u043e\u0432\u04
1000
41\u043a\u0430\u044f \u0443\u043b\u0438\u0446\u0430, \u041c\u043e\u0441\u043a\u0432\u0430","suggestion_confidence":"high"},"role":"asset","schema_version":1,"type_id":"net.tray"}
  0
LWPOLYLINE
  5
AF
330
17
100
AcDbEntity
  8
GC_DRAINAGE_TRAY
100
AcDbPolyline
 90
4
 70
1
 10
3943.4041236553794
 20
-11074.024416413396
 10
3943.17417483032
 20
-11073.92631722659
 10
3943.370373336852
 20
-11073.466419253084
 10
3943.600312416859
 20
-11073.564541919832
1001
GREENCAD_EDIT_V1
1000
{"geometry_role":"OUTER_CONTOUR","id":"kul-tray:000028:31293457de5d","properties":{"missing_external_references":["\u0410\u0421\u0423_\u041e\u0414\u0421_\u041a\u0443\u043b\u0438\u043a\u043e\u0432\u044
1000
1\u043a\u0430\u044f","\u04407989_\u041a\u0443\u043b\u0438\u043a\u043e\u0432\u0441\u043a\u0430\u044f \u0443\u043b._\u043f\u0440\u043e\u0435\u043a\u0442"],"normative":false,"professional_confirmation":f
1000
alse,"semantic_authority":"project layer-name evidence for diagnostic testing only","semantic_basis":"explicit project layer name; advisory classification","source_currentness_confirmed":false,"source
1000
_entity_type":"LWPOLYLINE","source_file":"cad_candidate.flattened.r2010.dxf","source_layer":"\u0414\u0412_\u0413\u041f_\u041f_\u0412\u043e\u0434\u043e\u043e\u0442\u0432\u043e\u0434\u043d\u044b\u0435_\
1000
u043b\u043e\u0442\u043a\u0438","source_project_id":"898ea8e86f4d","source_status":"partial prepared CAD: 45 of 47 external references embedded","street":"\u041a\u0443\u043b\u0438\u043a\u043e\u0432\u04
1000
41\u043a\u0430\u044f \u0443\u043b\u0438\u0446\u0430, \u041c\u043e\u0441\u043a\u0432\u0430","suggestion_confidence":"high"},"role":"asset","schema_version":1,"type_id":"net.tray"}
  0
LWPOLYLINE
  5
B0
330
17
100
AcDbEntity
  8
GC_DRAINAGE_TRAY
100
AcDbPolyline
 90
4
 70
1
 10
3943.600322391871
 20
-11073.564518537996
 10
3943.370373566812
 20
-11073.466419351189
 10
3943.5665720733437
 20
-11073.006521377683
 10
3943.796511153351
 20
-11073.104644044432
1001
GREENCAD_EDIT_V1
1000
{"geometry_role":"OUTER_CONTOUR","id":"kul-tray:000029:949b6b6b24a6","properties":{"missing_external_references":["\u0410\u0421\u0423_\u041e\u0414\u0421_\u041a\u0443\u043b\u0438\u043a\u043e\u0432\u044
1000
1\u043a\u0430\u044f","\u04407989_\u041a\u0443\u043b\u0438\u043a\u043e\u0432\u0441\u043a\u0430\u044f \u0443\u043b._\u043f\u0440\u043e\u0435\u043a\u0442"],"normative":false,"professional_confirmation":f
1000
alse,"semantic_authority":"project layer-name evidence for diagnostic testing only","semantic_basis":"explicit project layer name; advisory classification","source_currentness_confirmed":false,"source
1000
_entity_type":"LWPOLYLINE","source_file":"cad_candidate.flattened.r2010.dxf","source_layer":"\u0414\u0412_\u0413\u041f_\u041f_\u0412\u043e\u0434\u043e\u043e\u0442\u0432\u043e\u0434\u043d\u044b\u0435_\
1000
u043b\u043e\u0442\u043a\u0438","source_project_id":"898ea8e86f4d","source_status":"partial prepared CAD: 45 of 47 external references embedded","street":"\u041a\u0443\u043b\u0438\u043a\u043e\u0432\u04
1000
41\u043a\u0430\u044f \u0443\u043b\u0438\u0446\u0430, \u041c\u043e\u0441\u043a\u0432\u0430","suggestion_confidence":"high"},"role":"asset","schema_version":1,"type_id":"net.tray"}
  0
LWPOLYLINE
  5
B1
330
17
100
AcDbEntity
  8
GC_DRAINAGE_TRAY
100
AcDbPolyline
 90
4
 70
1
 10
3943.7965211283636
 20
-11073.104620662594
 10
3943.5665723033044
 20
-11073.006521475787
 10
3943.762770809836
 20
-11072.546623502281
 10
3943.9927098898434
 20
-11072.64474616903
1001
GREENCAD_EDIT_V1
1000
{"geometry_role":"OUTER_CONTOUR","id":"kul-tray:000030:0ff82ec865dd","properties":{"missing_external_references":["\u0410\u0421\u0423_\u041e\u0414\u0421_\u041a\u0443\u043b\u0438\u043a\u043e\u0432\u044
1000
1\u043a\u0430\u044f","\u04407989_\u041a\u0443\u043b\u0438\u043a\u043e\u0432\u0441\u043a\u0430\u044f \u0443\u043b._\u043f\u0440\u043e\u0435\u043a\u0442"],"normative":false,"professional_confirmation":f
1000
alse,"semantic_authority":"project layer-name evidence for diagnostic testing only","semantic_basis":"explicit project layer name; advisory classification","source_currentness_confirmed":false,"source
1000
_entity_type":"LWPOLYLINE","source_file":"cad_candidate.flattened.r2010.dxf","source_layer":"\u0414\u0412_\u0413\u041f_\u041f_\u0412\u043e\u0434\u043e\u043e\u0442\u0432\u043e\u0434\u043d\u044b\u0435_\
1000
u043b\u043e\u0442\u043a\u0438","source_project_id":"898ea8e86f4d","source_status":"partial prepared CAD: 45 of 47 external references embedded","street":"\u041a\u0443\u043b\u0438\u043a\u043e\u0432\u04
1000
41\u043a\u0430\u044f \u0443\u043b\u0438\u0446\u0430, \u041c\u043e\u0441\u043a\u0432\u0430","suggestion_confidence":"high"},"role":"asset","schema_version":1,"type_id":"net.tray"}
  0
LWPOLYLINE
  5
B2
330
17
100
AcDbEntity
  8
GC_DRAINAGE_TRAY
100
AcDbPolyline
 90
4
 70
1
 10
3943.9927198648556
 20
-11072.644722787192
 10
3943.7627710397965
 20
-11072.546623600385
 10
3943.9589695463283
 20
-11072.08672562688
 10
3944.1889086263354
 20
-11072.184848293628
1001
GREENCAD_EDIT_V1
1000
{"geometry_role":"OUTER_CONTOUR","id":"kul-tray:000031:62b1e969556b","properties":{"missing_external_references":["\u0410\u0421\u0423_\u041e\u0414\u0421_\u041a\u0443\u043b\u0438\u043a\u043e\u0432\u044
1000
1\u043a\u0430\u044f","\u04407989_\u041a\u0443\u043b\u0438\u043a\u043e\u0432\u0441\u043a\u0430\u044f \u0443\u043b._\u043f\u0440\u043e\u0435\u043a\u0442"],"normative":false,"professional_confirmation":f
1000
alse,"semantic_authority":"project layer-name evidence for diagnostic testing only","semantic_basis":"explicit project layer name; advisory classification","source_currentness_confirmed":false,"source
1000
_entity_type":"LWPOLYLINE","source_file":"cad_candidate.flattened.r2010.dxf","source_layer":"\u0414\u0412_\u0413\u041f_\u041f_\u0412\u043e\u0434\u043e\u043e\u0442\u0432\u043e\u0434\u043d\u044b\u0435_\
1000
u043b\u043e\u0442\u043a\u0438","source_project_id":"898ea8e86f4d","source_status":"partial prepared CAD: 45 of 47 external references embedded","street":"\u041a\u0443\u043b\u0438\u043a\u043e\u0432\u04
1000
41\u043a\u0430\u044f \u0443\u043b\u0438\u0446\u0430, \u041c\u043e\u0441\u043a\u0432\u0430","suggestion_confidence":"high"},"role":"asset","schema_version":1,"type_id":"net.tray"}
  0
LWPOLYLINE
  5
B3
330
17
100
AcDbEntity
  8
GC_DRAINAGE_TRAY
100
AcDbPolyline
 90
4
 70
1
 10
3944.1889186013473
 20
-11072.18482491179
 10
3943.958969776288
 20
-11072.086725724983
 10
3944.15516828282
 20
-11071.626827751477
 10
3944.385107362827
 20
-11071.724950418225
1001
GREENCAD_EDIT_V1
1000
{"geometry_role":"OUTER_CONTOUR","id":"kul-tray:000032:085f286d5944","properties":{"missing_external_references":["\u0410\u0421\u0423_\u041e\u0414\u0421_\u041a\u0443\u043b\u0438\u043a\u043e\u0432\u044
1000
1\u043a\u0430\u044f","\u04407989_\u041a\u0443\u043b\u0438\u043a\u043e\u0432\u0441\u043a\u0430\u044f \u0443\u043b._\u043f\u0440\u043e\u0435\u043a\u0442"],"normative":false,"professional_confirmation":f
1000
alse,"semantic_authority":"project layer-name evidence for diagnostic testing only","semantic_basis":"explicit project layer name; advisory classification","source_currentness_confirmed":false,"source
1000
_entity_type":"LWPOLYLINE","source_file":"cad_candidate.flattened.r2010.dxf","source_layer":"\u0414\u0412_\u0413\u041f_\u041f_\u0412\u043e\u0434\u043e\u043e\u0442\u0432\u043e\u0434\u043d\u044b\u0435_\
1000
u043b\u043e\u0442\u043a\u0438","source_project_id":"898ea8e86f4d","source_status":"partial prepared CAD: 45 of 47 external references embedded","street":"\u041a\u0443\u043b\u0438\u043a\u043e\u0432\u04
1000
41\u043a\u0430\u044f \u0443\u043b\u0438\u0446\u0430, \u041c\u043e\u0441\u043a\u0432\u0430","suggestion_confidence":"high"},"role":"asset","schema_version":1,"type_id":"net.tray"}
  0
LWPOLYLINE
  5
B4
330
17
100
AcDbEntity
  8
GC_DRAINAGE_TRAY
100
AcDbPolyline
 90
4
 70
1
 10
3944.3851173378393
 20
-11071.72492703639
 10
3944.15516851278
 20
-11071.626827849583
 10
3944.351367019312
 20
-11071.166929876077
 10
3944.581306099319
 20
-11071.265052542825
1001
GREENCAD_EDIT_V1
1000
{"geometry_role":"OUTER_CONTOUR","id":"kul-tray:000033:0d86e3897c33","properties":{"missing_external_references":["\u0410\u0421\u0423_\u041e\u0414\u0421_\u041a\u0443\u043b\u0438\u043a\u043e\u0432\u044
1000
1\u043a\u0430\u044f","\u04407989_\u041a\u0443\u043b\u0438\u043a\u043e\u0432\u0441\u043a\u0430\u044f \u0443\u043b._\u043f\u0440\u043e\u0435\u043a\u0442"],"normative":false,"professional_confirmation":f
1000
alse,"semantic_authority":"project layer-name evidence for diagnostic testing only","semantic_basis":"explicit project layer name; advisory classification","source_currentness_confirmed":false,"source
1000
_entity_type":"LWPOLYLINE","source_file":"cad_candidate.flattened.r2010.dxf","source_layer":"\u0414\u0412_\u0413\u041f_\u041f_\u0412\u043e\u0434\u043e\u043e\u0442\u0432\u043e\u0434\u043d\u044b\u0435_\
1000
u043b\u043e\u0442\u043a\u0438","source_project_id":"898ea8e86f4d","source_status":"partial prepared CAD: 45 of 47 external references embedded","street":"\u041a\u0443\u043b\u0438\u043a\u043e\u0432\u04
1000
41\u043a\u0430\u044f \u0443\u043b\u0438\u0446\u0430, \u041c\u043e\u0441\u043a\u0432\u0430","suggestion_confidence":"high"},"role":"asset","schema_version":1,"type_id":"net.tray"}
  0
LWPOLYLINE
  5
B5
330
17
100
AcDbEntity
  8
GC_DRAINAGE_TRAY
100
AcDbPolyline
 90
4
 70
1
 10
3944.5813160743314
 20
-11071.265029160988
 10
3944.3513672492722
 20
-11071.16692997418
 10
3944.547565755804
 20
-11070.707032000675
 10
3944.777504835811
 20
-11070.805154667423
1001
GREENCAD_EDIT_V1
1000
{"geometry_role":"OUTER_CONTOUR","id":"kul-tray:000034:184807cfb4d3","properties":{"missing_external_references":["\u0410\u0421\u0423_\u041e\u0414\u0421_\u041a\u0443\u043b\u0438\u043a\u043e\u0432\u044
1000
1\u043a\u0430\u044f","\u04407989_\u041a\u0443\u043b\u0438\u043a\u043e\u0432\u0441\u043a\u0430\u044f \u0443\u043b._\u043f\u0440\u043e\u0435\u043a\u0442"],"normative":false,"professional_confirmation":f
1000
alse,"semantic_authority":"project layer-name evidence for diagnostic testing only","semantic_basis":"explicit project layer name; advisory classification","source_currentness_confirmed":false,"source
1000
_entity_type":"LWPOLYLINE","source_file":"cad_candidate.flattened.r2010.dxf","source_layer":"\u0414\u0412_\u0413\u041f_\u041f_\u0412\u043e\u0434\u043e\u043e\u0442\u0432\u043e\u0434\u043d\u044b\u0435_\
1000
u043b\u043e\u0442\u043a\u0438","source_project_id":"898ea8e86f4d","source_status":"partial prepared CAD: 45 of 47 external references embedded","street":"\u041a\u0443\u043b\u0438\u043a\u043e\u0432\u04
1000
41\u043a\u0430\u044f \u0443\u043b\u0438\u0446\u0430, \u041c\u043e\u0441\u043a\u0432\u0430","suggestion_confidence":"high"},"role":"asset","schema_version":1,"type_id":"net.tray"}
  0
LWPOLYLINE
  5
B6
330
17
100
AcDbEntity
  8
GC_DRAINAGE_TRAY
100
AcDbPolyline
 90
4
 70
1
 10
3944.7775148108235
 20
-11070.805131285586
 10
3944.5475659857643
 20
-11070.707032098779
 10
3944.743764492296
 20
-11070.247134125273
 10
3944.9737035723033
 20
-11070.345256792021
1001
GREENCAD_EDIT_V1
1000
{"geometry_role":"OUTER_CONTOUR","id":"kul-tray:000035:8e6c983fcec8","properties":{"missing_external_references":["\u0410\u0421\u0423_\u041e\u0414\u0421_\u041a\u0443\u043b\u0438\u043a\u043e\u0432\u044
1000
1\u043a\u0430\u044f","\u04407989_\u041a\u0443\u043b\u0438\u043a\u043e\u0432\u0441\u043a\u0430\u044f \u0443\u043b._\u043f\u0440\u043e\u0435\u043a\u0442"],"normative":false,"professional_confirmation":f
1000
alse,"semantic_authority":"project layer-name evidence for diagnostic testing only","semantic_basis":"explicit project layer name; advisory classification","source_currentness_confirmed":false,"source
1000
_entity_type":"LWPOLYLINE","source_file":"cad_candidate.flattened.r2010.dxf","source_layer":"\u0414\u0412_\u0413\u041f_\u041f_\u0412\u043e\u0434\u043e\u043e\u0442\u0432\u043e\u0434\u043d\u044b\u0435_\
1000
u043b\u043e\u0442\u043a\u0438","source_project_id":"898ea8e86f4d","source_status":"partial prepared CAD: 45 of 47 external references embedded","street":"\u041a\u0443\u043b\u0438\u043a\u043e\u0432\u04
1000
41\u043a\u0430\u044f \u0443\u043b\u0438\u0446\u0430, \u041c\u043e\u0441\u043a\u0432\u0430","suggestion_confidence":"high"},"role":"asset","schema_version":1,"type_id":"net.tray"}
  0
LWPOLYLINE
  5
B7
330
17
100
AcDbEntity
  8
GC_DRAINAGE_TRAY
100
AcDbPolyline
 90
4
 70
1
 10
3944.9737135473156
 20
-11070.345233410184
 10
3944.7437647222564
 20
-11070.247134223377
 10
3944.939963228788
 20
-11069.787236249871
 10
3945.1699023087954
 20
-11069.88535891662
1001
GREENCAD_EDIT_V1
1000
{"geometry_role":"OUTER_CONTOUR","id":"kul-tray:000036:2cdfcbb0f5d5","properties":{"missing_external_references":["\u0410\u0421\u0423_\u041e\u0414\u0421_\u041a\u0443\u043b\u0438\u043a\u043e\u0432\u044
1000
1\u043a\u0430\u044f","\u04407989_\u041a\u0443\u043b\u0438\u043a\u043e\u0432\u0441\u043a\u0430\u044f \u0443\u043b._\u043f\u0440\u043e\u0435\u043a\u0442"],"normative":false,"professional_confirmation":f
1000
alse,"semantic_authority":"project layer-name evidence for diagnostic testing only","semantic_basis":"explicit project layer name; advisory classification","source_currentness_confirmed":false,"source
1000
_entity_type":"LWPOLYLINE","source_file":"cad_candidate.flattened.r2010.dxf","source_layer":"\u0414\u0412_\u0413\u041f_\u041f_\u0412\u043e\u0434\u043e\u043e\u0442\u0432\u043e\u0434\u043d\u044b\u0435_\
1000
u043b\u043e\u0442\u043a\u0438","source_project_id":"898ea8e86f4d","source_status":"partial prepared CAD: 45 of 47 external references embedded","street":"\u041a\u0443\u043b\u0438\u043a\u043e\u0432\u04
1000
41\u043a\u0430\u044f \u0443\u043b\u0438\u0446\u0430, \u041c\u043e\u0441\u043a\u0432\u0430","suggestion_confidence":"high"},"role":"asset","schema_version":1,"type_id":"net.tray"}
  0
LWPOLYLINE
  5
B8
330
17
100
AcDbEntity
  8
GC_DRAINAGE_TRAY
100
AcDbPolyline
 90
4
 70
1
 10
3945.1699122838077
 20
-11069.885335534782
 10
3944.9399634587485
 20
-11069.787236347975
 10
3945.1361619652803
 20
-11069.327338374469
 10
3945.3661010452875
 20
-11069.425461041217
1001
GREENCAD_EDIT_V1
1000
{"geometry_role":"OUTER_CONTOUR","id":"kul-tray:000037:65d84829fbc1","properties":{"missing_external_references":["\u0410\u0421\u0423_\u041e\u0414\u0421_\u041a\u0443\u043b\u0438\u043a\u043e\u0432\u044
1000
1\u043a\u0430\u044f","\u04407989_\u041a\u0443\u043b\u0438\u043a\u043e\u0432\u0441\u043a\u0430\u044f \u0443\u043b._\u043f\u0440\u043e\u0435\u043a\u0442"],"normative":false,"professional_confirmation":f
1000
alse,"semantic_authority":"project layer-name evidence for diagnostic testing only","semantic_basis":"explicit project layer name; advisory classification","source_currentness_confirmed":false,"source
1000
_entity_type":"LWPOLYLINE","source_file":"cad_candidate.flattened.r2010.dxf","source_layer":"\u0414\u0412_\u0413\u041f_\u041f_\u0412\u043e\u0434\u043e\u043e\u0442\u0432\u043e\u0434\u043d\u044b\u0435_\
1000
u043b\u043e\u0442\u043a\u0438","source_project_id":"898ea8e86f4d","source_status":"partial prepared CAD: 45 of 47 external references embedded","street":"\u041a\u0443\u043b\u0438\u043a\u043e\u0432\u04
1000
41\u043a\u0430\u044f \u0443\u043b\u0438\u0446\u0430, \u041c\u043e\u0441\u043a\u0432\u0430","suggestion_confidence":"high"},"role":"asset","schema_version":1,"type_id":"net.tray"}
  0
LWPOLYLINE
  5
B9
330
17
100
AcDbEntity
  8
GC_DRAINAGE_TRAY
100
AcDbPolyline
 90
4
 70
1
 10
3945.3661110202997
 20
-11069.425437659382
 10
3945.1361621952406
 20
-11069.327338472574
 10
3945.3323607017724
 20
-11068.867440499069
 10
3945.5622997817795
 20
-11068.965563165817
1001
GREENCAD_EDIT_V1
1000
{"geometry_role":"OUTER_CONTOUR","id":"kul-tray:000038:520b8c69b0af","properties":{"missing_external_references":["\u0410\u0421\u0423_\u041e\u0414\u0421_\u041a\u0443\u043b\u0438\u043a\u043e\u0432\u044
1000
1\u043a\u0430\u044f","\u04407989_\u041a\u0443\u043b\u0438\u043a\u043e\u0432\u0441\u043a\u0430\u044f \u0443\u043b._\u043f\u0440\u043e\u0435\u043a\u0442"],"normative":false,"professional_confirmation":f
1000
alse,"semantic_authority":"project layer-name evidence for diagnostic testing only","semantic_basis":"explicit project layer name; advisory classification","source_currentness_confirmed":false,"source
1000
_entity_type":"LWPOLYLINE","source_file":"cad_candidate.flattened.r2010.dxf","source_layer":"\u0414\u0412_\u0413\u041f_\u041f_\u0412\u043e\u0434\u043e\u043e\u0442\u0432\u043e\u0434\u043d\u044b\u0435_\
1000
u043b\u043e\u0442\u043a\u0438","source_project_id":"898ea8e86f4d","source_status":"partial prepared CAD: 45 of 47 external references embedded","street":"\u041a\u0443\u043b\u0438\u043a\u043e\u0432\u04
1000
41\u043a\u0430\u044f \u0443\u043b\u0438\u0446\u0430, \u041c\u043e\u0441\u043a\u0432\u0430","suggestion_confidence":"high"},"role":"asset","schema_version":1,"type_id":"net.tray"}
  0
LWPOLYLINE
  5
BA
330
17
100
AcDbEntity
  8
GC_DRAINAGE_TRAY
100
AcDbPolyline
 90
4
 70
1
 10
3945.562309756792
 20
-11068.96553978398
 10
3945.3323609317326
 20
-11068.867440597172
 10
3945.5285594382644
 20
-11068.407542623667
 10
3945.7584985182716
 20
-11068.505665290415
1001
GREENCAD_EDIT_V1
1000
{"geometry_role":"OUTER_CONTOUR","id":"kul-tray:000039:06b1eed28d89","properties":{"missing_external_references":["\u0410\u0421\u0423_\u041e\u0414\u0421_\u041a\u0443\u043b\u0438\u043a\u043e\u0432\u044
1000
1\u043a\u0430\u044f","\u04407989_\u041a\u0443\u043b\u0438\u043a\u043e\u0432\u0441\u043a\u0430\u044f \u0443\u043b._\u043f\u0440\u043e\u0435\u043a\u0442"],"normative":false,"professional_confirmation":f
1000
alse,"semantic_authority":"project layer-name evidence for diagnostic testing only","semantic_basis":"explicit project layer name; advisory classification","source_currentness_confirmed":false,"source
1000
_entity_type":"LWPOLYLINE","source_file":"cad_candidate.flattened.r2010.dxf","source_layer":"\u0414\u0412_\u0413\u041f_\u041f_\u0412\u043e\u0434\u043e\u043e\u0442\u0432\u043e\u0434\u043d\u044b\u0435_\
1000
u043b\u043e\u0442\u043a\u0438","source_project_id":"898ea8e86f4d","source_status":"partial prepared CAD: 45 of 47 external references embedded","street":"\u041a\u0443\u043b\u0438\u043a\u043e\u0432\u04
1000
41\u043a\u0430\u044f \u0443\u043b\u0438\u0446\u0430, \u041c\u043e\u0441\u043a\u0432\u0430","suggestion_confidence":"high"},"role":"asset","schema_version":1,"type_id":"net.tray"}
  0
LWPOLYLINE
  5
BB
330
17
100
AcDbEntity
  8
GC_DRAINAGE_TRAY
100
AcDbPolyline
 90
4
 70
1
 10
3945.758508493284
 20
-11068.505641908578
 10
3945.5285596682247
 20
-11068.40754272177
 10
3945.7247581747565
 20
-11067.947644748265
 10
3945.9546972547637
 20
-11068.045767415013
1001
GREENCAD_EDIT_V1
1000
{"geometry_role":"OUTER_CONTOUR","id":"kul-tray:000040:6ae7f6505223","properties":{"missing_external_references":["\u0410\u0421\u0423_\u041e\u0414\u0421_\u041a\u0443\u043b\u0438\u043a\u043e\u0432\u044
1000
1\u043a\u0430\u044f","\u04407989_\u041a\u0443\u043b\u0438\u043a\u043e\u0432\u0441\u043a\u0430\u044f \u0443\u043b._\u043f\u0440\u043e\u0435\u043a\u0442"],"normative":false,"professional_confirmation":f
1000
alse,"semantic_authority":"project layer-name evidence for diagnostic testing only","semantic_basis":"explicit project layer name; advisory classification","source_currentness_confirmed":false,"source
1000
_entity_type":"LWPOLYLINE","source_file":"cad_candidate.flattened.r2010.dxf","source_layer":"\u0414\u0412_\u0413\u041f_\u041f_\u0412\u043e\u0434\u043e\u043e\u0442\u0432\u043e\u0434\u043d\u044b\u0435_\
1000
u043b\u043e\u0442\u043a\u0438","source_project_id":"898ea8e86f4d","source_status":"partial prepared CAD: 45 of 47 external references embedded","street":"\u041a\u0443\u043b\u0438\u043a\u043e\u0432\u04
1000
41\u043a\u0430\u044f \u0443\u043b\u0438\u0446\u0430, \u041c\u043e\u0441\u043a\u0432\u0430","suggestion_confidence":"high"},"role":"asset","schema_version":1,"type_id":"net.tray"}
  0
LWPOLYLINE
  5
BC
330
17
100
AcDbEntity
  8
GC_DRAINAGE_TRAY
100
AcDbPolyline
 90
4
 70
1
 10
3945.954707229776
 20
-11068.045744033176
 10
3945.724758404717
 20
-11067.947644846368
 10
3945.9209569112486
 20
-11067.487746872863
 10
3946.1508959912558
 20
-11067.585869539611
1001
GREENCAD_EDIT_V1
1000
{"geometry_role":"OUTER_CONTOUR","id":"kul-tray:000041:0c1fc6d0d7c4","properties":{"missing_external_references":["\u0410\u0421\u0423_\u041e\u0414\u0421_\u041a\u0443\u043b\u0438\u043a\u043e\u0432\u044
1000
1\u043a\u0430\u044f","\u04407989_\u041a\u0443\u043b\u0438\u043a\u043e\u0432\u0441\u043a\u0430\u044f \u0443\u043b._\u043f\u0440\u043e\u0435\u043a\u0442"],"normative":false,"professional_confirmation":f
1000
alse,"semantic_authority":"project layer-name evidence for diagnostic testing only","semantic_basis":"explicit project layer name; advisory classification","source_currentness_confirmed":false,"source
1000
_entity_type":"LWPOLYLINE","source_file":"cad_candidate.flattened.r2010.dxf","source_layer":"\u0414\u0412_\u0413\u041f_\u041f_\u0412\u043e\u0434\u043e\u043e\u0442\u0432\u043e\u0434\u043d\u044b\u0435_\
1000
u043b\u043e\u0442\u043a\u0438","source_project_id":"898ea8e86f4d","source_status":"partial prepared CAD: 45 of 47 external references embedded","street":"\u041a\u0443\u043b\u0438\u043a\u043e\u0432\u04
1000
41\u043a\u0430\u044f \u0443\u043b\u0438\u0446\u0430, \u041c\u043e\u0441\u043a\u0432\u0430","suggestion_confidence":"high"},"role":"asset","schema_version":1,"type_id":"net.tray"}
  0
LWPOLYLINE
  5
BD
330
17
100
AcDbEntity
  8
GC_DRAINAGE_TRAY
100
AcDbPolyline
 90
4
 70
1
 10
3946.150905966268
 20
-11067.585846157774
 10
3945.920957141209
 20
-11067.487746970966
 10
3946.1171556477407
 20
-11067.02784899746
 10
3946.347094727748
 20
-11067.125971664209
1001
GREENCAD_EDIT_V1
1000
{"geometry_role":"OUTER_CONTOUR","id":"kul-tray:000042:6cc81fc0d1c3","properties":{"missing_external_references":["\u0410\u0421\u0423_\u041e\u0414\u0421_\u041a\u0443\u043b\u0438\u043a\u043e\u0432\u044
1000
1\u043a\u0430\u044f","\u04407989_\u041a\u0443\u043b\u0438\u043a\u043e\u0432\u0441\u043a\u0430\u044f \u0443\u043b._\u043f\u0440\u043e\u0435\u043a\u0442"],"normative":false,"professional_confirmation":f
1000
alse,"semantic_authority":"project layer-name evidence for diagnostic testing only","semantic_basis":"explicit project layer name; advisory classification","source_currentness_confirmed":false,"source
1000
_entity_type":"LWPOLYLINE","source_file":"cad_candidate.flattened.r2010.dxf","source_layer":"\u0414\u0412_\u0413\u041f_\u041f_\u0412\u043e\u0434\u043e\u043e\u0442\u0432\u043e\u0434\u043d\u044b\u0435_\
1000
u043b\u043e\u0442\u043a\u0438","source_project_id":"898ea8e86f4d","source_status":"partial prepared CAD: 45 of 47 external references embedded","street":"\u041a\u0443\u043b\u0438\u043a\u043e\u0432\u04
1000
41\u043a\u0430\u044f \u0443\u043b\u0438\u0446\u0430, \u041c\u043e\u0441\u043a\u0432\u0430","suggestion_confidence":"high"},"role":"asset","schema_version":1,"type_id":"net.tray"}
  0
LWPOLYLINE
  5
BE
330
17
100
AcDbEntity
  8
GC_DRAINAGE_TRAY
100
AcDbPolyline
 90
4
 70
1
 10
3946.34710470276
 20
-11067.125948282373
 10
3946.117155877701
 20
-11067.027849095566
 10
3946.3133543842328
 20
-11066.56795112206
 10
3946.54329346424
 20
-11066.666073788809
1001
GREENCAD_EDIT_V1
1000
{"geometry_role":"OUTER_CONTOUR","id":"kul-tray:000043:4258f2d2d18a","properties":{"missing_external_references":["\u0410\u0421\u0423_\u041e\u0414\u0421_\u041a\u0443\u043b\u0438\u043a\u043e\u0432\u044
1000
1\u043a\u0430\u044f","\u04407989_\u041a\u0443\u043b\u0438\u043a\u043e\u0432\u0441\u043a\u0430\u044f \u0443\u043b._\u043f\u0440\u043e\u0435\u043a\u0442"],"normative":false,"professional_confirmation":f
1000
alse,"semantic_authority":"project layer-name evidence for diagnostic testing only","semantic_basis":"explicit project layer name; advisory classification","source_currentness_confirmed":false,"source
1000
_entity_type":"LWPOLYLINE","source_file":"cad_candidate.flattened.r2010.dxf","source_layer":"\u0414\u0412_\u0413\u041f_\u041f_\u0412\u043e\u0434\u043e\u043e\u0442\u0432\u043e\u0434\u043d\u044b\u0435_\
1000
u043b\u043e\u0442\u043a\u0438","source_project_id":"898ea8e86f4d","source_status":"partial prepared CAD: 45 of 47 external references embedded","street":"\u041a\u0443\u043b\u0438\u043a\u043e\u0432\u04
1000
41\u043a\u0430\u044f \u0443\u043b\u0438\u0446\u0430, \u041c\u043e\u0441\u043a\u0432\u0430","suggestion_confidence":"high"},"role":"asset","schema_version":1,"type_id":"net.tray"}
  0
LWPOLYLINE
  5
BF
330
17
100
AcDbEntity
  8
GC_DRAINAGE_TRAY
100
AcDbPolyline
 90
4
 70
1
 10
3946.5433034392518
 20
-11066.666050406971
 10
3946.3133546141926
 20
-11066.567951220164
 10
3946.5095531207244
 20
-11066.108053246659
 10
3946.7394922007315
 20
-11066.206175913407
1001
GREENCAD_EDIT_V1
1000
{"geometry_role":"OUTER_CONTOUR","id":"kul-tray:000044:5300158cd4b9","properties":{"missing_external_references":["\u0410\u0421\u0423_\u041e\u0414\u0421_\u041a\u0443\u043b\u0438\u043a\u043e\u0432\u044
1000
1\u043a\u0430\u044f","\u04407989_\u041a\u0443\u043b\u0438\u043a\u043e\u0432\u0441\u043a\u0430\u044f \u0443\u043b._\u043f\u0440\u043e\u0435\u043a\u0442"],"normative":false,"professional_confirmation":f
1000
alse,"semantic_authority":"project layer-name evidence for diagnostic testing only","semantic_basis":"explicit project layer name; advisory classification","source_currentness_confirmed":false,"source
1000
_entity_type":"LWPOLYLINE","source_file":"cad_candidate.flattened.r2010.dxf","source_layer":"\u0414\u0412_\u0413\u041f_\u041f_\u0412\u043e\u0434\u043e\u043e\u0442\u0432\u043e\u0434\u043d\u044b\u0435_\
1000
u043b\u043e\u0442\u043a\u0438","source_project_id":"898ea8e86f4d","source_status":"partial prepared CAD: 45 of 47 external references embedded","street":"\u041a\u0443\u043b\u0438\u043a\u043e\u0432\u04
1000
41\u043a\u0430\u044f \u0443\u043b\u0438\u0446\u0430, \u041c\u043e\u0441\u043a\u0432\u0430","suggestion_confidence":"high"},"role":"asset","schema_version":1,"type_id":"net.tray"}
  0
LWPOLYLINE
  5
C0
330
17
100
AcDbEntity
  8
GC_DRAINAGE_TRAY
100
AcDbPolyline
 90
4
 70
1
 10
3946.739502175744
 20
-11066.20615253157
 10
3946.5095533506847
 20
-11066.108053344762
 10
3946.7057518572165
 20
-11065.648155371257
 10
3946.9356909372236
 20
-11065.746278038005
1001
GREENCAD_EDIT_V1
1000
{"geometry_role":"OUTER_CONTOUR","id":"kul-tray:000045:8fcb5bc00f2a","properties":{"missing_external_references":["\u0410\u0421\u0423_\u041e\u0414\u0421_\u041a\u0443\u043b\u0438\u043a\u043e\u0432\u044
1000
1\u043a\u0430\u044f","\u04407989_\u041a\u0443\u043b\u0438\u043a\u043e\u0432\u0441\u043a\u0430\u044f \u0443\u043b._\u043f\u0440\u043e\u0435\u043a\u0442"],"normative":false,"professional_confirmation":f
1000
alse,"semantic_authority":"project layer-name evidence for diagnostic testing only","semantic_basis":"explicit project layer name; advisory classification","source_currentness_confirmed":false,"source
1000
_entity_type":"LWPOLYLINE","source_file":"cad_candidate.flattened.r2010.dxf","source_layer":"\u0414\u0412_\u0413\u041f_\u041f_\u0412\u043e\u0434\u043e\u043e\u0442\u0432\u043e\u0434\u043d\u044b\u0435_\
1000
u043b\u043e\u0442\u043a\u0438","source_project_id":"898ea8e86f4d","source_status":"partial prepared CAD: 45 of 47 external references embedded","street":"\u041a\u0443\u043b\u0438\u043a\u043e\u0432\u04
1000
41\u043a\u0430\u044f \u0443\u043b\u0438\u0446\u0430, \u041c\u043e\u0441\u043a\u0432\u0430","suggestion_confidence":"high"},"role":"asset","schema_version":1,"type_id":"net.tray"}
  0
LWPOLYLINE
  5
C1
330
17
100
AcDbEntity
  8
GC_DRAINAGE_TRAY
100
AcDbPolyline
 90
4
 70
1
 10
3946.935700912236
 20
-11065.746254656167
 10
3946.7057520871767
 20
-11065.64815546936
 10
3946.9019505937085
 20
-11065.188257495854
 10
3947.1318896737157
 20
-11065.286380162603
1001
GREENCAD_EDIT_V1
1000
{"geometry_role":"OUTER_CONTOUR","id":"kul-tray:000046:d012a0733f02","properties":{"missing_external_references":["\u0410\u0421\u0423_\u041e\u0414\u0421_\u041a\u0443\u043b\u0438\u043a\u043e\u0432\u044
1000
1\u043a\u0430\u044f","\u04407989_\u041a\u0443\u043b\u0438\u043a\u043e\u0432\u0441\u043a\u0430\u044f \u0443\u043b._\u043f\u0440\u043e\u0435\u043a\u0442"],"normative":false,"professional_confirmation":f
1000
alse,"semantic_authority":"project layer-name evidence for diagnostic testing only","semantic_basis":"explicit project layer name; advisory classification","source_currentness_confirmed":false,"source
1000
_entity_type":"LWPOLYLINE","source_file":"cad_candidate.flattened.r2010.dxf","source_layer":"\u0414\u0412_\u0413\u041f_\u041f_\u0412\u043e\u0434\u043e\u043e\u0442\u0432\u043e\u0434\u043d\u044b\u0435_\
1000
u043b\u043e\u0442\u043a\u0438","source_project_id":"898ea8e86f4d","source_status":"partial prepared CAD: 45 of 47 external references embedded","street":"\u041a\u0443\u043b\u0438\u043a\u043e\u0432\u04
1000
41\u043a\u0430\u044f \u0443\u043b\u0438\u0446\u0430, \u041c\u043e\u0441\u043a\u0432\u0430","suggestion_confidence":"high"},"role":"asset","schema_version":1,"type_id":"net.tray"}
  0
LWPOLYLINE
  5
C2
330
17
100
AcDbEntity
  8
GC_DRAINAGE_TRAY
100
AcDbPolyline
 90
4
 70
1
 10
3947.131899648728
 20
-11065.286356780767
 10
3946.901950823669
 20
-11065.18825759396
 10
3947.0981493302006
 20
-11064.728359620454
 10
3947.328088410208
 20
-11064.826482287202
1001
GREENCAD_EDIT_V1
1000
{"geometry_role":"OUTER_CONTOUR","id":"kul-tray:000047:76bdab841583","properties":{"missing_external_references":["\u0410\u0421\u0423_\u041e\u0414\u0421_\u041a\u0443\u043b\u0438\u043a\u043e\u0432\u044
1000
1\u043a\u0430\u044f","\u04407989_\u041a\u0443\u043b\u0438\u043a\u043e\u0432\u0441\u043a\u0430\u044f \u0443\u043b._\u043f\u0440\u043e\u0435\u043a\u0442"],"normative":false,"professional_confirmation":f
1000
alse,"semantic_authority":"project layer-name evidence for diagnostic testing only","semantic_basis":"explicit project layer name; advisory classification","source_currentness_confirmed":false,"source
1000
_entity_type":"LWPOLYLINE","source_file":"cad_candidate.flattened.r2010.dxf","source_layer":"\u0414\u0412_\u0413\u041f_\u041f_\u0412\u043e\u0434\u043e\u043e\u0442\u0432\u043e\u0434\u043d\u044b\u0435_\
1000
u043b\u043e\u0442\u043a\u0438","source_project_id":"898ea8e86f4d","source_status":"partial prepared CAD: 45 of 47 external references embedded","street":"\u041a\u0443\u043b\u0438\u043a\u043e\u0432\u04
1000
41\u043a\u0430\u044f \u0443\u043b\u0438\u0446\u0430, \u041c\u043e\u0441\u043a\u0432\u0430","suggestion_confidence":"high"},"role":"asset","schema_version":1,"type_id":"net.tray"}
  0
LWPOLYLINE
  5
C3
330
17
100
AcDbEntity
  8
GC_DRAINAGE_TRAY
100
AcDbPolyline
 90
4
 70
1
 10
3947.32809838522
 20
-11064.826458905365
 10
3947.098149560161
 20
-11064.728359718558
 10
3947.2943480666927
 20
-11064.268461745052
 10
3947.5242871467
 20
-11064.3665844118
1001
GREENCAD_EDIT_V1
1000
{"geometry_role":"OUTER_CONTOUR","id":"kul-tray:000048:ad6482aedd5d","properties":{"missing_external_references":["\u0410\u0421\u0423_\u041e\u0414\u0421_\u041a\u0443\u043b\u0438\u043a\u043e\u0432\u044
1000
1\u043a\u0430\u044f","\u04407989_\u041a\u0443\u043b\u0438\u043a\u043e\u0432\u0441\u043a\u0430\u044f \u0443\u043b._\u043f\u0440\u043e\u0435\u043a\u0442"],"normative":false,"professional_confirmation":f
1000
alse,"semantic_authority":"project layer-name evidence for diagnostic testing only","semantic_basis":"explicit project layer name; advisory classification","source_currentness_confirmed":false,"source
1000
_entity_type":"LWPOLYLINE","source_file":"cad_candidate.flattened.r2010.dxf","source_layer":"\u0414\u0412_\u0413\u041f_\u041f_\u0412\u043e\u0434\u043e\u043e\u0442\u0432\u043e\u0434\u043d\u044b\u0435_\
1000
u043b\u043e\u0442\u043a\u0438","source_project_id":"898ea8e86f4d","source_status":"partial prepared CAD: 45 of 47 external references embedded","street":"\u041a\u0443\u043b\u0438\u043a\u043e\u0432\u04
1000
41\u043a\u0430\u044f \u0443\u043b\u0438\u0446\u0430, \u041c\u043e\u0441\u043a\u0432\u0430","suggestion_confidence":"high"},"role":"asset","schema_version":1,"type_id":"net.tray"}
  0
LWPOLYLINE
  5
C4
330
17
100
AcDbEntity
  8
GC_DRAINAGE_TRAY
100
AcDbPolyline
 90
4
 70
1
 10
3947.524297121712
 20
-11064.366561029963
 10
3947.294348296653
 20
-11064.268461843156
 10
3947.4905468031848
 20
-11063.80856386965
 10
3947.720485883192
 20
-11063.906686536398
1001
GREENCAD_EDIT_V1
1000
{"geometry_role":"OUTER_CONTOUR","id":"kul-tray:000049:1e9bcfdaf001","properties":{"missing_external_references":["\u0410\u0421\u0423_\u041e\u0414\u0421_\u041a\u0443\u043b\u0438\u043a\u043e\u0432\u044
1000
1\u043a\u0430\u044f","\u04407989_\u041a\u0443\u043b\u0438\u043a\u043e\u0432\u0441\u043a\u0430\u044f \u0443\u043b._\u043f\u0440\u043e\u0435\u043a\u0442"],"normative":false,"professional_confirmation":f
1000
alse,"semantic_authority":"project layer-name evidence for diagnostic testing only","semantic_basis":"explicit project layer name; advisory classification","source_currentness_confirmed":false,"source
1000
_entity_type":"LWPOLYLINE","source_file":"cad_candidate.flattened.r2010.dxf","source_layer":"\u0414\u0412_\u0413\u041f_\u041f_\u0412\u043e\u0434\u043e\u043e\u0442\u0432\u043e\u0434\u043d\u044b\u0435_\
1000
u043b\u043e\u0442\u043a\u0438","source_project_id":"898ea8e86f4d","source_status":"partial prepared CAD: 45 of 47 external references embedded","street":"\u041a\u0443\u043b\u0438\u043a\u043e\u0432\u04
1000
41\u043a\u0430\u044f \u0443\u043b\u0438\u0446\u0430, \u041c\u043e\u0441\u043a\u0432\u0430","suggestion_confidence":"high"},"role":"asset","schema_version":1,"type_id":"net.tray"}
  0
LWPOLYLINE
  5
C5
330
17
100
AcDbEntity
  8
GC_DRAINAGE_TRAY
100
AcDbPolyline
 90
4
 70
1
 10
3947.7204958582042
 20
-11063.906663154561
 10
3947.490547033145
 20
-11063.808563967754
 10
3947.686745539677
 20
-11063.348665994248
 10
3947.916684619684
 20
-11063.446788660996
1001
GREENCAD_EDIT_V1
1000
{"geometry_role":"OUTER_CONTOUR","id":"kul-tray:000050:c5956be6e3cb","properties":{"missing_external_references":["\u0410\u0421\u0423_\u041e\u0414\u0421_\u041a\u0443\u043b\u0438\u043a\u043e\u0432\u044
1000
1\u043a\u0430\u044f","\u04407989_\u041a\u0443\u043b\u0438\u043a\u043e\u0432\u0441\u043a\u0430\u044f \u0443\u043b._\u043f\u0440\u043e\u0435\u043a\u0442"],"normative":false,"professional_confirmation":f
1000
alse,"semantic_authority":"project layer-name evidence for diagnostic testing only","semantic_basis":"explicit project layer name; advisory classification","source_currentness_confirmed":false,"source
1000
_entity_type":"LWPOLYLINE","source_file":"cad_candidate.flattened.r2010.dxf","source_layer":"\u0414\u0412_\u0413\u041f_\u041f_\u0412\u043e\u0434\u043e\u043e\u0442\u0432\u043e\u0434\u043d\u044b\u0435_\
1000
u043b\u043e\u0442\u043a\u0438","source_project_id":"898ea8e86f4d","source_status":"partial prepared CAD: 45 of 47 external references embedded","street":"\u041a\u0443\u043b\u0438\u043a\u043e\u0432\u04
1000
41\u043a\u0430\u044f \u0443\u043b\u0438\u0446\u0430, \u041c\u043e\u0441\u043a\u0432\u0430","suggestion_confidence":"high"},"role":"asset","schema_version":1,"type_id":"net.tray"}
  0
LWPOLYLINE
  5
C6
330
17
100
AcDbEntity
  8
GC_DRAINAGE_TRAY
100
AcDbPolyline
 90
4
 70
1
 10
3947.9166945946963
 20
-11063.44676527916
 10
3947.686745769637
 20
-11063.348666092354
 10
3947.882944276169
 20
-11062.888768118848
 10
3948.112883356176
 20
-11062.986890785596
1001
GREENCAD_EDIT_V1
1000
{"geometry_role":"OUTER_CONTOUR","id":"kul-tray:000051:ebb9943c2689","properties":{"missing_external_references":["\u0410\u0421\u0423_\u041e\u0414\u0421_\u041a\u0443\u043b\u0438\u043a\u043e\u0432\u044
1000
1\u043a\u0430\u044f","\u04407989_\u041a\u0443\u043b\u0438\u043a\u043e\u0432\u0441\u043a\u0430\u044f \u0443\u043b._\u043f\u0440\u043e\u0435\u043a\u0442"],"normative":false,"professional_confirmation":f
1000
alse,"semantic_authority":"project layer-name evidence for diagnostic testing only","semantic_basis":"explicit project layer name; advisory classification","source_currentness_confirmed":false,"source
1000
_entity_type":"LWPOLYLINE","source_file":"cad_candidate.flattened.r2010.dxf","source_layer":"\u0414\u0412_\u0413\u041f_\u041f_\u0412\u043e\u0434\u043e\u043e\u0442\u0432\u043e\u0434\u043d\u044b\u0435_\
1000
u043b\u043e\u0442\u043a\u0438","source_project_id":"898ea8e86f4d","source_status":"partial prepared CAD: 45 of 47 external references embedded","street":"\u041a\u0443\u043b\u0438\u043a\u043e\u0432\u04
1000
41\u043a\u0430\u044f \u0443\u043b\u0438\u0446\u0430, \u041c\u043e\u0441\u043a\u0432\u0430","suggestion_confidence":"high"},"role":"asset","schema_version":1,"type_id":"net.tray"}
  0
LWPOLYLINE
  5
C7
330
17
100
AcDbEntity
  8
GC_DRAINAGE_TRAY
100
AcDbPolyline
 90
4
 70
1
 10
3948.1128933311884
 20
-11062.986867403759
 10
3947.882944506129
 20
-11062.888768216952
 10
3948.079143012661
 20
-11062.428870243446
 10
3948.309082092668
 20
-11062.526992910194
1001
GREENCAD_EDIT_V1
1000
{"geometry_role":"OUTER_CONTOUR","id":"kul-tray:000052:b2db95e07edc","properties":{"missing_external_references":["\u0410\u0421\u0423_\u041e\u0414\u0421_\u041a\u0443\u043b\u0438\u043a\u043e\u0432\u044
1000
1\u043a\u0430\u044f","\u04407989_\u041a\u0443\u043b\u0438\u043a\u043e\u0432\u0441\u043a\u0430\u044f \u0443\u043b._\u043f\u0440\u043e\u0435\u043a\u0442"],"normative":false,"professional_confirmation":f
1000
alse,"semantic_authority":"project layer-name evidence for diagnostic testing only","semantic_basis":"explicit project layer name; advisory classification","source_currentness_confirmed":false,"source
1000
_entity_type":"LWPOLYLINE","source_file":"cad_candidate.flattened.r2010.dxf","source_layer":"\u0414\u0412_\u0413\u041f_\u041f_\u0412\u043e\u0434\u043e\u043e\u0442\u0432\u043e\u0434\u043d\u044b\u0435_\
1000
u043b\u043e\u0442\u043a\u0438","source_project_id":"898ea8e86f4d","source_status":"partial prepared CAD: 45 of 47 external references embedded","street":"\u041a\u0443\u043b\u0438\u043a\u043e\u0432\u04
1000
41\u043a\u0430\u044f \u0443\u043b\u0438\u0446\u0430, \u041c\u043e\u0441\u043a\u0432\u0430","suggestion_confidence":"high"},"role":"asset","schema_version":1,"type_id":"net.tray"}
  0
LWPOLYLINE
  5
C8
330
17
100
AcDbEntity
  8
GC_DRAINAGE_TRAY
100
AcDbPolyline
 90
4
 70
1
 10
3948.3090920676805
 20
-11062.526969528357
 10
3948.0791432426213
 20
-11062.42887034155
 10
3948.275341749153
 20
-11061.968972368044
 10
3948.5052808291603
 20
-11062.067095034792
1001
GREENCAD_EDIT_V1
1000
{"geometry_role":"OUTER_CONTOUR","id":"kul-tray:000053:b58efdcd858b","properties":{"missing_external_references":["\u0410\u0421\u0423_\u041e\u0414\u0421_\u041a\u0443\u043b\u0438\u043a\u043e\u0432\u044
1000
1\u043a\u0430\u044f","\u04407989_\u041a\u0443\u043b\u0438\u043a\u043e\u0432\u0441\u043a\u0430\u044f \u0443\u043b._\u043f\u0440\u043e\u0435\u043a\u0442"],"normative":false,"professional_confirmation":f
1000
alse,"semantic_authority":"project layer-name evidence for diagnostic testing only","semantic_basis":"explicit project layer name; advisory classification","source_currentness_confirmed":false,"source
1000
_entity_type":"LWPOLYLINE","source_file":"cad_candidate.flattened.r2010.dxf","source_layer":"\u0414\u0412_\u0413\u041f_\u041f_\u0412\u043e\u0434\u043e\u043e\u0442\u0432\u043e\u0434\u043d\u044b\u0435_\
1000
u043b\u043e\u0442\u043a\u0438","source_project_id":"898ea8e86f4d","source_status":"partial prepared CAD: 45 of 47 external references embedded","street":"\u041a\u0443\u043b\u0438\u043a\u043e\u0432\u04
1000
41\u043a\u0430\u044f \u0443\u043b\u0438\u0446\u0430, \u041c\u043e\u0441\u043a\u0432\u0430","suggestion_confidence":"high"},"role":"asset","schema_version":1,"type_id":"net.tray"}
  0
LWPOLYLINE
  5
C9
330
17
100
AcDbEntity
  8
GC_DRAINAGE_TRAY
100
AcDbPolyline
 90
4
 70
1
 10
3948.5052908041725
 20
-11062.067071652955
 10
3948.2753419791134
 20
-11061.968972466148
 10
3948.471540485645
 20
-11061.509074492642
 10
3948.7014795656523
 20
-11061.60719715939
1001
GREENCAD_EDIT_V1
1000
{"geometry_role":"OUTER_CONTOUR","id":"kul-tray:000054:0ba1206f3027","properties":{"missing_external_references":["\u0410\u0421\u0423_\u041e\u0414\u0421_\u041a\u0443\u043b\u0438\u043a\u043e\u0432\u044
1000
1\u043a\u0430\u044f","\u04407989_\u041a\u0443\u043b\u0438\u043a\u043e\u0432\u0441\u043a\u0430\u044f \u0443\u043b._\u043f\u0440\u043e\u0435\u043a\u0442"],"normative":false,"professional_confirmation":f
1000
alse,"semantic_authority":"project layer-name evidence for diagnostic testing only","semantic_basis":"explicit project layer name; advisory classification","source_currentness_confirmed":false,"source
1000
_entity_type":"LWPOLYLINE","source_file":"cad_candidate.flattened.r2010.dxf","source_layer":"\u0414\u0412_\u0413\u041f_\u041f_\u0412\u043e\u0434\u043e\u043e\u0442\u0432\u043e\u0434\u043d\u044b\u0435_\
1000
u043b\u043e\u0442\u043a\u0438","source_project_id":"898ea8e86f4d","source_status":"partial prepared CAD: 45 of 47 external references embedded","street":"\u041a\u0443\u043b\u0438\u043a\u043e\u0432\u04
1000
41\u043a\u0430\u044f \u0443\u043b\u0438\u0446\u0430, \u041c\u043e\u0441\u043a\u0432\u0430","suggestion_confidence":"high"},"role":"asset","schema_version":1,"type_id":"net.tray"}
  0
LWPOLYLINE
  5
CA
330
17
100
AcDbEntity
  8
GC_DRAINAGE_TRAY
100
AcDbPolyline
 90
4
 70
1
 10
3948.7014895406646
 20
-11061.607173777553
 10
3948.4715407156054
 20
-11061.509074590746
 10
3948.6677392221372
 20
-11061.04917661724
 10
3948.8976783021444
 20
-11061.147299283988
1001
GREENCAD_EDIT_V1
1000
{"geometry_role":"OUTER_CONTOUR","id":"kul-tray:000055:a76d7c107e8a","properties":{"missing_external_references":["\u0410\u0421\u0423_\u041e\u0414\u0421_\u041a\u0443\u043b\u0438\u043a\u043e\u0432\u044
1000
1\u043a\u0430\u044f","\u04407989_\u041a\u0443\u043b\u0438\u043a\u043e\u0432\u0441\u043a\u0430\u044f \u0443\u043b._\u043f\u0440\u043e\u0435\u043a\u0442"],"normative":false,"professional_confirmation":f
1000
alse,"semantic_authority":"project layer-name evidence for diagnostic testing only","semantic_basis":"explicit project layer name; advisory classification","source_currentness_confirmed":false,"source
1000
_entity_type":"LWPOLYLINE","source_file":"cad_candidate.flattened.r2010.dxf","source_layer":"\u0414\u0412_\u0413\u041f_\u041f_\u0412\u043e\u0434\u043e\u043e\u0442\u0432\u043e\u0434\u043d\u044b\u0435_\
1000
u043b\u043e\u0442\u043a\u0438","source_project_id":"898ea8e86f4d","source_status":"partial prepared CAD: 45 of 47 external references embedded","street":"\u041a\u0443\u043b\u0438\u043a\u043e\u0432\u04
1000
41\u043a\u0430\u044f \u0443\u043b\u0438\u0446\u0430, \u041c\u043e\u0441\u043a\u0432\u0430","suggestion_confidence":"high"},"role":"asset","schema_version":1,"type_id":"net.tray"}
  0
LWPOLYLINE
  5
CB
330
17
100
AcDbEntity
  8
GC_DRAINAGE_TRAY
100
AcDbPolyline
 90
4
 70
1
 10
3948.8976882771567
 20
-11061.147275902153
 10
3948.6677394520975
 20
-11061.049176715345
 10
3948.8639379586293
 20
-11060.58927874184
 10
3949.0938770386365
 20
-11060.687401408588
1001
GREENCAD_EDIT_V1
1000
{"geometry_role":"OUTER_CONTOUR","id":"kul-tray:000056:e994b8d18d92","properties":{"missing_external_references":["\u0410\u0421\u0423_\u041e\u0414\u0421_\u041a\u0443\u043b\u0438\u043a\u043e\u0432\u044
1000
1\u043a\u0430\u044f","\u04407989_\u041a\u0443\u043b\u0438\u043a\u043e\u0432\u0441\u043a\u0430\u044f \u0443\u043b._\u043f\u0440\u043e\u0435\u043a\u0442"],"normative":false,"professional_confirmation":f
1000
alse,"semantic_authority":"project layer-name evidence for diagnostic testing only","semantic_basis":"explicit project layer name; advisory classification","source_currentness_confirmed":false,"source
1000
_entity_type":"LWPOLYLINE","source_file":"cad_candidate.flattened.r2010.dxf","source_layer":"\u0414\u0412_\u0413\u041f_\u041f_\u0412\u043e\u0434\u043e\u043e\u0442\u0432\u043e\u0434\u043d\u044b\u0435_\
1000
u043b\u043e\u0442\u043a\u0438","source_project_id":"898ea8e86f4d","source_status":"partial prepared CAD: 45 of 47 external references embedded","street":"\u041a\u0443\u043b\u0438\u043a\u043e\u0432\u04
1000
41\u043a\u0430\u044f \u0443\u043b\u0438\u0446\u0430, \u041c\u043e\u0441\u043a\u0432\u0430","suggestion_confidence":"high"},"role":"asset","schema_version":1,"type_id":"net.tray"}
  0
LWPOLYLINE
  5
CC
330
17
100
AcDbEntity
  8
GC_DRAINAGE_TRAY
100
AcDbPolyline
 90
4
 70
1
 10
3949.093887013649
 20
-11060.68737802675
 10
3948.8639381885896
 20
-11060.589278839943
 10
3949.0601366951214
 20
-11060.129380866438
 10
3949.2900757751286
 20
-11060.227503533186
1001
GREENCAD_EDIT_V1
1000
{"geometry_role":"OUTER_CONTOUR","id":"kul-tray:000057:4b8b6c7dc633","properties":{"missing_external_references":["\u0410\u0421\u0423_\u041e\u0414\u0421_\u041a\u0443\u043b\u0438\u043a\u043e\u0432\u044
1000
1\u043a\u0430\u044f","\u04407989_\u041a\u0443\u043b\u0438\u043a\u043e\u0432\u0441\u043a\u0430\u044f \u0443\u043b._\u043f\u0440\u043e\u0435\u043a\u0442"],"normative":false,"professional_confirmation":f
1000
alse,"semantic_authority":"project layer-name evidence for diagnostic testing only","semantic_basis":"explicit project layer name; advisory classification","source_currentness_confirmed":false,"source
1000
_entity_type":"LWPOLYLINE","source_file":"cad_candidate.flattened.r2010.dxf","source_layer":"\u0414\u0412_\u0413\u041f_\u041f_\u0412\u043e\u0434\u043e\u043e\u0442\u0432\u043e\u0434\u043d\u044b\u0435_\
1000
u043b\u043e\u0442\u043a\u0438","source_project_id":"898ea8e86f4d","source_status":"partial prepared CAD: 45 of 47 external references embedded","street":"\u041a\u0443\u043b\u0438\u043a\u043e\u0432\u04
1000
41\u043a\u0430\u044f \u0443\u043b\u0438\u0446\u0430, \u041c\u043e\u0441\u043a\u0432\u0430","suggestion_confidence":"high"},"role":"asset","schema_version":1,"type_id":"net.tray"}
  0
LWPOLYLINE
  5
CD
330
17
100
AcDbEntity
  8
GC_DRAINAGE_TRAY
100
AcDbPolyline
 90
4
 70
1
 10
3949.290085750141
 20
-11060.227480151349
 10
3949.0601369250817
 20
-11060.129380964541
 10
3949.2563354316135
 20
-11059.669482991036
 10
3949.4862745116206
 20
-11059.767605657784
1001
GREENCAD_EDIT_V1
1000
{"geometry_role":"OUTER_CONTOUR","id":"kul-tray:000058:45579f19f8f8","properties":{"missing_external_references":["\u0410\u0421\u0423_\u041e\u0414\u0421_\u041a\u0443\u043b\u0438\u043a\u043e\u0432\u044
1000
1\u043a\u0430\u044f","\u04407989_\u041a\u0443\u043b\u0438\u043a\u043e\u0432\u0441\u043a\u0430\u044f \u0443\u043b._\u043f\u0440\u043e\u0435\u043a\u0442"],"normative":false,"professional_confirmation":f
1000
alse,"semantic_authority":"project layer-name evidence for diagnostic testing only","semantic_basis":"explicit project layer name; advisory classification","source_currentness_confirmed":false,"source
1000
_entity_type":"LWPOLYLINE","source_file":"cad_candidate.flattened.r2010.dxf","source_layer":"\u0414\u0412_\u0413\u041f_\u041f_\u0412\u043e\u0434\u043e\u043e\u0442\u0432\u043e\u0434\u043d\u044b\u0435_\
1000
u043b\u043e\u0442\u043a\u0438","source_project_id":"898ea8e86f4d","source_status":"partial prepared CAD: 45 of 47 external references embedded","street":"\u041a\u0443\u043b\u0438\u043a\u043e\u0432\u04
1000
41\u043a\u0430\u044f \u0443\u043b\u0438\u0446\u0430, \u041c\u043e\u0441\u043a\u0432\u0430","suggestion_confidence":"high"},"role":"asset","schema_version":1,"type_id":"net.tray"}
  0
LWPOLYLINE
  5
CE
330
17
100
AcDbEntity
  8
GC_DRAINAGE_TRAY
100
AcDbPolyline
 90
4
 70
1
 10
3949.4862844866325
 20
-11059.767582275947
 10
3949.2563356615733
 20
-11059.66948308914
 10
3949.452534168105
 20
-11059.209585115634
 10
3949.6824732481123
 20
-11059.307707782382
1001
GREENCAD_EDIT_V1
1000
{"geometry_role":"OUTER_CONTOUR","id":"kul-tray:000059:a641c68a21a2","properties":{"missing_external_references":["\u0410\u0421\u0423_\u041e\u0414\u0421_\u041a\u0443\u043b\u0438\u043a\u043e\u0432\u044
1000
1\u043a\u0430\u044f","\u04407989_\u041a\u0443\u043b\u0438\u043a\u043e\u0432\u0441\u043a\u0430\u044f \u0443\u043b._\u043f\u0440\u043e\u0435\u043a\u0442"],"normative":false,"professional_confirmation":f
1000
alse,"semantic_authority":"project layer-name evidence for diagnostic testing only","semantic_basis":"explicit project layer name; advisory classification","source_currentness_confirmed":false,"source
1000
_entity_type":"LWPOLYLINE","source_file":"cad_candidate.flattened.r2010.dxf","source_layer":"\u0414\u0412_\u0413\u041f_\u041f_\u0412\u043e\u0434\u043e\u043e\u0442\u0432\u043e\u0434\u043d\u044b\u0435_\
1000
u043b\u043e\u0442\u043a\u0438","source_project_id":"898ea8e86f4d","source_status":"partial prepared CAD: 45 of 47 external references embedded","street":"\u041a\u0443\u043b\u0438\u043a\u043e\u0432\u04
1000
41\u043a\u0430\u044f \u0443\u043b\u0438\u0446\u0430, \u041c\u043e\u0441\u043a\u0432\u0430","suggestion_confidence":"high"},"role":"asset","schema_version":1,"type_id":"net.tray"}
  0
LWPOLYLINE
  5
CF
330
17
100
AcDbEntity
  8
GC_DRAINAGE_TRAY
100
AcDbPolyline
 90
4
 70
1
 10
3949.682483223125
 20
-11059.307684400545
 10
3949.452534398066
 20
-11059.209585213737
 10
3949.6487329045976
 20
-11058.749687240232
 10
3949.878671984605
 20
-11058.84780990698
1001
GREENCAD_EDIT_V1
1000
{"geometry_role":"OUTER_CONTOUR","id":"kul-tray:000060:d1555f4d205b","properties":{"missing_external_references":["\u0410\u0421\u0423_\u041e\u0414\u0421_\u041a\u0443\u043b\u0438\u043a\u043e\u0432\u044
1000
1\u043a\u0430\u044f","\u04407989_\u041a\u0443\u043b\u0438\u043a\u043e\u0432\u0441\u043a\u0430\u044f \u0443\u043b._\u043f\u0440\u043e\u0435\u043a\u0442"],"normative":false,"professional_confirmation":f
1000
alse,"semantic_authority":"project layer-name evidence for diagnostic testing only","semantic_basis":"explicit project layer name; advisory classification","source_currentness_confirmed":false,"source
1000
_entity_type":"LWPOLYLINE","source_file":"cad_candidate.flattened.r2010.dxf","source_layer":"\u0414\u0412_\u0413\u041f_\u041f_\u0412\u043e\u0434\u043e\u043e\u0442\u0432\u043e\u0434\u043d\u044b\u0435_\
1000
u043b\u043e\u0442\u043a\u0438","source_project_id":"898ea8e86f4d","source_status":"partial prepared CAD: 45 of 47 external references embedded","street":"\u041a\u0443\u043b\u0438\u043a\u043e\u0432\u04
1000
41\u043a\u0430\u044f \u0443\u043b\u0438\u0446\u0430, \u041c\u043e\u0441\u043a\u0432\u0430","suggestion_confidence":"high"},"role":"asset","schema_version":1,"type_id":"net.tray"}
  0
LWPOLYLINE
  5
D0
330
17
100
AcDbEntity
  8
GC_DRAINAGE_TRAY
100
AcDbPolyline
 90
4
 70
1
 10
3949.8786819596166
 20
-11058.847786525144
 10
3949.6487331345575
 20
-11058.749687338337
 10
3949.8449316410893
 20
-11058.289789364831
 10
3950.0748707210964
 20
-11058.38791203158
1001
GREENCAD_EDIT_V1
1000
{"geometry_role":"OUTER_CONTOUR","id":"kul-tray:000061:5cc1dd9a76a4","properties":{"missing_external_references":["\u0410\u0421\u0423_\u041e\u0414\u0421_\u041a\u0443\u043b\u0438\u043a\u043e\u0432\u044
1000
1\u043a\u0430\u044f","\u04407989_\u041a\u0443\u043b\u0438\u043a\u043e\u0432\u0441\u043a\u0430\u044f \u0443\u043b._\u043f\u0440\u043e\u0435\u043a\u0442"],"normative":false,"professional_confirmation":f
1000
alse,"semantic_authority":"project layer-name evidence for diagnostic testing only","semantic_basis":"explicit project layer name; advisory classification","source_currentness_confirmed":false,"source
1000
_entity_type":"LWPOLYLINE","source_file":"cad_candidate.flattened.r2010.dxf","source_layer":"\u0414\u0412_\u0413\u041f_\u041f_\u0412\u043e\u0434\u043e\u043e\u0442\u0432\u043e\u0434\u043d\u044b\u0435_\
1000
u043b\u043e\u0442\u043a\u0438","source_project_id":"898ea8e86f4d","source_status":"partial prepared CAD: 45 of 47 external references embedded","street":"\u041a\u0443\u043b\u0438\u043a\u043e\u0432\u04
1000
41\u043a\u0430\u044f \u0443\u043b\u0438\u0446\u0430, \u041c\u043e\u0441\u043a\u0432\u0430","suggestion_confidence":"high"},"role":"asset","schema_version":1,"type_id":"net.tray"}
  0
LWPOLYLINE
  5
D1
330
17
100
AcDbEntity
  8
GC_DRAINAGE_TRAY
100
AcDbPolyline
 90
4
 70
1
 10
3950.0748806961087
 20
-11058.387888649742
 10
3949.8449318710495
 20
-11058.289789462935
 10
3950.0411303775813
 20
-11057.82989148943
 10
3950.2710694575885
 20
-11057.928014156178
1001
GREENCAD_EDIT_V1
1000
{"geometry_role":"OUTER_CONTOUR","id":"kul-tray:000062:fc614551c2f6","properties":{"missing_external_references":["\u0410\u0421\u0423_\u041e\u0414\u0421_\u041a\u0443\u043b\u0438\u043a\u043e\u0432\u044
1000
1\u043a\u0430\u044f","\u04407989_\u041a\u0443\u043b\u0438\u043a\u043e\u0432\u0441\u043a\u0430\u044f \u0443\u043b._\u043f\u0440\u043e\u0435\u043a\u0442"],"normative":false,"professional_confirmation":f
1000
alse,"semantic_authority":"project layer-name evidence for diagnostic testing only","semantic_basis":"explicit project layer name; advisory classification","source_currentness_confirmed":false,"source
1000
_entity_type":"LWPOLYLINE","source_file":"cad_candidate.flattened.r2010.dxf","source_layer":"\u0414\u0412_\u0413\u041f_\u041f_\u0412\u043e\u0434\u043e\u043e\u0442\u0432\u043e\u0434\u043d\u044b\u0435_\
1000
u043b\u043e\u0442\u043a\u0438","source_project_id":"898ea8e86f4d","source_status":"partial prepared CAD: 45 of 47 external references embedded","street":"\u041a\u0443\u043b\u0438\u043a\u043e\u0432\u04
1000
41\u043a\u0430\u044f \u0443\u043b\u0438\u0446\u0430, \u041c\u043e\u0441\u043a\u0432\u0430","suggestion_confidence":"high"},"role":"asset","schema_version":1,"type_id":"net.tray"}
  0
LWPOLYLINE
  5
D2
330
17
100
AcDbEntity
  8
GC_DRAINAGE_TRAY
100
AcDbPolyline
 90
4
 70
1
 10
3950.271079432601
 20
-11057.92799077434
 10
3950.0411306075416
 20
-11057.829891587533
 10
3950.2373291140734
 20
-11057.369993614027
 10
3950.4672681940806
 20
-11057.468116280776
1001
GREENCAD_EDIT_V1
1000
{"geometry_role":"OUTER_CONTOUR","id":"kul-tray:000063:226c7219b2fd","properties":{"missing_external_references":["\u0410\u0421\u0423_\u041e\u0414\u0421_\u041a\u0443\u043b\u0438\u043a\u043e\u0432\u044
1000
1\u043a\u0430\u044f","\u04407989_\u041a\u0443\u043b\u0438\u043a\u043e\u0432\u0441\u043a\u0430\u044f \u0443\u043b._\u043f\u0440\u043e\u0435\u043a\u0442"],"normative":false,"professional_confirmation":f
1000
alse,"semantic_authority":"project layer-name evidence for diagnostic testing only","semantic_basis":"explicit project layer name; advisory classification","source_currentness_confirmed":false,"source
1000
_entity_type":"LWPOLYLINE","source_file":"cad_candidate.flattened.r2010.dxf","source_layer":"\u0414\u0412_\u0413\u041f_\u041f_\u0412\u043e\u0434\u043e\u043e\u0442\u0432\u043e\u0434\u043d\u044b\u0435_\
1000
u043b\u043e\u0442\u043a\u0438","source_project_id":"898ea8e86f4d","source_status":"partial prepared CAD: 45 of 47 external references embedded","street":"\u041a\u0443\u043b\u0438\u043a\u043e\u0432\u04
1000
41\u043a\u0430\u044f \u0443\u043b\u0438\u0446\u0430, \u041c\u043e\u0441\u043a\u0432\u0430","suggestion_confidence":"high"},"role":"asset","schema_version":1,"type_id":"net.tray"}
  0
LWPOLYLINE
  5
D3
330
17
100
AcDbEntity
  8
GC_DRAINAGE_TRAY
100
AcDbPolyline
 90
4
 70
1
 10
3950.467278169093
 20
-11057.468092898938
 10
3950.2373293440337
 20
-11057.369993712131
 10
3950.4335278505655
 20
-11056.910095738625
 10
3950.6634669305727
 20
-11057.008218405374
1001
GREENCAD_EDIT_V1
1000
{"geometry_role":"OUTER_CONTOUR","id":"kul-tray:000064:29ddc2480261","properties":{"missing_external_references":["\u0410\u0421\u0423_\u041e\u0414\u0421_\u041a\u0443\u043b\u0438\u043a\u043e\u0432\u044
1000
1\u043a\u0430\u044f","\u04407989_\u041a\u0443\u043b\u0438\u043a\u043e\u0432\u0441\u043a\u0430\u044f \u0443\u043b._\u043f\u0440\u043e\u0435\u043a\u0442"],"normative":false,"professional_confirmation":f
1000
alse,"semantic_authority":"project layer-name evidence for diagnostic testing only","semantic_basis":"explicit project layer name; advisory classification","source_currentness_confirmed":false,"source
1000
_entity_type":"LWPOLYLINE","source_file":"cad_candidate.flattened.r2010.dxf","source_layer":"\u0414\u0412_\u0413\u041f_\u041f_\u0412\u043e\u0434\u043e\u043e\u0442\u0432\u043e\u0434\u043d\u044b\u0435_\
1000
u043b\u043e\u0442\u043a\u0438","source_project_id":"898ea8e86f4d","source_status":"partial prepared CAD: 45 of 47 external references embedded","street":"\u041a\u0443\u043b\u0438\u043a\u043e\u0432\u04
1000
41\u043a\u0430\u044f \u0443\u043b\u0438\u0446\u0430, \u041c\u043e\u0441\u043a\u0432\u0430","suggestion_confidence":"high"},"role":"asset","schema_version":1,"type_id":"net.tray"}
  0
LWPOLYLINE
  5
D4
330
17
100
AcDbEntity
  8
GC_DRAINAGE_TRAY
100
AcDbPolyline
 90
4
 70
1
 10
3950.663476905585
 20
-11057.008195023538
 10
3950.433528080526
 20
-11056.91009583673
 10
3950.6297265870576
 20
-11056.450197863225
 10
3950.8596656670647
 20
-11056.548320529973
1001
GREENCAD_EDIT_V1
1000
{"geometry_role":"OUTER_CONTOUR","id":"kul-tray:000065:da28ea53b6d2","properties":{"missing_external_references":["\u0410\u0421\u0423_\u041e\u0414\u0421_\u041a\u0443\u043b\u0438\u043a\u043e\u0432\u044
1000
1\u043a\u0430\u044f","\u04407989_\u041a\u0443\u043b\u0438\u043a\u043e\u0432\u0441\u043a\u0430\u044f \u0443\u043b._\u043f\u0440\u043e\u0435\u043a\u0442"],"normative":false,"professional_confirmation":f
1000
alse,"semantic_authority":"project layer-name evidence for diagnostic testing only","semantic_basis":"explicit project layer name; advisory classification","source_currentness_confirmed":false,"source
1000
_entity_type":"LWPOLYLINE","source_file":"cad_candidate.flattened.r2010.dxf","source_layer":"\u0414\u0412_\u0413\u041f_\u041f_\u0412\u043e\u0434\u043e\u043e\u0442\u0432\u043e\u0434\u043d\u044b\u0435_\
1000
u043b\u043e\u0442\u043a\u0438","source_project_id":"898ea8e86f4d","source_status":"partial prepared CAD: 45 of 47 external references embedded","street":"\u041a\u0443\u043b\u0438\u043a\u043e\u0432\u04
1000
41\u043a\u0430\u044f \u0443\u043b\u0438\u0446\u0430, \u041c\u043e\u0441\u043a\u0432\u0430","suggestion_confidence":"high"},"role":"asset","schema_version":1,"type_id":"net.tray"}
  0
LWPOLYLINE
  5
D5
330
17
100
AcDbEntity
  8
GC_DRAINAGE_TRAY
100
AcDbPolyline
 90
4
 70
1
 10
3950.859675642077
 20
-11056.548297148136
 10
3950.629726817018
 20
-11056.450197961329
 10
3950.8259253235497
 20
-11055.990299987823
 10
3951.055864403557
 20
-11056.088422654571
1001
GREENCAD_EDIT_V1
1000
{"geometry_role":"OUTER_CONTOUR","id":"kul-tray:000066:02bc3e63786d","properties":{"missing_external_references":["\u0410\u0421\u0423_\u041e\u0414\u0421_\u041a\u0443\u043b\u0438\u043a\u043e\u0432\u044
1000
1\u043a\u0430\u044f","\u04407989_\u041a\u0443\u043b\u0438\u043a\u043e\u0432\u0441\u043a\u0430\u044f \u0443\u043b._\u043f\u0440\u043e\u0435\u043a\u0442"],"normative":false,"professional_confirmation":f
1000
alse,"semantic_authority":"project layer-name evidence for diagnostic testing only","semantic_basis":"explicit project layer name; advisory classification","source_currentness_confirmed":false,"source
1000
_entity_type":"LWPOLYLINE","source_file":"cad_candidate.flattened.r2010.dxf","source_layer":"\u0414\u0412_\u0413\u041f_\u041f_\u0412\u043e\u0434\u043e\u043e\u0442\u0432\u043e\u0434\u043d\u044b\u0435_\
1000
u043b\u043e\u0442\u043a\u0438","source_project_id":"898ea8e86f4d","source_status":"partial prepared CAD: 45 of 47 external references embedded","street":"\u041a\u0443\u043b\u0438\u043a\u043e\u0432\u04
1000
41\u043a\u0430\u044f \u0443\u043b\u0438\u0446\u0430, \u041c\u043e\u0441\u043a\u0432\u0430","suggestion_confidence":"high"},"role":"asset","schema_version":1,"type_id":"net.tray"}
  0
LWPOLYLINE
  5
D6
330
17
100
AcDbEntity
  8
GC_DRAINAGE_TRAY
100
AcDbPolyline
 90
4
 70
1
 10
3951.055874378569
 20
-11056.088399272734
 10
3950.82592555351
 20
-11055.990300085927
 10
3951.0221240600417
 20
-11055.530402112421
 10
3951.252063140049
 20
-11055.62852477917
1001
GREENCAD_EDIT_V1
1000
{"geometry_role":"OUTER_CONTOUR","id":"kul-tray:000067:8931a62687ab","properties":{"missing_external_references":["\u0410\u0421\u0423_\u041e\u0414\u0421_\u041a\u0443\u043b\u0438\u043a\u043e\u0432\u044
1000
1\u043a\u0430\u044f","\u04407989_\u041a\u0443\u043b\u0438\u043a\u043e\u0432\u0441\u043a\u0430\u044f \u0443\u043b._\u043f\u0440\u043e\u0435\u043a\u0442"],"normative":false,"professional_confirmation":f
1000
alse,"semantic_authority":"project layer-name evidence for diagnostic testing only","semantic_basis":"explicit project layer name; advisory classification","source_currentness_confirmed":false,"source
1000
_entity_type":"LWPOLYLINE","source_file":"cad_candidate.flattened.r2010.dxf","source_layer":"\u0414\u0412_\u0413\u041f_\u041f_\u0412\u043e\u0434\u043e\u043e\u0442\u0432\u043e\u0434\u043d\u044b\u0435_\
1000
u043b\u043e\u0442\u043a\u0438","source_project_id":"898ea8e86f4d","source_status":"partial prepared CAD: 45 of 47 external references embedded","street":"\u041a\u0443\u043b\u0438\u043a\u043e\u0432\u04
1000
41\u043a\u0430\u044f \u0443\u043b\u0438\u0446\u0430, \u041c\u043e\u0441\u043a\u0432\u0430","suggestion_confidence":"high"},"role":"asset","schema_version":1,"type_id":"net.tray"}
  0
LWPOLYLINE
  5
D7
330
17
100
AcDbEntity
  8
GC_DRAINAGE_TRAY
100
AcDbPolyline
 90
4
 70
1
 10
3951.252073115061
 20
-11055.628501397332
 10
3951.022124290002
 20
-11055.530402210525
 10
3951.218322796534
 20
-11055.07050423702
 10
3951.448261876541
 20
-11055.168626903767
1001
GREENCAD_EDIT_V1
1000
{"geometry_role":"OUTER_CONTOUR","id":"kul-tray:000068:4bcea3dc39cc","properties":{"missing_external_references":["\u0410\u0421\u0423_\u041e\u0414\u0421_\u041a\u0443\u043b\u0438\u043a\u043e\u0432\u044
1000
1\u043a\u0430\u044f","\u04407989_\u041a\u0443\u043b\u0438\u043a\u043e\u0432\u0441\u043a\u0430\u044f \u0443\u043b._\u043f\u0440\u043e\u0435\u043a\u0442"],"normative":false,"professional_confirmation":f
1000
alse,"semantic_authority":"project layer-name evidence for diagnostic testing only","semantic_basis":"explicit project layer name; advisory classification","source_currentness_confirmed":false,"source
1000
_entity_type":"LWPOLYLINE","source_file":"cad_candidate.flattened.r2010.dxf","source_layer":"\u0414\u0412_\u0413\u041f_\u041f_\u0412\u043e\u0434\u043e\u043e\u0442\u0432\u043e\u0434\u043d\u044b\u0435_\
1000
u043b\u043e\u0442\u043a\u0438","source_project_id":"898ea8e86f4d","source_status":"partial prepared CAD: 45 of 47 external references embedded","street":"\u041a\u0443\u043b\u0438\u043a\u043e\u0432\u04
1000
41\u043a\u0430\u044f \u0443\u043b\u0438\u0446\u0430, \u041c\u043e\u0441\u043a\u0432\u0430","suggestion_confidence":"high"},"role":"asset","schema_version":1,"type_id":"net.tray"}
  0
LWPOLYLINE
  5
D8
330
17
100
AcDbEntity
  8
GC_DRAINAGE_TRAY
100
AcDbPolyline
 90
4
 70
1
 10
3951.4482718515533
 20
-11055.168603521932
 10
3951.218323026494
 20
-11055.070504335124
 10
3951.414521533026
 20
-11054.610606361619
 10
3951.644460613033
 20
-11054.708729028367
1001
GREENCAD_EDIT_V1
1000
{"geometry_role":"OUTER_CONTOUR","id":"kul-tray:000069:0c99ba26588b","properties":{"missing_external_references":["\u0410\u0421\u0423_\u041e\u0414\u0421_\u041a\u0443\u043b\u0438\u043a\u043e\u0432\u044
1000
1\u043a\u0430\u044f","\u04407989_\u041a\u0443\u043b\u0438\u043a\u043e\u0432\u0441\u043a\u0430\u044f \u0443\u043b._\u043f\u0440\u043e\u0435\u043a\u0442"],"normative":false,"professional_confirmation":f
1000
alse,"semantic_authority":"project layer-name evidence for diagnostic testing only","semantic_basis":"explicit project layer name; advisory classification","source_currentness_confirmed":false,"source
1000
_entity_type":"LWPOLYLINE","source_file":"cad_candidate.flattened.r2010.dxf","source_layer":"\u0414\u0412_\u0413\u041f_\u041f_\u0412\u043e\u0434\u043e\u043e\u0442\u0432\u043e\u0434\u043d\u044b\u0435_\
1000
u043b\u043e\u0442\u043a\u0438","source_project_id":"898ea8e86f4d","source_status":"partial prepared CAD: 45 of 47 external references embedded","street":"\u041a\u0443\u043b\u0438\u043a\u043e\u0432\u04
1000
41\u043a\u0430\u044f \u0443\u043b\u0438\u0446\u0430, \u041c\u043e\u0441\u043a\u0432\u0430","suggestion_confidence":"high"},"role":"asset","schema_version":1,"type_id":"net.tray"}
  0
LWPOLYLINE
  5
D9
330
17
100
AcDbEntity
  8
GC_DRAINAGE_TRAY
100
AcDbPolyline
 90
4
 70
1
 10
3951.6444705880454
 20
-11054.70870564653
 10
3951.414521762986
 20
-11054.610606459722
 10
3951.610720269518
 20
-11054.150708486217
 10
3951.840659349525
 20
-11054.248831152965
1001
GREENCAD_EDIT_V1
1000
{"geometry_role":"OUTER_CONTOUR","id":"kul-tray:000070:fcfe7c9d2dd3","properties":{"missing_external_references":["\u0410\u0421\u0423_\u041e\u0414\u0421_\u041a\u0443\u043b\u0438\u043a\u043e\u0432\u044
1000
1\u043a\u0430\u044f","\u04407989_\u041a\u0443\u043b\u0438\u043a\u043e\u0432\u0441\u043a\u0430\u044f \u0443\u043b._\u043f\u0440\u043e\u0435\u043a\u0442"],"normative":false,"professional_confirmation":f
1000
alse,"semantic_authority":"project layer-name evidence for diagnostic testing only","semantic_basis":"explicit project layer name; advisory classification","source_currentness_confirmed":false,"source
1000
_entity_type":"LWPOLYLINE","source_file":"cad_candidate.flattened.r2010.dxf","source_layer":"\u0414\u0412_\u0413\u041f_\u041f_\u0412\u043e\u0434\u043e\u043e\u0442\u0432\u043e\u0434\u043d\u044b\u0435_\
1000
u043b\u043e\u0442\u043a\u0438","source_project_id":"898ea8e86f4d","source_status":"partial prepared CAD: 45 of 47 external references embedded","street":"\u041a\u0443\u043b\u0438\u043a\u043e\u0432\u04
1000
41\u043a\u0430\u044f \u0443\u043b\u0438\u0446\u0430, \u041c\u043e\u0441\u043a\u0432\u0430","suggestion_confidence":"high"},"role":"asset","schema_version":1,"type_id":"net.tray"}
  0
LWPOLYLINE
  5
DA
330
17
100
AcDbEntity
  8
GC_DRAINAGE_TRAY
100
AcDbPolyline
 90
4
 70
1
 10
3951.8406693245374
 20
-11054.248807771128
 10
3951.6107204994782
 20
-11054.15070858432
 10
3951.80691900601
 20
-11053.690810610815
 10
3952.036858086017
 20
-11053.788933277563
1001
GREENCAD_EDIT_V1
1000
{"geometry_role":"OUTER_CONTOUR","id":"kul-tray:000071:129ffa78aab8","properties":{"missing_external_references":["\u0410\u0421\u0423_\u041e\u0414\u0421_\u041a\u0443\u043b\u0438\u043a\u043e\u0432\u044
1000
1\u043a\u0430\u044f","\u04407989_\u041a\u0443\u043b\u0438\u043a\u043e\u0432\u0441\u043a\u0430\u044f \u0443\u043b._\u043f\u0440\u043e\u0435\u043a\u0442"],"normative":false,"professional_confirmation":f
1000
alse,"semantic_authority":"project layer-name evidence for diagnostic testing only","semantic_basis":"explicit project layer name; advisory classification","source_currentness_confirmed":false,"source
1000
_entity_type":"LWPOLYLINE","source_file":"cad_candidate.flattened.r2010.dxf","source_layer":"\u0414\u0412_\u0413\u041f_\u041f_\u0412\u043e\u0434\u043e\u043e\u0442\u0432\u043e\u0434\u043d\u044b\u0435_\
1000
u043b\u043e\u0442\u043a\u0438","source_project_id":"898ea8e86f4d","source_status":"partial prepared CAD: 45 of 47 external references embedded","street":"\u041a\u0443\u043b\u0438\u043a\u043e\u0432\u04
1000
41\u043a\u0430\u044f \u0443\u043b\u0438\u0446\u0430, \u041c\u043e\u0441\u043a\u0432\u0430","suggestion_confidence":"high"},"role":"asset","schema_version":1,"type_id":"net.tray"}
  0
LWPOLYLINE
  5
DB
330
17
100
AcDbEntity
  8
GC_DRAINAGE_TRAY
100
AcDbPolyline
 90
4
 70
1
 10
3952.036868061029
 20
-11053.788909895726
 10
3951.80691923597
 20
-11053.690810708918
 10
3952.0031177425017
 20
-11053.230912735413
 10
3952.233056822509
 20
-11053.329035402161
1001
GREENCAD_EDIT_V1
1000
{"geometry_role":"OUTER_CONTOUR","id":"kul-tray:000072:042464b3fb53","properties":{"missing_external_references":["\u0410\u0421\u0423_\u041e\u0414\u0421_\u041a\u0443\u043b\u0438\u043a\u043e\u0432\u044
1000
1\u043a\u0430\u044f","\u04407989_\u041a\u0443\u043b\u0438\u043a\u043e\u0432\u0441\u043a\u0430\u044f \u0443\u043b._\u043f\u0440\u043e\u0435\u043a\u0442"],"normative":false,"professional_confirmation":f
1000
alse,"semantic_authority":"project layer-name evidence for diagnostic testing only","semantic_basis":"explicit project layer name; advisory classification","source_currentness_confirmed":false,"source
1000
_entity_type":"LWPOLYLINE","source_file":"cad_candidate.flattened.r2010.dxf","source_layer":"\u0414\u0412_\u0413\u041f_\u041f_\u0412\u043e\u0434\u043e\u043e\u0442\u0432\u043e\u0434\u043d\u044b\u0435_\
1000
u043b\u043e\u0442\u043a\u0438","source_project_id":"898ea8e86f4d","source_status":"partial prepared CAD: 45 of 47 external references embedded","street":"\u041a\u0443\u043b\u0438\u043a\u043e\u0432\u04
1000
41\u043a\u0430\u044f \u0443\u043b\u0438\u0446\u0430, \u041c\u043e\u0441\u043a\u0432\u0430","suggestion_confidence":"high"},"role":"asset","schema_version":1,"type_id":"net.tray"}
  0
LWPOLYLINE
  5
DC
330
17
100
AcDbEntity
  8
GC_DRAINAGE_TRAY
100
AcDbPolyline
 90
4
 70
1
 10
3952.2330667975216
 20
-11053.329012020324
 10
3952.0031179724624
 20
-11053.230912833516
 10
3952.199316478994
 20
-11052.77101486001
 10
3952.4292555590014
 20
-11052.869137526759
1001
GREENCAD_EDIT_V1
1000
{"geometry_role":"OUTER_CONTOUR","id":"kul-tray:000073:2d5ddf55d48e","properties":{"missing_external_references":["\u0410\u0421\u0423_\u041e\u0414\u0421_\u041a\u0443\u043b\u0438\u043a\u043e\u0432\u044
1000
1\u043a\u0430\u044f","\u04407989_\u041a\u0443\u043b\u0438\u043a\u043e\u0432\u0441\u043a\u0430\u044f \u0443\u043b._\u043f\u0440\u043e\u0435\u043a\u0442"],"normative":false,"professional_confirmation":f
1000
alse,"semantic_authority":"project layer-name evidence for diagnostic testing only","semantic_basis":"explicit project layer name; advisory classification","source_currentness_confirmed":false,"source
1000
_entity_type":"LWPOLYLINE","source_file":"cad_candidate.flattened.r2010.dxf","source_layer":"\u0414\u0412_\u0413\u041f_\u041f_\u0412\u043e\u0434\u043e\u043e\u0442\u0432\u043e\u0434\u043d\u044b\u0435_\
1000
u043b\u043e\u0442\u043a\u0438","source_project_id":"898ea8e86f4d","source_status":"partial prepared CAD: 45 of 47 external references embedded","street":"\u041a\u0443\u043b\u0438\u043a\u043e\u0432\u04
1000
41\u043a\u0430\u044f \u0443\u043b\u0438\u0446\u0430, \u041c\u043e\u0441\u043a\u0432\u0430","suggestion_confidence":"high"},"role":"asset","schema_version":1,"type_id":"net.tray"}
  0
LWPOLYLINE
  5
DD
330
17
100
AcDbEntity
  8
GC_DRAINAGE_TRAY
100
AcDbPolyline
 90
4
 70
1
 10
3952.429265534013
 20
-11052.869114144924
 10
3952.199316708954
 20
-11052.771014958116
 10
3952.395515215486
 20
-11052.31111698461
 10
3952.625454295493
 20
-11052.409239651359
1001
GREENCAD_EDIT_V1
1000
{"geometry_role":"OUTER_CONTOUR","id":"kul-tray:000074:d90787667d85","properties":{"missing_external_references":["\u0410\u0421\u0423_\u041e\u0414\u0421_\u041a\u0443\u043b\u0438\u043a\u043e\u0432\u044
1000
1\u043a\u0430\u044f","\u04407989_\u041a\u0443\u043b\u0438\u043a\u043e\u0432\u0441\u043a\u0430\u044f \u0443\u043b._\u043f\u0440\u043e\u0435\u043a\u0442"],"normative":false,"professional_confirmation":f
1000
alse,"semantic_authority":"project layer-name evidence for diagnostic testing only","semantic_basis":"explicit project layer name; advisory classification","source_currentness_confirmed":false,"source
1000
_entity_type":"LWPOLYLINE","source_file":"cad_candidate.flattened.r2010.dxf","source_layer":"\u0414\u0412_\u0413\u041f_\u041f_\u0412\u043e\u0434\u043e\u043e\u0442\u0432\u043e\u0434\u043d\u044b\u0435_\
1000
u043b\u043e\u0442\u043a\u0438","source_project_id":"898ea8e86f4d","source_status":"partial prepared CAD: 45 of 47 external references embedded","street":"\u041a\u0443\u043b\u0438\u043a\u043e\u0432\u04
1000
41\u043a\u0430\u044f \u0443\u043b\u0438\u0446\u0430, \u041c\u043e\u0441\u043a\u0432\u0430","suggestion_confidence":"high"},"role":"asset","schema_version":1,"type_id":"net.tray"}
  0
LWPOLYLINE
  5
DE
330
17
100
AcDbEntity
  8
GC_DRAINAGE_TRAY
100
AcDbPolyline
 90
4
 70
1
 10
3952.6254642705053
 20
-11052.409216269521
 10
3952.395515445446
 20
-11052.311117082714
 10
3952.591713951978
 20
-11051.851219109209
 10
3952.821653031985
 20
-11051.949341775957
1001
GREENCAD_EDIT_V1
1000
{"geometry_role":"OUTER_CONTOUR","id":"kul-tray:000075:bd68c7ab50b3","properties":{"missing_external_references":["\u0410\u0421\u0423_\u041e\u0414\u0421_\u041a\u0443\u043b\u0438\u043a\u043e\u0432\u044
1000
1\u043a\u0430\u044f","\u04407989_\u041a\u0443\u043b\u0438\u043a\u043e\u0432\u0441\u043a\u0430\u044f \u0443\u043b._\u043f\u0440\u043e\u0435\u043a\u0442"],"normative":false,"professional_confirmation":f
1000
alse,"semantic_authority":"project layer-name evidence for diagnostic testing only","semantic_basis":"explicit project layer name; advisory classification","source_currentness_confirmed":false,"source
1000
_entity_type":"LWPOLYLINE","source_file":"cad_candidate.flattened.r2010.dxf","source_layer":"\u0414\u0412_\u0413\u041f_\u041f_\u0412\u043e\u0434\u043e\u043e\u0442\u0432\u043e\u0434\u043d\u044b\u0435_\
1000
u043b\u043e\u0442\u043a\u0438","source_project_id":"898ea8e86f4d","source_status":"partial prepared CAD: 45 of 47 external references embedded","street":"\u041a\u0443\u043b\u0438\u043a\u043e\u0432\u04
1000
41\u043a\u0430\u044f \u0443\u043b\u0438\u0446\u0430, \u041c\u043e\u0441\u043a\u0432\u0430","suggestion_confidence":"high"},"role":"asset","schema_version":1,"type_id":"net.tray"}
  0
LWPOLYLINE
  5
DF
330
17
100
AcDbEntity
  8
GC_DRAINAGE_TRAY
100
AcDbPolyline
 90
4
 70
1
 10
3952.8216630069974
 20
-11051.94931839412
 10
3952.591714181938
 20
-11051.851219207312
 10
3952.78791268847
 20
-11051.391321233807
 10
3953.017851768477
 20
-11051.489443900555
1001
GREENCAD_EDIT_V1
1000
{"geometry_role":"OUTER_CONTOUR","id":"kul-tray:000076:160dc62a24cc","properties":{"missing_external_references":["\u0410\u0421\u0423_\u041e\u0414\u0421_\u041a\u0443\u043b\u0438\u043a\u043e\u0432\u044
1000
1\u043a\u0430\u044f","\u04407989_\u041a\u0443\u043b\u0438\u043a\u043e\u0432\u0441\u043a\u0430\u044f \u0443\u043b._\u043f\u0440\u043e\u0435\u043a\u0442"],"normative":false,"professional_confirmation":f
1000
alse,"semantic_authority":"project layer-name evidence for diagnostic testing only","semantic_basis":"explicit project layer name; advisory classification","source_currentness_confirmed":false,"source
1000
_entity_type":"LWPOLYLINE","source_file":"cad_candidate.flattened.r2010.dxf","source_layer":"\u0414\u0412_\u0413\u041f_\u041f_\u0412\u043e\u0434\u043e\u043e\u0442\u0432\u043e\u0434\u043d\u044b\u0435_\
1000
u043b\u043e\u0442\u043a\u0438","source_project_id":"898ea8e86f4d","source_status":"partial prepared CAD: 45 of 47 external references embedded","street":"\u041a\u0443\u043b\u0438\u043a\u043e\u0432\u04
1000
41\u043a\u0430\u044f \u0443\u043b\u0438\u0446\u0430, \u041c\u043e\u0441\u043a\u0432\u0430","suggestion_confidence":"high"},"role":"asset","schema_version":1,"type_id":"net.tray"}
  0
LWPOLYLINE
  5
E0
330
17
100
AcDbEntity
  8
GC_DRAINAGE_TRAY
100
AcDbPolyline
 90
4
 70
1
 10
3953.0178617434894
 20
-11051.489420518717
 10
3952.7879129184303
 20
-11051.39132133191
 10
3952.984111424962
 20
-11050.931423358405
 10
3953.2140505049692
 20
-11051.029546025153
1001
GREENCAD_EDIT_V1
1000
{"geometry_role":"OUTER_CONTOUR","id":"kul-tray:000077:b9afc4d1e2fd","properties":{"missing_external_references":["\u0410\u0421\u0423_\u041e\u0414\u0421_\u041a\u0443\u043b\u0438\u043a\u043e\u0432\u044
1000
1\u043a\u0430\u044f","\u04407989_\u041a\u0443\u043b\u0438\u043a\u043e\u0432\u0441\u043a\u0430\u044f \u0443\u043b._\u043f\u0440\u043e\u0435\u043a\u0442"],"normative":false,"professional_confirmation":f
1000
alse,"semantic_authority":"project layer-name evidence for diagnostic testing only","semantic_basis":"explicit project layer name; advisory classification","source_currentness_confirmed":false,"source
1000
_entity_type":"LWPOLYLINE","source_file":"cad_candidate.flattened.r2010.dxf","source_layer":"\u0414\u0412_\u0413\u041f_\u041f_\u0412\u043e\u0434\u043e\u043e\u0442\u0432\u043e\u0434\u043d\u044b\u0435_\
1000
u043b\u043e\u0442\u043a\u0438","source_project_id":"898ea8e86f4d","source_status":"partial prepared CAD: 45 of 47 external references embedded","street":"\u041a\u0443\u043b\u0438\u043a\u043e\u0432\u04
1000
41\u043a\u0430\u044f \u0443\u043b\u0438\u0446\u0430, \u041c\u043e\u0441\u043a\u0432\u0430","suggestion_confidence":"high"},"role":"asset","schema_version":1,"type_id":"net.tray"}
  0
LWPOLYLINE
  5
E1
330
17
100
AcDbEntity
  8
GC_DRAINAGE_TRAY
100
AcDbPolyline
 90
4
 70
1
 10
3953.2140604799815
 20
-11051.029522643315
 10
3952.9841116549223
 20
-11050.931423456508
 10
3953.180310161454
 20
-11050.471525483003
 10
3953.4102492414613
 20
-11050.56964814975
1001
GREENCAD_EDIT_V1
1000
{"geometry_role":"OUTER_CONTOUR","id":"kul-tray:000078:9e2a6e5caba1","properties":{"missing_external_references":["\u0410\u0421\u0423_\u041e\u0414\u0421_\u041a\u0443\u043b\u0438\u043a\u043e\u0432\u044
1000
1\u043a\u0430\u044f","\u04407989_\u041a\u0443\u043b\u0438\u043a\u043e\u0432\u0441\u043a\u0430\u044f \u0443\u043b._\u043f\u0440\u043e\u0435\u043a\u0442"],"normative":false,"professional_confirmation":f
1000
alse,"semantic_authority":"project layer-name evidence for diagnostic testing only","semantic_basis":"explicit project layer name; advisory classification","source_currentness_confirmed":false,"source
1000
_entity_type":"LWPOLYLINE","source_file":"cad_candidate.flattened.r2010.dxf","source_layer":"\u0414\u0412_\u0413\u041f_\u041f_\u0412\u043e\u0434\u043e\u043e\u0442\u0432\u043e\u0434\u043d\u044b\u0435_\
1000
u043b\u043e\u0442\u043a\u0438","source_project_id":"898ea8e86f4d","source_status":"partial prepared CAD: 45 of 47 external references embedded","street":"\u041a\u0443\u043b\u0438\u043a\u043e\u0432\u04
1000
41\u043a\u0430\u044f \u0443\u043b\u0438\u0446\u0430, \u041c\u043e\u0441\u043a\u0432\u0430","suggestion_confidence":"high"},"role":"asset","schema_version":1,"type_id":"net.tray"}
  0
LWPOLYLINE
  5
E2
330
17
100
AcDbEntity
  8
GC_DRAINAGE_TRAY
100
AcDbPolyline
 90
4
 70
1
 10
3953.4102592164736
 20
-11050.569624767915
 10
3953.1803103914144
 20
-11050.471525581108
 10
3953.376508897946
 20
-11050.011627607602
 10
3953.6064479779534
 20
-11050.10975027435
1001
GREENCAD_EDIT_V1
1000
{"geometry_role":"OUTER_CONTOUR","id":"kul-tray:000079:cfec6ff53f50","properties":{"missing_external_references":["\u0410\u0421\u0423_\u041e\u0414\u0421_\u041a\u0443\u043b\u0438\u043a\u043e\u0432\u044
1000
1\u043a\u0430\u044f","\u04407989_\u041a\u0443\u043b\u0438\u043a\u043e\u0432\u0441\u043a\u0430\u044f \u0443\u043b._\u043f\u0440\u043e\u0435\u043a\u0442"],"normative":false,"professional_confirmation":f
1000
alse,"semantic_authority":"project layer-name evidence for diagnostic testing only","semantic_basis":"explicit project layer name; advisory classification","source_currentness_confirmed":false,"source
1000
_entity_type":"LWPOLYLINE","source_file":"cad_candidate.flattened.r2010.dxf","source_layer":"\u0414\u0412_\u0413\u041f_\u041f_\u0412\u043e\u0434\u043e\u043e\u0442\u0432\u043e\u0434\u043d\u044b\u0435_\
1000
u043b\u043e\u0442\u043a\u0438","source_project_id":"898ea8e86f4d","source_status":"partial prepared CAD: 45 of 47 external references embedded","street":"\u041a\u0443\u043b\u0438\u043a\u043e\u0432\u04
1000
41\u043a\u0430\u044f \u0443\u043b\u0438\u0446\u0430, \u041c\u043e\u0441\u043a\u0432\u0430","suggestion_confidence":"high"},"role":"asset","schema_version":1,"type_id":"net.tray"}
  0
LWPOLYLINE
  5
E3
330
17
100
AcDbEntity
  8
GC_DRAINAGE_TRAY
100
AcDbPolyline
 90
4
 70
1
 10
3953.6064579529657
 20
-11050.109726892513
 10
3953.3765091279065
 20
-11050.011627705706
 10
3953.5727076344383
 20
-11049.5517297322
 10
3953.8026467144455
 20
-11049.649852398948
1001
GREENCAD_EDIT_V1
1000
{"geometry_role":"OUTER_CONTOUR","id":"kul-tray:000080:86ce9cab3b2e","properties":{"missing_external_references":["\u0410\u0421\u0423_\u041e\u0414\u0421_\u041a\u0443\u043b\u0438\u043a\u043e\u0432\u044
1000
1\u043a\u0430\u044f","\u04407989_\u041a\u0443\u043b\u0438\u043a\u043e\u0432\u0441\u043a\u0430\u044f \u0443\u043b._\u043f\u0440\u043e\u0435\u043a\u0442"],"normative":false,"professional_confirmation":f
1000
alse,"semantic_authority":"project layer-name evidence for diagnostic testing only","semantic_basis":"explicit project layer name; advisory classification","source_currentness_confirmed":false,"source
1000
_entity_type":"LWPOLYLINE","source_file":"cad_candidate.flattened.r2010.dxf","source_layer":"\u0414\u0412_\u0413\u041f_\u041f_\u0412\u043e\u0434\u043e\u043e\u0442\u0432\u043e\u0434\u043d\u044b\u0435_\
1000
u043b\u043e\u0442\u043a\u0438","source_project_id":"898ea8e86f4d","source_status":"partial prepared CAD: 45 of 47 external references embedded","street":"\u041a\u0443\u043b\u0438\u043a\u043e\u0432\u04
1000
41\u043a\u0430\u044f \u0443\u043b\u0438\u0446\u0430, \u041c\u043e\u0441\u043a\u0432\u0430","suggestion_confidence":"high"},"role":"asset","schema_version":1,"type_id":"net.tray"}
  0
LWPOLYLINE
  5
E4
330
17
100
AcDbEntity
  8
GC_DRAINAGE_TRAY
100
AcDbPolyline
 90
4
 70
1
 10
3953.8026566894578
 20
-11049.649829017111
 10
3953.5727078643986
 20
-11049.551729830304
 10
3953.7689063709304
 20
-11049.091831856798
 10
3953.9988454509376
 20
-11049.189954523546
1001
GREENCAD_EDIT_V1
1000
{"geometry_role":"OUTER_CONTOUR","id":"kul-tray:000081:64cabc85ebd6","properties":{"missing_external_references":["\u0410\u0421\u0423_\u041e\u0414\u0421_\u041a\u0443\u043b\u0438\u043a\u043e\u0432\u044
1000
1\u043a\u0430\u044f","\u04407989_\u041a\u0443\u043b\u0438\u043a\u043e\u0432\u0441\u043a\u0430\u044f \u0443\u043b._\u043f\u0440\u043e\u0435\u043a\u0442"],"normative":false,"professional_confirmation":f
1000
alse,"semantic_authority":"project layer-name evidence for diagnostic testing only","semantic_basis":"explicit project layer name; advisory classification","source_currentness_confirmed":false,"source
1000
_entity_type":"LWPOLYLINE","source_file":"cad_candidate.flattened.r2010.dxf","source_layer":"\u0414\u0412_\u0413\u041f_\u041f_\u0412\u043e\u0434\u043e\u043e\u0442\u0432\u043e\u0434\u043d\u044b\u0435_\
1000
u043b\u043e\u0442\u043a\u0438","source_project_id":"898ea8e86f4d","source_status":"partial prepared CAD: 45 of 47 external references embedded","street":"\u041a\u0443\u043b\u0438\u043a\u043e\u0432\u04
1000
41\u043a\u0430\u044f \u0443\u043b\u0438\u0446\u0430, \u041c\u043e\u0441\u043a\u0432\u0430","suggestion_confidence":"high"},"role":"asset","schema_version":1,"type_id":"net.tray"}
  0
LWPOLYLINE
  5
E5
330
17
100
AcDbEntity
  8
GC_DRAINAGE_TRAY
100
AcDbPolyline
 90
4
 70
1
 10
3953.99885542595
 20
-11049.18993114171
 10
3953.7689066008907
 20
-11049.091831954902
 10
3953.9651051074225
 20
-11048.631933981396
 10
3954.1950441874296
 20
-11048.730056648144
1001
GREENCAD_EDIT_V1
1000
{"geometry_role":"OUTER_CONTOUR","id":"kul-tray:000082:99fb318485c9","properties":{"missing_external_references":["\u0410\u0421\u0423_\u041e\u0414\u0421_\u041a\u0443\u043b\u0438\u043a\u043e\u0432\u044
1000
1\u043a\u0430\u044f","\u04407989_\u041a\u0443\u043b\u0438\u043a\u043e\u0432\u0441\u043a\u0430\u044f \u0443\u043b._\u043f\u0440\u043e\u0435\u043a\u0442"],"normative":false,"professional_confirmation":f
1000
alse,"semantic_authority":"project layer-name evidence for diagnostic testing only","semantic_basis":"explicit project layer name; advisory classification","source_currentness_confirmed":false,"source
1000
_entity_type":"LWPOLYLINE","source_file":"cad_candidate.flattened.r2010.dxf","source_layer":"\u0414\u0412_\u0413\u041f_\u041f_\u0412\u043e\u0434\u043e\u043e\u0442\u0432\u043e\u0434\u043d\u044b\u0435_\
1000
u043b\u043e\u0442\u043a\u0438","source_project_id":"898ea8e86f4d","source_status":"partial prepared CAD: 45 of 47 external references embedded","street":"\u041a\u0443\u043b\u0438\u043a\u043e\u0432\u04
1000
41\u043a\u0430\u044f \u0443\u043b\u0438\u0446\u0430, \u041c\u043e\u0441\u043a\u0432\u0430","suggestion_confidence":"high"},"role":"asset","schema_version":1,"type_id":"net.tray"}
  0
LWPOLYLINE
  5
E6
330
17
100
AcDbEntity
  8
GC_DRAINAGE_TRAY
100
AcDbPolyline
 90
4
 70
1
 10
3954.195054162442
 20
-11048.730033266307
 10
3953.9651053373827
 20
-11048.6319340795
 10
3954.1613038439145
 20
-11048.172036105994
 10
3954.3912429239217
 20
-11048.270158772742
1001
GREENCAD_EDIT_V1
1000
{"geometry_role":"OUTER_CONTOUR","id":"kul-tray:000083:ac25e551d8f4","properties":{"missing_external_references":["\u0410\u0421\u0423_\u041e\u0414\u0421_\u041a\u0443\u043b\u0438\u043a\u043e\u0432\u044
1000
1\u043a\u0430\u044f","\u04407989_\u041a\u0443\u043b\u0438\u043a\u043e\u0432\u0441\u043a\u0430\u044f \u0443\u043b._\u043f\u0440\u043e\u0435\u043a\u0442"],"normative":false,"professional_confirmation":f
1000
alse,"semantic_authority":"project layer-name evidence for diagnostic testing only","semantic_basis":"explicit project layer name; advisory classification","source_currentness_confirmed":false,"source
1000
_entity_type":"LWPOLYLINE","source_file":"cad_candidate.flattened.r2010.dxf","source_layer":"\u0414\u0412_\u0413\u041f_\u041f_\u0412\u043e\u0434\u043e\u043e\u0442\u0432\u043e\u0434\u043d\u044b\u0435_\
1000
u043b\u043e\u0442\u043a\u0438","source_project_id":"898ea8e86f4d","source_status":"partial prepared CAD: 45 of 47 external references embedded","street":"\u041a\u0443\u043b\u0438\u043a\u043e\u0432\u04
1000
41\u043a\u0430\u044f \u0443\u043b\u0438\u0446\u0430, \u041c\u043e\u0441\u043a\u0432\u0430","suggestion_confidence":"high"},"role":"asset","schema_version":1,"type_id":"net.tray"}
  0
LWPOLYLINE
  5
E7
330
17
100
AcDbEntity
  8
GC_DRAINAGE_TRAY
100
AcDbPolyline
 90
4
 70
1
 10
3954.391252898934
 20
-11048.270135390907
 10
3954.161304073875
 20
-11048.1720362041
 10
3954.3575025804066
 20
-11047.712138230594
 10
3954.587441660414
 20
-11047.810260897342
1001
GREENCAD_EDIT_V1
1000
{"geometry_role":"OUTER_CONTOUR","id":"kul-tray:000084:eb033a45f54c","properties":{"missing_external_references":["\u0410\u0421\u0423_\u041e\u0414\u0421_\u041a\u0443\u043b\u0438\u043a\u043e\u0432\u044
1000
1\u043a\u0430\u044f","\u04407989_\u041a\u0443\u043b\u0438\u043a\u043e\u0432\u0441\u043a\u0430\u044f \u0443\u043b._\u043f\u0440\u043e\u0435\u043a\u0442"],"normative":false,"professional_confirmation":f
1000
alse,"semantic_authority":"project layer-name evidence for diagnostic testing only","semantic_basis":"explicit project layer name; advisory classification","source_currentness_confirmed":false,"source
1000
_entity_type":"LWPOLYLINE","source_file":"cad_candidate.flattened.r2010.dxf","source_layer":"\u0414\u0412_\u0413\u041f_\u041f_\u0412\u043e\u0434\u043e\u043e\u0442\u0432\u043e\u0434\u043d\u044b\u0435_\
1000
u043b\u043e\u0442\u043a\u0438","source_project_id":"898ea8e86f4d","source_status":"partial prepared CAD: 45 of 47 external references embedded","street":"\u041a\u0443\u043b\u0438\u043a\u043e\u0432\u04
1000
41\u043a\u0430\u044f \u0443\u043b\u0438\u0446\u0430, \u041c\u043e\u0441\u043a\u0432\u0430","suggestion_confidence":"high"},"role":"asset","schema_version":1,"type_id":"net.tray"}
  0
LWPOLYLINE
  5
E8
330
17
100
AcDbEntity
  8
GC_DRAINAGE_TRAY
100
AcDbPolyline
 90
4
 70
1
 10
3954.587451635426
 20
-11047.810237515505
 10
3954.357502810367
 20
-11047.712138328698
 10
3954.5537013168987
 20
-11047.252240355192
 10
3954.783640396906
 20
-11047.35036302194
1001
GREENCAD_EDIT_V1
1000
{"geometry_role":"OUTER_CONTOUR","id":"kul-tray:000085:5ff12659fc7d","properties":{"missing_external_references":["\u0410\u0421\u0423_\u041e\u0414\u0421_\u041a\u0443\u043b\u0438\u043a\u043e\u0432\u044
1000
1\u043a\u0430\u044f","\u04407989_\u041a\u0443\u043b\u0438\u043a\u043e\u0432\u0441\u043a\u0430\u044f \u0443\u043b._\u043f\u0440\u043e\u0435\u043a\u0442"],"normative":false,"professional_confirmation":f
1000
alse,"semantic_authority":"project layer-name evidence for diagnostic testing only","semantic_basis":"explicit project layer name; advisory classification","source_currentness_confirmed":false,"source
1000
_entity_type":"LWPOLYLINE","source_file":"cad_candidate.flattened.r2010.dxf","source_layer":"\u0414\u0412_\u0413\u041f_\u041f_\u0412\u043e\u0434\u043e\u043e\u0442\u0432\u043e\u0434\u043d\u044b\u0435_\
1000
u043b\u043e\u0442\u043a\u0438","source_project_id":"898ea8e86f4d","source_status":"partial prepared CAD: 45 of 47 external references embedded","street":"\u041a\u0443\u043b\u0438\u043a\u043e\u0432\u04
1000
41\u043a\u0430\u044f \u0443\u043b\u0438\u0446\u0430, \u041c\u043e\u0441\u043a\u0432\u0430","suggestion_confidence":"high"},"role":"asset","schema_version":1,"type_id":"net.tray"}
  0
LWPOLYLINE
  5
E9
330
17
100
AcDbEntity
  8
GC_DRAINAGE_TRAY
100
AcDbPolyline
 90
4
 70
1
 10
3954.783650371918
 20
-11047.350339640103
 10
3954.553701546859
 20
-11047.252240453296
 10
3954.749900053391
 20
-11046.79234247979
 10
3954.979839133398
 20
-11046.890465146538
1001
GREENCAD_EDIT_V1
1000
{"geometry_role":"OUTER_CONTOUR","id":"kul-tray:000086:bfa69c8f1bdd","properties":{"missing_external_references":["\u0410\u0421\u0423_\u041e\u0414\u0421_\u041a\u0443\u043b\u0438\u043a\u043e\u0432\u044
1000
1\u043a\u0430\u044f","\u04407989_\u041a\u0443\u043b\u0438\u043a\u043e\u0432\u0441\u043a\u0430\u044f \u0443\u043b._\u043f\u0440\u043e\u0435\u043a\u0442"],"normative":false,"professional_confirmation":f
1000
alse,"semantic_authority":"project layer-name evidence for diagnostic testing only","semantic_basis":"explicit project layer name; advisory classification","source_currentness_confirmed":false,"source
1000
_entity_type":"LWPOLYLINE","source_file":"cad_candidate.flattened.r2010.dxf","source_layer":"\u0414\u0412_\u0413\u041f_\u041f_\u0412\u043e\u0434\u043e\u043e\u0442\u0432\u043e\u0434\u043d\u044b\u0435_\
1000
u043b\u043e\u0442\u043a\u0438","source_project_id":"898ea8e86f4d","source_status":"partial prepared CAD: 45 of 47 external references embedded","street":"\u041a\u0443\u043b\u0438\u043a\u043e\u0432\u04
1000
41\u043a\u0430\u044f \u0443\u043b\u0438\u0446\u0430, \u041c\u043e\u0441\u043a\u0432\u0430","suggestion_confidence":"high"},"role":"asset","schema_version":1,"type_id":"net.tray"}
  0
LWPOLYLINE
  5
EA
330
17
100
AcDbEntity
  8
GC_DRAINAGE_TRAY
100
AcDbPolyline
 90
4
 70
1
 10
3954.9798491084102
 20
-11046.8904417647
 10
3954.749900283351
 20
-11046.792342577894
 10
3954.946098789883
 20
-11046.332444604388
 10
3955.17603786989
 20
-11046.430567271136
1001
GREENCAD_EDIT_V1
1000
{"geometry_role":"OUTER_CONTOUR","id":"kul-tray:000087:9771a013d2c5","properties":{"missing_external_references":["\u0410\u0421\u0423_\u041e\u0414\u0421_\u041a\u0443\u043b\u0438\u043a\u043e\u0432\u044
1000
1\u043a\u0430\u044f","\u04407989_\u041a\u0443\u043b\u0438\u043a\u043e\u0432\u0441\u043a\u0430\u044f \u0443\u043b._\u043f\u0440\u043e\u0435\u043a\u0442"],"normative":false,"professional_confirmation":f
1000
alse,"semantic_authority":"project layer-name evidence for diagnostic testing only","semantic_basis":"explicit project layer name; advisory classification","source_currentness_confirmed":false,"source
1000
_entity_type":"LWPOLYLINE","source_file":"cad_candidate.flattened.r2010.dxf","source_layer":"\u0414\u0412_\u0413\u041f_\u041f_\u0412\u043e\u0434\u043e\u043e\u0442\u0432\u043e\u0434\u043d\u044b\u0435_\
1000
u043b\u043e\u0442\u043a\u0438","source_project_id":"898ea8e86f4d","source_status":"partial prepared CAD: 45 of 47 external references embedded","street":"\u041a\u0443\u043b\u0438\u043a\u043e\u0432\u04
1000
41\u043a\u0430\u044f \u0443\u043b\u0438\u0446\u0430, \u041c\u043e\u0441\u043a\u0432\u0430","suggestion_confidence":"high"},"role":"asset","schema_version":1,"type_id":"net.tray"}
  0
LWPOLYLINE
  5
EB
330
17
100
AcDbEntity
  8
GC_DRAINAGE_TRAY
100
AcDbPolyline
 90
4
 70
1
 10
3955.1760478449023
 20
-11046.4305438893
 10
3954.946099019843
 20
-11046.332444702493
 10
3955.142297526375
 20
-11045.872546728988
 10
3955.372236606382
 20
-11045.970669395736
1001
GREENCAD_EDIT_V1
1000
{"geometry_role":"OUTER_CONTOUR","id":"kul-tray:000088:55843c133f43","properties":{"missing_external_references":["\u0410\u0421\u0423_\u041e\u0414\u0421_\u041a\u0443\u043b\u0438\u043a\u043e\u0432\u044
1000
1\u043a\u0430\u044f","\u04407989_\u041a\u0443\u043b\u0438\u043a\u043e\u0432\u0441\u043a\u0430\u044f \u0443\u043b._\u043f\u0440\u043e\u0435\u043a\u0442"],"normative":false,"professional_confirmation":f
1000
alse,"semantic_authority":"project layer-name evidence for diagnostic testing only","semantic_basis":"explicit project layer name; advisory classification","source_currentness_confirmed":false,"source
1000
_entity_type":"LWPOLYLINE","source_file":"cad_candidate.flattened.r2010.dxf","source_layer":"\u0414\u0412_\u0413\u041f_\u041f_\u0412\u043e\u0434\u043e\u043e\u0442\u0432\u043e\u0434\u043d\u044b\u0435_\
1000
u043b\u043e\u0442\u043a\u0438","source_project_id":"898ea8e86f4d","source_status":"partial prepared CAD: 45 of 47 external references embedded","street":"\u041a\u0443\u043b\u0438\u043a\u043e\u0432\u04
1000
41\u043a\u0430\u044f \u0443\u043b\u0438\u0446\u0430, \u041c\u043e\u0441\u043a\u0432\u0430","suggestion_confidence":"high"},"role":"asset","schema_version":1,"type_id":"net.tray"}
  0
LWPOLYLINE
  5
EC
330
17
100
AcDbEntity
  8
GC_DRAINAGE_TRAY
100
AcDbPolyline
 90
4
 70
1
 10
3955.3722465813944
 20
-11045.970646013899
 10
3955.142297756335
 20
-11045.872546827091
 10
3955.338496262867
 20
-11045.412648853586
 10
3955.568435342874
 20
-11045.510771520334
1001
GREENCAD_EDIT_V1
1000
{"geometry_role":"OUTER_CONTOUR","id":"kul-tray:000089:bbdf3dadffa1","properties":{"missing_external_references":["\u0410\u0421\u0423_\u041e\u0414\u0421_\u041a\u0443\u043b\u0438\u043a\u043e\u0432\u044
1000
1\u043a\u0430\u044f","\u04407989_\u041a\u0443\u043b\u0438\u043a\u043e\u0432\u0441\u043a\u0430\u044f \u0443\u043b._\u043f\u0440\u043e\u0435\u043a\u0442"],"normative":false,"professional_confirmation":f
1000
alse,"semantic_authority":"project layer-name evidence for diagnostic testing only","semantic_basis":"explicit project layer name; advisory classification","source_currentness_confirmed":false,"source
1000
_entity_type":"LWPOLYLINE","source_file":"cad_candidate.flattened.r2010.dxf","source_layer":"\u0414\u0412_\u0413\u041f_\u041f_\u0412\u043e\u0434\u043e\u043e\u0442\u0432\u043e\u0434\u043d\u044b\u0435_\
1000
u043b\u043e\u0442\u043a\u0438","source_project_id":"898ea8e86f4d","source_status":"partial prepared CAD: 45 of 47 external references embedded","street":"\u041a\u0443\u043b\u0438\u043a\u043e\u0432\u04
1000
41\u043a\u0430\u044f \u0443\u043b\u0438\u0446\u0430, \u041c\u043e\u0441\u043a\u0432\u0430","suggestion_confidence":"high"},"role":"asset","schema_version":1,"type_id":"net.tray"}
  0
LWPOLYLINE
  5
ED
330
17
100
AcDbEntity
  8
GC_DRAINAGE_TRAY
100
AcDbPolyline
 90
4
 70
1
 10
3955.568445317886
 20
-11045.510748138497
 10
3955.338496492827
 20
-11045.41264895169
 10
3955.5346949993586
 20
-11044.952750978184
 10
3955.764634079366
 20
-11045.050873644932
1001
GREENCAD_EDIT_V1
1000
{"geometry_role":"OUTER_CONTOUR","id":"kul-tray:000090:6d5550fafa62","properties":{"missing_external_references":["\u0410\u0421\u0423_\u041e\u0414\u0421_\u041a\u0443\u043b\u0438\u043a\u043e\u0432\u044
1000
1\u043a\u0430\u044f","\u04407989_\u041a\u0443\u043b\u0438\u043a\u043e\u0432\u0441\u043a\u0430\u044f \u0443\u043b._\u043f\u0440\u043e\u0435\u043a\u0442"],"normative":false,"professional_confirmation":f
1000
alse,"semantic_authority":"project layer-name evidence for diagnostic testing only","semantic_basis":"explicit project layer name; advisory classification","source_currentness_confirmed":false,"source
1000
_entity_type":"LWPOLYLINE","source_file":"cad_candidate.flattened.r2010.dxf","source_layer":"\u0414\u0412_\u0413\u041f_\u041f_\u0412\u043e\u0434\u043e\u043e\u0442\u0432\u043e\u0434\u043d\u044b\u0435_\
1000
u043b\u043e\u0442\u043a\u0438","source_project_id":"898ea8e86f4d","source_status":"partial prepared CAD: 45 of 47 external references embedded","street":"\u041a\u0443\u043b\u0438\u043a\u043e\u0432\u04
1000
41\u043a\u0430\u044f \u0443\u043b\u0438\u0446\u0430, \u041c\u043e\u0441\u043a\u0432\u0430","suggestion_confidence":"high"},"role":"asset","schema_version":1,"type_id":"net.tray"}
  0
LWPOLYLINE
  5
EE
330
17
100
AcDbEntity
  8
GC_DRAINAGE_TRAY
100
AcDbPolyline
 90
4
 70
1
 10
3955.7646440543786
 20
-11045.050850263095
 10
3955.5346952293194
 20
-11044.952751076287
 10
3955.730893735851
 20
-11044.492853102782
 10
3955.9608328158583
 20
-11044.59097576953
1001
GREENCAD_EDIT_V1
1000
{"geometry_role":"OUTER_CONTOUR","id":"kul-tray:000091:73f753526d56","properties":{"missing_external_references":["\u0410\u0421\u0423_\u041e\u0414\u0421_\u041a\u0443\u043b\u0438\u043a\u043e\u0432\u044
1000
1\u043a\u0430\u044f","\u04407989_\u041a\u0443\u043b\u0438\u043a\u043e\u0432\u0441\u043a\u0430\u044f \u0443\u043b._\u043f\u0440\u043e\u0435\u043a\u0442"],"normative":false,"professional_confirmation":f
1000
alse,"semantic_authority":"project layer-name evidence for diagnostic testing only","semantic_basis":"explicit project layer name; advisory classification","source_currentness_confirmed":false,"source
1000
_entity_type":"LWPOLYLINE","source_file":"cad_candidate.flattened.r2010.dxf","source_layer":"\u0414\u0412_\u0413\u041f_\u041f_\u0412\u043e\u0434\u043e\u043e\u0442\u0432\u043e\u0434\u043d\u044b\u0435_\
1000
u043b\u043e\u0442\u043a\u0438","source_project_id":"898ea8e86f4d","source_status":"partial prepared CAD: 45 of 47 external references embedded","street":"\u041a\u0443\u043b\u0438\u043a\u043e\u0432\u04
1000
41\u043a\u0430\u044f \u0443\u043b\u0438\u0446\u0430, \u041c\u043e\u0441\u043a\u0432\u0430","suggestion_confidence":"high"},"role":"asset","schema_version":1,"type_id":"net.tray"}
  0
LWPOLYLINE
  5
EF
330
17
100
AcDbEntity
  8
GC_DRAINAGE_TRAY
100
AcDbPolyline
 90
4
 70
1
 10
3955.96084279087
 20
-11044.590952387694
 10
3955.730893965811
 20
-11044.492853200887
 10
3955.927092472343
 20
-11044.032955227382
 10
3956.15703155235
 20
-11044.13107789413
1001
GREENCAD_EDIT_V1
1000
{"geometry_role":"OUTER_CONTOUR","id":"kul-tray:000092:11a3e8b3d2f2","properties":{"missing_external_references":["\u0410\u0421\u0423_\u041e\u0414\u0421_\u041a\u0443\u043b\u0438\u043a\u043e\u0432\u044
1000
1\u043a\u0430\u044f","\u04407989_\u041a\u0443\u043b\u0438\u043a\u043e\u0432\u0441\u043a\u0430\u044f \u0443\u043b._\u043f\u0440\u043e\u0435\u043a\u0442"],"normative":false,"professional_confirmation":f
1000
alse,"semantic_authority":"project layer-name evidence for diagnostic testing only","semantic_basis":"explicit project layer name; advisory classification","source_currentness_confirmed":false,"source
1000
_entity_type":"LWPOLYLINE","source_file":"cad_candidate.flattened.r2010.dxf","source_layer":"\u0414\u0412_\u0413\u041f_\u041f_\u0412\u043e\u0434\u043e\u043e\u0442\u0432\u043e\u0434\u043d\u044b\u0435_\
1000
u043b\u043e\u0442\u043a\u0438","source_project_id":"898ea8e86f4d","source_status":"partial prepared CAD: 45 of 47 external references embedded","street":"\u041a\u0443\u043b\u0438\u043a\u043e\u0432\u04
1000
41\u043a\u0430\u044f \u0443\u043b\u0438\u0446\u0430, \u041c\u043e\u0441\u043a\u0432\u0430","suggestion_confidence":"high"},"role":"asset","schema_version":1,"type_id":"net.tray"}
  0
LWPOLYLINE
  5
F0
330
17
100
AcDbEntity
  8
GC_DRAINAGE_TRAY
100
AcDbPolyline
 90
4
 70
1
 10
3956.1570415273623
 20
-11044.131054512292
 10
3955.927092702303
 20
-11044.032955325485
 10
3956.123291208835
 20
-11043.57305735198
 10
3956.353230288842
 20
-11043.671180018728
1001
GREENCAD_EDIT_V1
1000
{"geometry_role":"OUTER_CONTOUR","id":"kul-tray:000093:07ce6d937402","properties":{"missing_external_references":["\u0410\u0421\u0423_\u041e\u0414\u0421_\u041a\u0443\u043b\u0438\u043a\u043e\u0432\u044
1000
1\u043a\u0430\u044f","\u04407989_\u041a\u0443\u043b\u0438\u043a\u043e\u0432\u0441\u043a\u0430\u044f \u0443\u043b._\u043f\u0440\u043e\u0435\u043a\u0442"],"normative":false,"professional_confirmation":f
1000
alse,"semantic_authority":"project layer-name evidence for diagnostic testing only","semantic_basis":"explicit project layer name; advisory classification","source_currentness_confirmed":false,"source
1000
_entity_type":"LWPOLYLINE","source_file":"cad_candidate.flattened.r2010.dxf","source_layer":"\u0414\u0412_\u0413\u041f_\u041f_\u0412\u043e\u0434\u043e\u043e\u0442\u0432\u043e\u0434\u043d\u044b\u0435_\
1000
u043b\u043e\u0442\u043a\u0438","source_project_id":"898ea8e86f4d","source_status":"partial prepared CAD: 45 of 47 external references embedded","street":"\u041a\u0443\u043b\u0438\u043a\u043e\u0432\u04
1000
41\u043a\u0430\u044f \u0443\u043b\u0438\u0446\u0430, \u041c\u043e\u0441\u043a\u0432\u0430","suggestion_confidence":"high"},"role":"asset","schema_version":1,"type_id":"net.tray"}
  0
LWPOLYLINE
  5
F1
330
17
100
AcDbEntity
  8
GC_DRAINAGE_TRAY
100
AcDbPolyline
 90
4
 70
1
 10
3956.3532402638543
 20
-11043.67115663689
 10
3956.123291438795
 20
-11043.573057450083
 10
3956.319489945327
 20
-11043.113159476577
 10
3956.549429025334
 20
-11043.211282143326
1001
GREENCAD_EDIT_V1
1000
{"geometry_role":"OUTER_CONTOUR","id":"kul-tray:000094:ff255b77c3e8","properties":{"missing_external_references":["\u0410\u0421\u0423_\u041e\u0414\u0421_\u041a\u0443\u043b\u0438\u043a\u043e\u0432\u044
1000
1\u043a\u0430\u044f","\u04407989_\u041a\u0443\u043b\u0438\u043a\u043e\u0432\u0441\u043a\u0430\u044f \u0443\u043b._\u043f\u0440\u043e\u0435\u043a\u0442"],"normative":false,"professional_confirmation":f
1000
alse,"semantic_authority":"project layer-name evidence for diagnostic testing only","semantic_basis":"explicit project layer name; advisory classification","source_currentness_confirmed":false,"source
1000
_entity_type":"LWPOLYLINE","source_file":"cad_candidate.flattened.r2010.dxf","source_layer":"\u0414\u0412_\u0413\u041f_\u041f_\u0412\u043e\u0434\u043e\u043e\u0442\u0432\u043e\u0434\u043d\u044b\u0435_\
1000
u043b\u043e\u0442\u043a\u0438","source_project_id":"898ea8e86f4d","source_status":"partial prepared CAD: 45 of 47 external references embedded","street":"\u041a\u0443\u043b\u0438\u043a\u043e\u0432\u04
1000
41\u043a\u0430\u044f \u0443\u043b\u0438\u0446\u0430, \u041c\u043e\u0441\u043a\u0432\u0430","suggestion_confidence":"high"},"role":"asset","schema_version":1,"type_id":"net.tray"}
  0
LWPOLYLINE
  5
F2
330
17
100
AcDbEntity
  8
GC_DRAINAGE_TRAY
100
AcDbPolyline
 90
4
 70
1
 10
3956.5494390003464
 20
-11043.211258761488
 10
3956.3194901752872
 20
-11043.113159574681
 10
3956.515688681819
 20
-11042.653261601175
 10
3956.745627761826
 20
-11042.751384267924
1001
GREENCAD_EDIT_V1
1000
{"geometry_role":"OUTER_CONTOUR","id":"kul-tray:000095:b8658254767b","properties":{"missing_external_references":["\u0410\u0421\u0423_\u041e\u0414\u0421_\u041a\u0443\u043b\u0438\u043a\u043e\u0432\u044
1000
1\u043a\u0430\u044f","\u04407989_\u041a\u0443\u043b\u0438\u043a\u043e\u0432\u0441\u043a\u0430\u044f \u0443\u043b._\u043f\u0440\u043e\u0435\u043a\u0442"],"normative":false,"professional_confirmation":f
1000
alse,"semantic_authority":"project layer-name evidence for diagnostic testing only","semantic_basis":"explicit project layer name; advisory classification","source_currentness_confirmed":false,"source
1000
_entity_type":"LWPOLYLINE","source_file":"cad_candidate.flattened.r2010.dxf","source_layer":"\u0414\u0412_\u0413\u041f_\u041f_\u0412\u043e\u0434\u043e\u043e\u0442\u0432\u043e\u0434\u043d\u044b\u0435_\
1000
u043b\u043e\u0442\u043a\u0438","source_project_id":"898ea8e86f4d","source_status":"partial prepared CAD: 45 of 47 external references embedded","street":"\u041a\u0443\u043b\u0438\u043a\u043e\u0432\u04
1000
41\u043a\u0430\u044f \u0443\u043b\u0438\u0446\u0430, \u041c\u043e\u0441\u043a\u0432\u0430","suggestion_confidence":"high"},"role":"asset","schema_version":1,"type_id":"net.tray"}
  0
LWPOLYLINE
  5
F3
330
17
100
AcDbEntity
  8
GC_DRAINAGE_TRAY
100
AcDbPolyline
 90
4
 70
1
 10
3956.7456377368385
 20
-11042.751360886086
 10
3956.5156889117793
 20
-11042.653261699279
 10
3956.711887418311
 20
-11042.193363725773
 10
3956.9418264983183
 20
-11042.291486392522
1001
GREENCAD_EDIT_V1
1000
{"geometry_role":"OUTER_CONTOUR","id":"kul-tray:000096:c035ec48929e","properties":{"missing_external_references":["\u0410\u0421\u0423_\u041e\u0414\u0421_\u041a\u0443\u043b\u0438\u043a\u043e\u0432\u044
1000
1\u043a\u0430\u044f","\u04407989_\u041a\u0443\u043b\u0438\u043a\u043e\u0432\u0441\u043a\u0430\u044f \u0443\u043b._\u043f\u0440\u043e\u0435\u043a\u0442"],"normative":false,"professional_confirmation":f
1000
alse,"semantic_authority":"project layer-name evidence for diagnostic testing only","semantic_basis":"explicit project layer name; advisory classification","source_currentness_confirmed":false,"source
1000
_entity_type":"LWPOLYLINE","source_file":"cad_candidate.flattened.r2010.dxf","source_layer":"\u0414\u0412_\u0413\u041f_\u041f_\u0412\u043e\u0434\u043e\u043e\u0442\u0432\u043e\u0434\u043d\u044b\u0435_\
1000
u043b\u043e\u0442\u043a\u0438","source_project_id":"898ea8e86f4d","source_status":"partial prepared CAD: 45 of 47 external references embedded","street":"\u041a\u0443\u043b\u0438\u043a\u043e\u0432\u04
1000
41\u043a\u0430\u044f \u0443\u043b\u0438\u0446\u0430, \u041c\u043e\u0441\u043a\u0432\u0430","suggestion_confidence":"high"},"role":"asset","schema_version":1,"type_id":"net.tray"}
  0
LWPOLYLINE
  5
F4
330
17
100
AcDbEntity
  8
GC_DRAINAGE_TRAY
100
AcDbPolyline
 90
4
 70
1
 10
3956.9418364733306
 20
-11042.291463010686
 10
3956.7118876482714
 20
-11042.193363823879
 10
3956.908086154803
 20
-11041.733465850373
 10
3957.1380252348104
 20
-11041.831588517121
1001
GREENCAD_EDIT_V1
1000
{"geometry_role":"OUTER_CONTOUR","id":"kul-tray:000097:0b4133d77365","properties":{"missing_external_references":["\u0410\u0421\u0423_\u041e\u0414\u0421_\u041a\u0443\u043b\u0438\u043a\u043e\u0432\u044
1000
1\u043a\u0430\u044f","\u04407989_\u041a\u0443\u043b\u0438\u043a\u043e\u0432\u0441\u043a\u0430\u044f \u0443\u043b._\u043f\u0440\u043e\u0435\u043a\u0442"],"normative":false,"professional_confirmation":f
1000
alse,"semantic_authority":"project layer-name evidence for diagnostic testing only","semantic_basis":"explicit project layer name; advisory classification","source_currentness_confirmed":false,"source
1000
_entity_type":"LWPOLYLINE","source_file":"cad_candidate.flattened.r2010.dxf","source_layer":"\u0414\u0412_\u0413\u041f_\u041f_\u0412\u043e\u0434\u043e\u043e\u0442\u0432\u043e\u0434\u043d\u044b\u0435_\
1000
u043b\u043e\u0442\u043a\u0438","source_project_id":"898ea8e86f4d","source_status":"partial prepared CAD: 45 of 47 external references embedded","street":"\u041a\u0443\u043b\u0438\u043a\u043e\u0432\u04
1000
41\u043a\u0430\u044f \u0443\u043b\u0438\u0446\u0430, \u041c\u043e\u0441\u043a\u0432\u0430","suggestion_confidence":"high"},"role":"asset","schema_version":1,"type_id":"net.tray"}
  0
LWPOLYLINE
  5
F5
330
17
100
AcDbEntity
  8
GC_DRAINAGE_TRAY
100
AcDbPolyline
 90
4
 70
1
 10
3957.1380352098226
 20
-11041.831565135284
 10
3956.9080863847635
 20
-11041.733465948477
 10
3957.1042848912953
 20
-11041.273567974971
 10
3957.3342239713024
 20
-11041.37169064172
1001
GREENCAD_EDIT_V1
1000
{"geometry_role":"OUTER_CONTOUR","id":"kul-tray:000098:becd7e5408e1","properties":{"missing_external_references":["\u0410\u0421\u0423_\u041e\u0414\u0421_\u041a\u0443\u043b\u0438\u043a\u043e\u0432\u044
1000
1\u043a\u0430\u044f","\u04407989_\u041a\u0443\u043b\u0438\u043a\u043e\u0432\u0441\u043a\u0430\u044f \u0443\u043b._\u043f\u0440\u043e\u0435\u043a\u0442"],"normative":false,"professional_confirmation":f
1000
alse,"semantic_authority":"project layer-name evidence for diagnostic testing only","semantic_basis":"explicit project layer name; advisory classification","source_currentness_confirmed":false,"source
1000
_entity_type":"LWPOLYLINE","source_file":"cad_candidate.flattened.r2010.dxf","source_layer":"\u0414\u0412_\u0413\u041f_\u041f_\u0412\u043e\u0434\u043e\u043e\u0442\u0432\u043e\u0434\u043d\u044b\u0435_\
1000
u043b\u043e\u0442\u043a\u0438","source_project_id":"898ea8e86f4d","source_status":"partial prepared CAD: 45 of 47 external references embedded","street":"\u041a\u0443\u043b\u0438\u043a\u043e\u0432\u04
1000
41\u043a\u0430\u044f \u0443\u043b\u0438\u0446\u0430, \u041c\u043e\u0441\u043a\u0432\u0430","suggestion_confidence":"high"},"role":"asset","schema_version":1,"type_id":"net.tray"}
  0
LWPOLYLINE
  5
F6
330
17
100
AcDbEntity
  8
GC_DRAINAGE_TRAY
100
AcDbPolyline
 90
4
 70
1
 10
3957.3342339463147
 20
-11041.371667259882
 10
3957.1042851212555
 20
-11041.273568073075
 10
3957.3004836277873
 20
-11040.81367009957
 10
3957.5304227077945
 20
-11040.911792766317
1001
GREENCAD_EDIT_V1
1000
{"geometry_role":"OUTER_CONTOUR","id":"kul-tray:000099:f8c1141192a5","properties":{"missing_external_references":["\u0410\u0421\u0423_\u041e\u0414\u0421_\u041a\u0443\u043b\u0438\u043a\u043e\u0432\u044
1000
1\u043a\u0430\u044f","\u04407989_\u041a\u0443\u043b\u0438\u043a\u043e\u0432\u0441\u043a\u0430\u044f \u0443\u043b._\u043f\u0440\u043e\u0435\u043a\u0442"],"normative":false,"professional_confirmation":f
1000
alse,"semantic_authority":"project layer-name evidence for diagnostic testing only","semantic_basis":"explicit project layer name; advisory classification","source_currentness_confirmed":false,"source
1000
_entity_type":"LWPOLYLINE","source_file":"cad_candidate.flattened.r2010.dxf","source_layer":"\u0414\u0412_\u0413\u041f_\u041f_\u0412\u043e\u0434\u043e\u043e\u0442\u0432\u043e\u0434\u043d\u044b\u0435_\
1000
u043b\u043e\u0442\u043a\u0438","source_project_id":"898ea8e86f4d","source_status":"partial prepared CAD: 45 of 47 external references embedded","street":"\u041a\u0443\u043b\u0438\u043a\u043e\u0432\u04
1000
41\u043a\u0430\u044f \u0443\u043b\u0438\u0446\u0430, \u041c\u043e\u0441\u043a\u0432\u0430","suggestion_confidence":"high"},"role":"asset","schema_version":1,"type_id":"net.tray"}
  0
LWPOLYLINE
  5
F7
330
17
100
AcDbEntity
  8
GC_DRAINAGE_TRAY
100
AcDbPolyline
 90
4
 70
1
 10
3957.530432682807
 20
-11040.91176938448
 10
3957.3004838577476
 20
-11040.813670197673
 10
3957.4966823642794
 20
-11040.353772224167
 10
3957.7266214442866
 20
-11040.451894890915
1001
GREENCAD_EDIT_V1
1000
{"geometry_role":"OUTER_CONTOUR","id":"kul-tray:000100:ee8ab7e0b84b","properties":{"missing_external_references":["\u0410\u0421\u0423_\u041e\u0414\u0421_\u041a\u0443\u043b\u0438\u043a\u043e\u0432\u044
1000
1\u043a\u0430\u044f","\u04407989_\u041a\u0443\u043b\u0438\u043a\u043e\u0432\u0441\u043a\u0430\u044f \u0443\u043b._\u043f\u0440\u043e\u0435\u043a\u0442"],"normative":false,"professional_confirmation":f
1000
alse,"semantic_authority":"project layer-name evidence for diagnostic testing only","semantic_basis":"explicit project layer name; advisory classification","source_currentness_confirmed":false,"source
1000
_entity_type":"LWPOLYLINE","source_file":"cad_candidate.flattened.r2010.dxf","source_layer":"\u0414\u0412_\u0413\u041f_\u041f_\u0412\u043e\u0434\u043e\u043e\u0442\u0432\u043e\u0434\u043d\u044b\u0435_\
1000
u043b\u043e\u0442\u043a\u0438","source_project_id":"898ea8e86f4d","source_status":"partial prepared CAD: 45 of 47 external references embedded","street":"\u041a\u0443\u043b\u0438\u043a\u043e\u0432\u04
1000
41\u043a\u0430\u044f \u0443\u043b\u0438\u0446\u0430, \u041c\u043e\u0441\u043a\u0432\u0430","suggestion_confidence":"high"},"role":"asset","schema_version":1,"type_id":"net.tray"}
  0
LWPOLYLINE
  5
F8
330
17
100
AcDbEntity
  8
GC_DRAINAGE_TRAY
100
AcDbPolyline
 90
4
 70
1
 10
3957.726631419299
 20
-11040.451871509078
 10
3957.4966825942397
 20
-11040.35377232227
 10
3957.6928811007715
 20
-11039.893874348765
 10
3957.9228201807787
 20
-11039.991997015513
1001
GREENCAD_EDIT_V1
1000
{"geometry_role":"OUTER_CONTOUR","id":"kul-tray:000101:3cb474ca7118","properties":{"missing_external_references":["\u0410\u0421\u0423_\u041e\u0414\u0421_\u041a\u0443\u043b\u0438\u043a\u043e\u0432\u044
1000
1\u043a\u0430\u044f","\u04407989_\u041a\u0443\u043b\u0438\u043a\u043e\u0432\u0441\u043a\u0430\u044f \u0443\u043b._\u043f\u0440\u043e\u0435\u043a\u0442"],"normative":false,"professional_confirmation":f
1000
alse,"semantic_authority":"project layer-name evidence for diagnostic testing only","semantic_basis":"explicit project layer name; advisory classification","source_currentness_confirmed":false,"source
1000
_entity_type":"LWPOLYLINE","source_file":"cad_candidate.flattened.r2010.dxf","source_layer":"\u0414\u0412_\u0413\u041f_\u041f_\u0412\u043e\u0434\u043e\u043e\u0442\u0432\u043e\u0434\u043d\u044b\u0435_\
1000
u043b\u043e\u0442\u043a\u0438","source_project_id":"898ea8e86f4d","source_status":"partial prepared CAD: 45 of 47 external references embedded","street":"\u041a\u0443\u043b\u0438\u043a\u043e\u0432\u04
1000
41\u043a\u0430\u044f \u0443\u043b\u0438\u0446\u0430, \u041c\u043e\u0441\u043a\u0432\u0430","suggestion_confidence":"high"},"role":"asset","schema_version":1,"type_id":"net.tray"}
  0
LWPOLYLINE
  5
F9
330
17
100
AcDbEntity
  8
GC_DRAINAGE_TRAY
100
AcDbPolyline
 90
4
 70
1
 10
3957.922830155791
 20
-11039.991973633678
 10
3957.692881330732
 20
-11039.89387444687
 10
3957.8890798372636
 20
-11039.433976473365
 10
3958.1190189172708
 20
-11039.532099140113
1001
GREENCAD_EDIT_V1
1000
{"geometry_role":"OUTER_CONTOUR","id":"kul-tray:000102:ac66afbfc9c7","properties":{"missing_external_references":["\u0410\u0421\u0423_\u041e\u0414\u0421_\u041a\u0443\u043b\u0438\u043a\u043e\u0432\u044
1000
1\u043a\u0430\u044f","\u04407989_\u041a\u0443\u043b\u0438\u043a\u043e\u0432\u0441\u043a\u0430\u044f \u0443\u043b._\u043f\u0440\u043e\u0435\u043a\u0442"],"normative":false,"professional_confirmation":f
1000
alse,"semantic_authority":"project layer-name evidence for diagnostic testing only","semantic_basis":"explicit project layer name; advisory classification","source_currentness_confirmed":false,"source
1000
_entity_type":"LWPOLYLINE","source_file":"cad_candidate.flattened.r2010.dxf","source_layer":"\u0414\u0412_\u0413\u041f_\u041f_\u0412\u043e\u0434\u043e\u043e\u0442\u0432\u043e\u0434\u043d\u044b\u0435_\
1000
u043b\u043e\u0442\u043a\u0438","source_project_id":"898ea8e86f4d","source_status":"partial prepared CAD: 45 of 47 external references embedded","street":"\u041a\u0443\u043b\u0438\u043a\u043e\u0432\u04
1000
41\u043a\u0430\u044f \u0443\u043b\u0438\u0446\u0430, \u041c\u043e\u0441\u043a\u0432\u0430","suggestion_confidence":"high"},"role":"asset","schema_version":1,"type_id":"net.tray"}
  0
LWPOLYLINE
  5
FA
330
17
100
AcDbEntity
  8
GC_DRAINAGE_TRAY
100
AcDbPolyline
 90
4
 70
1
 10
3958.1190288922826
 20
-11039.532075758276
 10
3957.8890800672234
 20
-11039.433976571469
 10
3958.085278573755
 20
-11038.974078597963
 10
3958.3152176537624
 20
-11039.072201264711
1001
GREENCAD_EDIT_V1
1000
{"geometry_role":"OUTER_CONTOUR","id":"kul-tray:000103:67bfd076e994","properties":{"missing_external_references":["\u0410\u0421\u0423_\u041e\u0414\u0421_\u041a\u0443\u043b\u0438\u043a\u043e\u0432\u044
1000
1\u043a\u0430\u044f","\u04407989_\u041a\u0443\u043b\u0438\u043a\u043e\u0432\u0441\u043a\u0430\u044f \u0443\u043b._\u043f\u0440\u043e\u0435\u043a\u0442"],"normative":false,"professional_confirmation":f
1000
alse,"semantic_authority":"project layer-name evidence for diagnostic testing only","semantic_basis":"explicit project layer name; advisory classification","source_currentness_confirmed":false,"source
1000
_entity_type":"LWPOLYLINE","source_file":"cad_candidate.flattened.r2010.dxf","source_layer":"\u0414\u0412_\u0413\u041f_\u041f_\u0412\u043e\u0434\u043e\u043e\u0442\u0432\u043e\u0434\u043d\u044b\u0435_\
1000
u043b\u043e\u0442\u043a\u0438","source_project_id":"898ea8e86f4d","source_status":"partial prepared CAD: 45 of 47 external references embedded","street":"\u041a\u0443\u043b\u0438\u043a\u043e\u0432\u04
1000
41\u043a\u0430\u044f \u0443\u043b\u0438\u0446\u0430, \u041c\u043e\u0441\u043a\u0432\u0430","suggestion_confidence":"high"},"role":"asset","schema_version":1,"type_id":"net.tray"}
  0
LWPOLYLINE
  5
FB
330
17
100
AcDbEntity
  8
GC_DRAINAGE_TRAY
100
AcDbPolyline
 90
4
 70
1
 10
3958.315227628775
 20
-11039.072177882874
 10
3958.085278803716
 20
-11038.974078696066
 10
3958.2814773102477
 20
-11038.514180722561
 10
3958.511416390255
 20
-11038.61230338931
1001
GREENCAD_EDIT_V1
1000
{"geometry_role":"OUTER_CONTOUR","id":"kul-tray:000104:1db0ad2a2d81","properties":{"missing_external_references":["\u0410\u0421\u0423_\u041e\u0414\u0421_\u041a\u0443\u043b\u0438\u043a\u043e\u0432\u044
1000
1\u043a\u0430\u044f","\u04407989_\u041a\u0443\u043b\u0438\u043a\u043e\u0432\u0441\u043a\u0430\u044f \u0443\u043b._\u043f\u0440\u043e\u0435\u043a\u0442"],"normative":false,"professional_confirmation":f
1000
alse,"semantic_authority":"project layer-name evidence for diagnostic testing only","semantic_basis":"explicit project layer name; advisory classification","source_currentness_confirmed":false,"source
1000
_entity_type":"LWPOLYLINE","source_file":"cad_candidate.flattened.r2010.dxf","source_layer":"\u0414\u0412_\u0413\u041f_\u041f_\u0412\u043e\u0434\u043e\u043e\u0442\u0432\u043e\u0434\u043d\u044b\u0435_\
1000
u043b\u043e\u0442\u043a\u0438","source_project_id":"898ea8e86f4d","source_status":"partial prepared CAD: 45 of 47 external references embedded","street":"\u041a\u0443\u043b\u0438\u043a\u043e\u0432\u04
1000
41\u043a\u0430\u044f \u0443\u043b\u0438\u0446\u0430, \u041c\u043e\u0441\u043a\u0432\u0430","suggestion_confidence":"high"},"role":"asset","schema_version":1,"type_id":"net.tray"}
  0
LWPOLYLINE
  5
FC
330
17
100
AcDbEntity
  8
GC_DRAINAGE_TRAY
100
AcDbPolyline
 90
4
 70
1
 10
3958.5114263652667
 20
-11038.612280007472
 10
3958.2814775402076
 20
-11038.514180820664
 10
3958.4776760467394
 20
-11038.054282847159
 10
3958.7076151267465
 20
-11038.152405513907
1001
GREENCAD_EDIT_V1
1000
{"geometry_role":"OUTER_CONTOUR","id":"kul-tray:000105:481e69ed3c4a","properties":{"missing_external_references":["\u0410\u0421\u0423_\u041e\u0414\u0421_\u041a\u0443\u043b\u0438\u043a\u043e\u0432\u044
1000
1\u043a\u0430\u044f","\u04407989_\u041a\u0443\u043b\u0438\u043a\u043e\u0432\u0441\u043a\u0430\u044f \u0443\u043b._\u043f\u0440\u043e\u0435\u043a\u0442"],"normative":false,"professional_confirmation":f
1000
alse,"semantic_authority":"project layer-name evidence for diagnostic testing only","semantic_basis":"explicit project layer name; advisory classification","source_currentness_confirmed":false,"source
1000
_entity_type":"LWPOLYLINE","source_file":"cad_candidate.flattened.r2010.dxf","source_layer":"\u0414\u0412_\u0413\u041f_\u041f_\u0412\u043e\u0434\u043e\u043e\u0442\u0432\u043e\u0434\u043d\u044b\u0435_\
1000
u043b\u043e\u0442\u043a\u0438","source_project_id":"898ea8e86f4d","source_status":"partial prepared CAD: 45 of 47 external references embedded","street":"\u041a\u0443\u043b\u0438\u043a\u043e\u0432\u04
1000
41\u043a\u0430\u044f \u0443\u043b\u0438\u0446\u0430, \u041c\u043e\u0441\u043a\u0432\u0430","suggestion_confidence":"high"},"role":"asset","schema_version":1,"type_id":"net.tray"}
  0
LWPOLYLINE
  5
FD
330
17
100
AcDbEntity
  8
GC_DRAINAGE_TRAY
100
AcDbPolyline
 90
4
 70
1
 10
3958.707625101759
 20
-11038.152382132072
 10
3958.4776762766996
 20
-11038.054282945264
 10
3958.6738747832314
 20
-11037.594384971759
 10
3958.9038138632386
 20
-11037.692507638507
1001
GREENCAD_EDIT_V1
1000
{"geometry_role":"OUTER_CONTOUR","id":"kul-tray:000106:a245ccd4cd66","properties":{"missing_external_references":["\u0410\u0421\u0423_\u041e\u0414\u0421_\u041a\u0443\u043b\u0438\u043a\u043e\u0432\u044
1000
1\u043a\u0430\u044f","\u04407989_\u041a\u0443\u043b\u0438\u043a\u043e\u0432\u0441\u043a\u0430\u044f \u0443\u043b._\u043f\u0440\u043e\u0435\u043a\u0442"],"normative":false,"professional_confirmation":f
1000
alse,"semantic_authority":"project layer-name evidence for diagnostic testing only","semantic_basis":"explicit project layer name; advisory classification","source_currentness_confirmed":false,"source
1000
_entity_type":"LWPOLYLINE","source_file":"cad_candidate.flattened.r2010.dxf","source_layer":"\u0414\u0412_\u0413\u041f_\u041f_\u0412\u043e\u0434\u043e\u043e\u0442\u0432\u043e\u0434\u043d\u044b\u0435_\
1000
u043b\u043e\u0442\u043a\u0438","source_project_id":"898ea8e86f4d","source_status":"partial prepared CAD: 45 of 47 external references embedded","street":"\u041a\u0443\u043b\u0438\u043a\u043e\u0432\u04
1000
41\u043a\u0430\u044f \u0443\u043b\u0438\u0446\u0430, \u041c\u043e\u0441\u043a\u0432\u0430","suggestion_confidence":"high"},"role":"asset","schema_version":1,"type_id":"net.tray"}
  0
LWPOLYLINE
  5
FE
330
17
100
AcDbEntity
  8
GC_DRAINAGE_TRAY
100
AcDbPolyline
 90
4
 70
1
 10
3958.903823838251
 20
-11037.69248425667
 10
3958.6738750131917
 20
-11037.594385069862
 10
3958.8700735197235
 20
-11037.134487096357
 10
3959.1000125997307
 20
-11037.232609763105
1001
GREENCAD_EDIT_V1
1000
{"geometry_role":"OUTER_CONTOUR","id":"kul-tray:000107:a3e3923075e8","properties":{"missing_external_references":["\u0410\u0421\u0423_\u041e\u0414\u0421_\u041a\u0443\u043b\u0438\u043a\u043e\u0432\u044
1000
1\u043a\u0430\u044f","\u04407989_\u041a\u0443\u043b\u0438\u043a\u043e\u0432\u0441\u043a\u0430\u044f \u0443\u043b._\u043f\u0440\u043e\u0435\u043a\u0442"],"normative":false,"professional_confirmation":f
1000
alse,"semantic_authority":"project layer-name evidence for diagnostic testing only","semantic_basis":"explicit project layer name; advisory classification","source_currentness_confirmed":false,"source
1000
_entity_type":"LWPOLYLINE","source_file":"cad_candidate.flattened.r2010.dxf","source_layer":"\u0414\u0412_\u0413\u041f_\u041f_\u0412\u043e\u0434\u043e\u043e\u0442\u0432\u043e\u0434\u043d\u044b\u0435_\
1000
u043b\u043e\u0442\u043a\u0438","source_project_id":"898ea8e86f4d","source_status":"partial prepared CAD: 45 of 47 external references embedded","street":"\u041a\u0443\u043b\u0438\u043a\u043e\u0432\u04
1000
41\u043a\u0430\u044f \u0443\u043b\u0438\u0446\u0430, \u041c\u043e\u0441\u043a\u0432\u0430","suggestion_confidence":"high"},"role":"asset","schema_version":1,"type_id":"net.tray"}
  0
LWPOLYLINE
  5
FF
330
17
100
AcDbEntity
  8
GC_DRAINAGE_TRAY
100
AcDbPolyline
 90
4
 70
1
 10
3959.100022574743
 20
-11037.232586381268
 10
3958.870073749684
 20
-11037.13448719446
 10
3959.0662722562156
 20
-11036.674589220955
 10
3959.2962113362228
 20
-11036.772711887703
1001
GREENCAD_EDIT_V1
1000
{"geometry_role":"OUTER_CONTOUR","id":"kul-tray:000108:084cc6bceff3","properties":{"missing_external_references":["\u0410\u0421\u0423_\u041e\u0414\u0421_\u041a\u0443\u043b\u0438\u043a\u043e\u0432\u044
1000
1\u043a\u0430\u044f","\u04407989_\u041a\u0443\u043b\u0438\u043a\u043e\u0432\u0441\u043a\u0430\u044f \u0443\u043b._\u043f\u0440\u043e\u0435\u043a\u0442"],"normative":false,"professional_confirmation":f
1000
alse,"semantic_authority":"project layer-name evidence for diagnostic testing only","semantic_basis":"explicit project layer name; advisory classification","source_currentness_confirmed":false,"source
1000
_entity_type":"LWPOLYLINE","source_file":"cad_candidate.flattened.r2010.dxf","source_layer":"\u0414\u0412_\u0413\u041f_\u041f_\u0412\u043e\u0434\u043e\u043e\u0442\u0432\u043e\u0434\u043d\u044b\u0435_\
1000
u043b\u043e\u0442\u043a\u0438","source_project_id":"898ea8e86f4d","source_status":"partial prepared CAD: 45 of 47 external references embedded","street":"\u041a\u0443\u043b\u0438\u043a\u043e\u0432\u04
1000
41\u043a\u0430\u044f \u0443\u043b\u0438\u0446\u0430, \u041c\u043e\u0441\u043a\u0432\u0430","suggestion_confidence":"high"},"role":"asset","schema_version":1,"type_id":"net.tray"}
  0
LWPOLYLINE
  5
100
330
17
100
AcDbEntity
  8
GC_DRAINAGE_TRAY
100
AcDbPolyline
 90
4
 70
1
 10
3959.296221311235
 20
-11036.772688505866
 10
3959.066272486176
 20
-11036.674589319058
 10
3959.2624709927077
 20
-11036.214691345553
 10
3959.492410072715
 20
-11036.3128140123
1001
GREENCAD_EDIT_V1
1000
{"geometry_role":"OUTER_CONTOUR","id":"kul-tray:000109:3ed1103e0b4e","properties":{"missing_external_references":["\u0410\u0421\u0423_\u041e\u0414\u0421_\u041a\u0443\u043b\u0438\u043a\u043e\u0432\u044
1000
1\u043a\u0430\u044f","\u04407989_\u041a\u0443\u043b\u0438\u043a\u043e\u0432\u0441\u043a\u0430\u044f \u0443\u043b._\u043f\u0440\u043e\u0435\u043a\u0442"],"normative":false,"professional_confirmation":f
1000
alse,"semantic_authority":"project layer-name evidence for diagnostic testing only","semantic_basis":"explicit project layer name; advisory classification","source_currentness_confirmed":false,"source
1000
_entity_type":"LWPOLYLINE","source_file":"cad_candidate.flattened.r2010.dxf","source_layer":"\u0414\u0412_\u0413\u041f_\u041f_\u0412\u043e\u0434\u043e\u043e\u0442\u0432\u043e\u0434\u043d\u044b\u0435_\
1000
u043b\u043e\u0442\u043a\u0438","source_project_id":"898ea8e86f4d","source_status":"partial prepared CAD: 45 of 47 external references embedded","street":"\u041a\u0443\u043b\u0438\u043a\u043e\u0432\u04
1000
41\u043a\u0430\u044f \u0443\u043b\u0438\u0446\u0430, \u041c\u043e\u0441\u043a\u0432\u0430","suggestion_confidence":"high"},"role":"asset","schema_version":1,"type_id":"net.tray"}
  0
LWPOLYLINE
  5
101
330
17
100
AcDbEntity
  8
GC_DRAINAGE_TRAY
100
AcDbPolyline
 90
4
 70
1
 10
3959.492420047727
 20
-11036.312790630465
 10
3959.262471222668
 20
-11036.214691443658
 10
3959.4586697291998
 20
-11035.754793470152
 10
3959.688608809207
 20
-11035.8529161369
1001
GREENCAD_EDIT_V1
1000
{"geometry_role":"OUTER_CONTOUR","id":"kul-tray:000110:d3edfe76cdfb","properties":{"missing_external_references":["\u0410\u0421\u0423_\u041e\u0414\u0421_\u041a\u0443\u043b\u0438\u043a\u043e\u0432\u044
1000
1\u043a\u0430\u044f","\u04407989_\u041a\u0443\u043b\u0438\u043a\u043e\u0432\u0441\u043a\u0430\u044f \u0443\u043b._\u043f\u0440\u043e\u0435\u043a\u0442"],"normative":false,"professional_confirmation":f
1000
alse,"semantic_authority":"project layer-name evidence for diagnostic testing only","semantic_basis":"explicit project layer name; advisory classification","source_currentness_confirmed":false,"source
1000
_entity_type":"LWPOLYLINE","source_file":"cad_candidate.flattened.r2010.dxf","source_layer":"\u0414\u0412_\u0413\u041f_\u041f_\u0412\u043e\u0434\u043e\u043e\u0442\u0432\u043e\u0434\u043d\u044b\u0435_\
1000
u043b\u043e\u0442\u043a\u0438","source_project_id":"898ea8e86f4d","source_status":"partial prepared CAD: 45 of 47 external references embedded","street":"\u041a\u0443\u043b\u0438\u043a\u043e\u0432\u04
1000
41\u043a\u0430\u044f \u0443\u043b\u0438\u0446\u0430, \u041c\u043e\u0441\u043a\u0432\u0430","suggestion_confidence":"high"},"role":"asset","schema_version":1,"type_id":"net.tray"}
  0
LWPOLYLINE
  5
102
330
17
100
AcDbEntity
  8
GC_DRAINAGE_TRAY
100
AcDbPolyline
 90
4
 70
1
 10
3959.688618784219
 20
-11035.852892755063
 10
3959.45866995916
 20
-11035.754793568256
 10
3959.654868465692
 20
-11035.29489559475
 10
3959.884807545699
 20
-11035.393018261499
1001
GREENCAD_EDIT_V1
1000
{"geometry_role":"OUTER_CONTOUR","id":"kul-tray:000111:7ef024aad3b7","properties":{"missing_external_references":["\u0410\u0421\u0423_\u041e\u0414\u0421_\u041a\u0443\u043b\u0438\u043a\u043e\u0432\u044
1000
1\u043a\u0430\u044f","\u04407989_\u041a\u0443\u043b\u0438\u043a\u043e\u0432\u0441\u043a\u0430\u044f \u0443\u043b._\u043f\u0440\u043e\u0435\u043a\u0442"],"normative":false,"professional_confirmation":f
1000
alse,"semantic_authority":"project layer-name evidence for diagnostic testing only","semantic_basis":"explicit project layer name; advisory classification","source_currentness_confirmed":false,"source
1000
_entity_type":"LWPOLYLINE","source_file":"cad_candidate.flattened.r2010.dxf","source_layer":"\u0414\u0412_\u0413\u041f_\u041f_\u0412\u043e\u0434\u043e\u043e\u0442\u0432\u043e\u0434\u043d\u044b\u0435_\
1000
u043b\u043e\u0442\u043a\u0438","source_project_id":"898ea8e86f4d","source_status":"partial prepared CAD: 45 of 47 external references embedded","street":"\u041a\u0443\u043b\u0438\u043a\u043e\u0432\u04
1000
41\u043a\u0430\u044f \u0443\u043b\u0438\u0446\u0430, \u041c\u043e\u0441\u043a\u0432\u0430","suggestion_confidence":"high"},"role":"asset","schema_version":1,"type_id":"net.tray"}
  0
LWPOLYLINE
  5
103
330
17
100
AcDbEntity
  8
GC_DRAINAGE_TRAY
100
AcDbPolyline
 90
4
 70
1
 10
3959.8848175207113
 20
-11035.392994879661
 10
3959.654868695652
 20
-11035.294895692854
 10
3959.851067202184
 20
-11034.834997719348
 10
3960.081006282191
 20
-11034.933120386097
1001
GREENCAD_EDIT_V1
1000
{"geometry_role":"OUTER_CONTOUR","id":"kul-tray:000112:b2d18f8930dd","properties":{"missing_external_references":["\u0410\u0421\u0423_\u041e\u0414\u0421_\u041a\u0443\u043b\u0438\u043a\u043e\u0432\u044
1000
1\u043a\u0430\u044f","\u04407989_\u041a\u0443\u043b\u0438\u043a\u043e\u0432\u0441\u043a\u0430\u044f \u0443\u043b._\u043f\u0440\u043e\u0435\u043a\u0442"],"normative":false,"professional_confirmation":f
1000
alse,"semantic_authority":"project layer-name evidence for diagnostic testing only","semantic_basis":"explicit project layer name; advisory classification","source_currentness_confirmed":false,"source
1000
_entity_type":"LWPOLYLINE","source_file":"cad_candidate.flattened.r2010.dxf","source_layer":"\u0414\u0412_\u0413\u041f_\u041f_\u0412\u043e\u0434\u043e\u043e\u0442\u0432\u043e\u0434\u043d\u044b\u0435_\
1000
u043b\u043e\u0442\u043a\u0438","source_project_id":"898ea8e86f4d","source_status":"partial prepared CAD: 45 of 47 external references embedded","street":"\u041a\u0443\u043b\u0438\u043a\u043e\u0432\u04
1000
41\u043a\u0430\u044f \u0443\u043b\u0438\u0446\u0430, \u041c\u043e\u0441\u043a\u0432\u0430","suggestion_confidence":"high"},"role":"asset","schema_version":1,"type_id":"net.tray"}
  0
LWPOLYLINE
  5
104
330
17
100
AcDbEntity
  8
GC_DRAINAGE_TRAY
100
AcDbPolyline
 90
4
 70
1
 10
3960.0810162572034
 20
-11034.93309700426
 10
3959.851067432144
 20
-11034.834997817452
 10
3960.047265938676
 20
-11034.375099843946
 10
3960.277205018683
 20
-11034.473222510695
1001
GREENCAD_EDIT_V1
1000
{"geometry_role":"OUTER_CONTOUR","id":"kul-tray:000113:2104264e84f2","properties":{"missing_external_references":["\u0410\u0421\u0423_\u041e\u0414\u0421_\u041a\u0443\u043b\u0438\u043a\u043e\u0432\u044
1000
1\u043a\u0430\u044f","\u04407989_\u041a\u0443\u043b\u0438\u043a\u043e\u0432\u0441\u043a\u0430\u044f \u0443\u043b._\u043f\u0440\u043e\u0435\u043a\u0442"],"normative":false,"professional_confirmation":f
1000
alse,"semantic_authority":"project layer-name evidence for diagnostic testing only","semantic_basis":"explicit project layer name; advisory classification","source_currentness_confirmed":false,"source
1000
_entity_type":"LWPOLYLINE","source_file":"cad_candidate.flattened.r2010.dxf","source_layer":"\u0414\u0412_\u0413\u041f_\u041f_\u0412\u043e\u0434\u043e\u043e\u0442\u0432\u043e\u0434\u043d\u044b\u0435_\
1000
u043b\u043e\u0442\u043a\u0438","source_project_id":"898ea8e86f4d","source_status":"partial prepared CAD: 45 of 47 external references embedded","street":"\u041a\u0443\u043b\u0438\u043a\u043e\u0432\u04
1000
41\u043a\u0430\u044f \u0443\u043b\u0438\u0446\u0430, \u041c\u043e\u0441\u043a\u0432\u0430","suggestion_confidence":"high"},"role":"asset","schema_version":1,"type_id":"net.tray"}
  0
LWPOLYLINE
  5
105
330
17
100
AcDbEntity
  8
GC_DRAINAGE_TRAY
100
AcDbPolyline
 90
4
 70
1
 10
3960.2772149936955
 20
-11034.473199128857
 10
3960.0472661686363
 20
-11034.37509994205
 10
3960.243464675168
 20
-11033.915201968544
 10
3960.4734037551752
 20
-11034.013324635293
1001
GREENCAD_EDIT_V1
1000
{"geometry_role":"OUTER_CONTOUR","id":"kul-tray:000114:c0af256badcf","properties":{"missing_external_references":["\u0410\u0421\u0423_\u041e\u0414\u0421_\u041a\u0443\u043b\u0438\u043a\u043e\u0432\u044
1000
1\u043a\u0430\u044f","\u04407989_\u041a\u0443\u043b\u0438\u043a\u043e\u0432\u0441\u043a\u0430\u044f \u0443\u043b._\u043f\u0440\u043e\u0435\u043a\u0442"],"normative":false,"professional_confirmation":f
1000
alse,"semantic_authority":"project layer-name evidence for diagnostic testing only","semantic_basis":"explicit project layer name; advisory classification","source_currentness_confirmed":false,"source
1000
_entity_type":"LWPOLYLINE","source_file":"cad_candidate.flattened.r2010.dxf","source_layer":"\u0414\u0412_\u0413\u041f_\u041f_\u0412\u043e\u0434\u043e\u043e\u0442\u0432\u043e\u0434\u043d\u044b\u0435_\
1000
u043b\u043e\u0442\u043a\u0438","source_project_id":"898ea8e86f4d","source_status":"partial prepared CAD: 45 of 47 external references embedded","street":"\u041a\u0443\u043b\u0438\u043a\u043e\u0432\u04
1000
41\u043a\u0430\u044f \u0443\u043b\u0438\u0446\u0430, \u041c\u043e\u0441\u043a\u0432\u0430","suggestion_confidence":"high"},"role":"asset","schema_version":1,"type_id":"net.tray"}
  0
LWPOLYLINE
  5
106
330
17
100
AcDbEntity
  8
GC_DRAINAGE_TRAY
100
AcDbPolyline
 90
4
 70
1
 10
3960.4734137301875
 20
-11034.013301253457
 10
3960.2434649051283
 20
-11033.91520206665
 10
3960.43966341166
 20
-11033.455304093144
 10
3960.6696024916673
 20
-11033.553426759892
1001
GREENCAD_EDIT_V1
1000
{"geometry_role":"OUTER_CONTOUR","id":"kul-tray:000115:c26fcb42ede4","properties":{"missing_external_references":["\u0410\u0421\u0423_\u041e\u0414\u0421_\u041a\u0443\u043b\u0438\u043a\u043e\u0432\u044
1000
1\u043a\u0430\u044f","\u04407989_\u041a\u0443\u043b\u0438\u043a\u043e\u0432\u0441\u043a\u0430\u044f \u0443\u043b._\u043f\u0440\u043e\u0435\u043a\u0442"],"normative":false,"professional_confirmation":f
1000
alse,"semantic_authority":"project layer-name evidence for diagnostic testing only","semantic_basis":"explicit project layer name; advisory classification","source_currentness_confirmed":false,"source
1000
_entity_type":"LWPOLYLINE","source_file":"cad_candidate.flattened.r2010.dxf","source_layer":"\u0414\u0412_\u0413\u041f_\u041f_\u0412\u043e\u0434\u043e\u043e\u0442\u0432\u043e\u0434\u043d\u044b\u0435_\
1000
u043b\u043e\u0442\u043a\u0438","source_project_id":"898ea8e86f4d","source_status":"partial prepared CAD: 45 of 47 external references embedded","street":"\u041a\u0443\u043b\u0438\u043a\u043e\u0432\u04
1000
41\u043a\u0430\u044f \u0443\u043b\u0438\u0446\u0430, \u041c\u043e\u0441\u043a\u0432\u0430","suggestion_confidence":"high"},"role":"asset","schema_version":1,"type_id":"net.tray"}
  0
LWPOLYLINE
  5
107
330
17
100
AcDbEntity
  8
GC_DRAINAGE_TRAY
100
AcDbPolyline
 90
4
 70
1
 10
3960.6696124666796
 20
-11033.553403378055
 10
3960.4396636416204
 20
-11033.455304191248
 10
3960.6358621481522
 20
-11032.995406217742
 10
3960.8658012281594
 20
-11033.09352888449
1001
GREENCAD_EDIT_V1
1000
{"geometry_role":"OUTER_CONTOUR","id":"kul-tray:000116:dc8c6beede24","properties":{"missing_external_references":["\u0410\u0421\u0423_\u041e\u0414\u0421_\u041a\u0443\u043b\u0438\u043a\u043e\u0432\u044
1000
1\u043a\u0430\u044f","\u04407989_\u041a\u0443\u043b\u0438\u043a\u043e\u0432\u0441\u043a\u0430\u044f \u0443\u043b._\u043f\u0440\u043e\u0435\u043a\u0442"],"normative":false,"professional_confirmation":f
1000
alse,"semantic_authority":"project layer-name evidence for diagnostic testing only","semantic_basis":"explicit project layer name; advisory classification","source_currentness_confirmed":false,"source
1000
_entity_type":"LWPOLYLINE","source_file":"cad_candidate.flattened.r2010.dxf","source_layer":"\u0414\u0412_\u0413\u041f_\u041f_\u0412\u043e\u0434\u043e\u043e\u0442\u0432\u043e\u0434\u043d\u044b\u0435_\
1000
u043b\u043e\u0442\u043a\u0438","source_project_id":"898ea8e86f4d","source_status":"partial prepared CAD: 45 of 47 external references embedded","street":"\u041a\u0443\u043b\u0438\u043a\u043e\u0432\u04
1000
41\u043a\u0430\u044f \u0443\u043b\u0438\u0446\u0430, \u041c\u043e\u0441\u043a\u0432\u0430","suggestion_confidence":"high"},"role":"asset","schema_version":1,"type_id":"net.tray"}
  0
LWPOLYLINE
  5
108
330
17
100
AcDbEntity
  8
GC_DRAINAGE_TRAY
100
AcDbPolyline
 90
4
 70
1
 10
3960.8658112031717
 20
-11033.093505502653
 10
3960.6358623781125
 20
-11032.995406315846
 10
3960.8320608846443
 20
-11032.53550834234
 10
3961.0619999646515
 20
-11032.633631009088
1001
GREENCAD_EDIT_V1
1000
{"geometry_role":"OUTER_CONTOUR","id":"kul-tray:000117:6e8d50951858","properties":{"missing_external_references":["\u0410\u0421\u0423_\u041e\u0414\u0421_\u041a\u0443\u043b\u0438\u043a\u043e\u0432\u044
1000
1\u043a\u0430\u044f","\u04407989_\u041a\u0443\u043b\u0438\u043a\u043e\u0432\u0441\u043a\u0430\u044f \u0443\u043b._\u043f\u0440\u043e\u0435\u043a\u0442"],"normative":false,"professional_confirmation":f
1000
alse,"semantic_authority":"project layer-name evidence for diagnostic testing only","semantic_basis":"explicit project layer name; advisory classification","source_currentness_confirmed":false,"source
1000
_entity_type":"LWPOLYLINE","source_file":"cad_candidate.flattened.r2010.dxf","source_layer":"\u0414\u0412_\u0413\u041f_\u041f_\u0412\u043e\u0434\u043e\u043e\u0442\u0432\u043e\u0434\u043d\u044b\u0435_\
1000
u043b\u043e\u0442\u043a\u0438","source_project_id":"898ea8e86f4d","source_status":"partial prepared CAD: 45 of 47 external references embedded","street":"\u041a\u0443\u043b\u0438\u043a\u043e\u0432\u04
1000
41\u043a\u0430\u044f \u0443\u043b\u0438\u0446\u0430, \u041c\u043e\u0441\u043a\u0432\u0430","suggestion_confidence":"high"},"role":"asset","schema_version":1,"type_id":"net.tray"}
  0
LWPOLYLINE
  5
109
330
17
100
AcDbEntity
  8
GC_DRAINAGE_TRAY
100
AcDbPolyline
 90
4
 70
1
 10
3961.0620099396638
 20
-11032.633607627251
 10
3960.8320611146046
 20
-11032.535508440444
 10
3961.0282596211364
 20
-11032.075610466938
 10
3961.2581987011436
 20
-11032.173733133686
1001
GREENCAD_EDIT_V1
1000
{"geometry_role":"OUTER_CONTOUR","id":"kul-tray:000118:c26d38efd75d","properties":{"missing_external_references":["\u0410\u0421\u0423_\u041e\u0414\u0421_\u041a\u0443\u043b\u0438\u043a\u043e\u0432\u044
1000
1\u043a\u0430\u044f","\u04407989_\u041a\u0443\u043b\u0438\u043a\u043e\u0432\u0441\u043a\u0430\u044f \u0443\u043b._\u043f\u0440\u043e\u0435\u043a\u0442"],"normative":false,"professional_confirmation":f
1000
alse,"semantic_authority":"project layer-name evidence for diagnostic testing only","semantic_basis":"explicit project layer name; advisory classification","source_currentness_confirmed":false,"source
1000
_entity_type":"LWPOLYLINE","source_file":"cad_candidate.flattened.r2010.dxf","source_layer":"\u0414\u0412_\u0413\u041f_\u041f_\u0412\u043e\u0434\u043e\u043e\u0442\u0432\u043e\u0434\u043d\u044b\u0435_\
1000
u043b\u043e\u0442\u043a\u0438","source_project_id":"898ea8e86f4d","source_status":"partial prepared CAD: 45 of 47 external references embedded","street":"\u041a\u0443\u043b\u0438\u043a\u043e\u0432\u04
1000
41\u043a\u0430\u044f \u0443\u043b\u0438\u0446\u0430, \u041c\u043e\u0441\u043a\u0432\u0430","suggestion_confidence":"high"},"role":"asset","schema_version":1,"type_id":"net.tray"}
  0
LWPOLYLINE
  5
10A
330
17
100
AcDbEntity
  8
GC_DRAINAGE_TRAY
100
AcDbPolyline
 90
4
 70
1
 10
3961.258208676156
 20
-11032.173709751849
 10
3961.0282598510967
 20
-11032.075610565042
 10
3961.2244583576285
 20
-11031.615712591536
 10
3961.4543974376356
 20
-11031.713835258284
1001
GREENCAD_EDIT_V1
1000
{"geometry_role":"OUTER_CONTOUR","id":"kul-tray:000119:e720c91427a1","properties":{"missing_external_references":["\u0410\u0421\u0423_\u041e\u0414\u0421_\u041a\u0443\u043b\u0438\u043a\u043e\u0432\u044
1000
1\u043a\u0430\u044f","\u04407989_\u041a\u0443\u043b\u0438\u043a\u043e\u0432\u0441\u043a\u0430\u044f \u0443\u043b._\u043f\u0440\u043e\u0435\u043a\u0442"],"normative":false,"professional_confirmation":f
1000
alse,"semantic_authority":"project layer-name evidence for diagnostic testing only","semantic_basis":"explicit project layer name; advisory classification","source_currentness_confirmed":false,"source
1000
_entity_type":"LWPOLYLINE","source_file":"cad_candidate.flattened.r2010.dxf","source_layer":"\u0414\u0412_\u0413\u041f_\u041f_\u0412\u043e\u0434\u043e\u043e\u0442\u0432\u043e\u0434\u043d\u044b\u0435_\
1000
u043b\u043e\u0442\u043a\u0438","source_project_id":"898ea8e86f4d","source_status":"partial prepared CAD: 45 of 47 external references embedded","street":"\u041a\u0443\u043b\u0438\u043a\u043e\u0432\u04
1000
41\u043a\u0430\u044f \u0443\u043b\u0438\u0446\u0430, \u041c\u043e\u0441\u043a\u0432\u0430","suggestion_confidence":"high"},"role":"asset","schema_version":1,"type_id":"net.tray"}
  0
LWPOLYLINE
  5
10B
330
17
100
AcDbEntity
  8
GC_DRAINAGE_TRAY
100
AcDbPolyline
 90
4
 70
1
 10
3961.4544074126475
 20
-11031.713811876449
 10
3961.2244585875883
 20
-11031.615712689641
 10
3961.42065709412
 20
-11031.155814716136
 10
3961.6505961741273
 20
-11031.253937382884
1001
GREENCAD_EDIT_V1
1000
{"geometry_role":"OUTER_CONTOUR","id":"kul-tray:000120:cbb261a93ef6","properties":{"missing_external_references":["\u0410\u0421\u0423_\u041e\u0414\u0421_\u041a\u0443\u043b\u0438\u043a\u043e\u0432\u044
1000
1\u043a\u0430\u044f","\u04407989_\u041a\u0443\u043b\u0438\u043a\u043e\u0432\u0441\u043a\u0430\u044f \u0443\u043b._\u043f\u0440\u043e\u0435\u043a\u0442"],"normative":false,"professional_confirmation":f
1000
alse,"semantic_authority":"project layer-name evidence for diagnostic testing only","semantic_basis":"explicit project layer name; advisory classification","source_currentness_confirmed":false,"source
1000
_entity_type":"LWPOLYLINE","source_file":"cad_candidate.flattened.r2010.dxf","source_layer":"\u0414\u0412_\u0413\u041f_\u041f_\u0412\u043e\u0434\u043e\u043e\u0442\u0432\u043e\u0434\u043d\u044b\u0435_\
1000
u043b\u043e\u0442\u043a\u0438","source_project_id":"898ea8e86f4d","source_status":"partial prepared CAD: 45 of 47 external references embedded","street":"\u041a\u0443\u043b\u0438\u043a\u043e\u0432\u04
1000
41\u043a\u0430\u044f \u0443\u043b\u0438\u0446\u0430, \u041c\u043e\u0441\u043a\u0432\u0430","suggestion_confidence":"high"},"role":"asset","schema_version":1,"type_id":"net.tray"}
  0
LWPOLYLINE
  5
10C
330
17
100
AcDbEntity
  8
GC_DRAINAGE_TRAY
100
AcDbPolyline
 90
4
 70
1
 10
3961.6506061491395
 20
-11031.253914001047
 10
3961.4206573240804
 20
-11031.15581481424
 10
3961.616855830612
 20
-11030.695916840734
 10
3961.8467949106193
 20
-11030.794039507482
1001
GREENCAD_EDIT_V1
1000
{"geometry_role":"OUTER_CONTOUR","id":"kul-tray:000121:9a369f2eed76","properties":{"missing_external_references":["\u0410\u0421\u0423_\u041e\u0414\u0421_\u041a\u0443\u043b\u0438\u043a\u043e\u0432\u044
1000
1\u043a\u0430\u044f","\u04407989_\u041a\u0443\u043b\u0438\u043a\u043e\u0432\u0441\u043a\u0430\u044f \u0443\u043b._\u043f\u0440\u043e\u0435\u043a\u0442"],"normative":false,"professional_confirmation":f
1000
alse,"semantic_authority":"project layer-name evidence for diagnostic testing only","semantic_basis":"explicit project layer name; advisory classification","source_currentness_confirmed":false,"source
1000
_entity_type":"LWPOLYLINE","source_file":"cad_candidate.flattened.r2010.dxf","source_layer":"\u0414\u0412_\u0413\u041f_\u041f_\u0412\u043e\u0434\u043e\u043e\u0442\u0432\u043e\u0434\u043d\u044b\u0435_\
1000
u043b\u043e\u0442\u043a\u0438","source_project_id":"898ea8e86f4d","source_status":"partial prepared CAD: 45 of 47 external references embedded","street":"\u041a\u0443\u043b\u0438\u043a\u043e\u0432\u04
1000
41\u043a\u0430\u044f \u0443\u043b\u0438\u0446\u0430, \u041c\u043e\u0441\u043a\u0432\u0430","suggestion_confidence":"high"},"role":"asset","schema_version":1,"type_id":"net.tray"}
  0
LWPOLYLINE
  5
10D
330
17
100
AcDbEntity
  8
GC_DRAINAGE_TRAY
100
AcDbPolyline
 90
4
 70
1
 10
3961.8468048856316
 20
-11030.794016125645
 10
3961.6168560605724
 20
-11030.695916938837
 10
3961.8130545671042
 20
-11030.236018965332
 10
3962.0429936471114
 20
-11030.33414163208
1001
GREENCAD_EDIT_V1
1000
{"geometry_role":"OUTER_CONTOUR","id":"kul-tray:000122:a0d7e919591e","properties":{"missing_external_references":["\u0410\u0421\u0423_\u041e\u0414\u0421_\u041a\u0443\u043b\u0438\u043a\u043e\u0432\u044
1000
1\u043a\u0430\u044f","\u04407989_\u041a\u0443\u043b\u0438\u043a\u043e\u0432\u0441\u043a\u0430\u044f \u0443\u043b._\u043f\u0440\u043e\u0435\u043a\u0442"],"normative":false,"professional_confirmation":f
1000
alse,"semantic_authority":"project layer-name evidence for diagnostic testing only","semantic_basis":"explicit project layer name; advisory classification","source_currentness_confirmed":false,"source
1000
_entity_type":"LWPOLYLINE","source_file":"cad_candidate.flattened.r2010.dxf","source_layer":"\u0414\u0412_\u0413\u041f_\u041f_\u0412\u043e\u0434\u043e\u043e\u0442\u0432\u043e\u0434\u043d\u044b\u0435_\
1000
u043b\u043e\u0442\u043a\u0438","source_project_id":"898ea8e86f4d","source_status":"partial prepared CAD: 45 of 47 external references embedded","street":"\u041a\u0443\u043b\u0438\u043a\u043e\u0432\u04
1000
41\u043a\u0430\u044f \u0443\u043b\u0438\u0446\u0430, \u041c\u043e\u0441\u043a\u0432\u0430","suggestion_confidence":"high"},"role":"asset","schema_version":1,"type_id":"net.tray"}
  0
LWPOLYLINE
  5
10E
330
17
100
AcDbEntity
  8
GC_DRAINAGE_TRAY
100
AcDbPolyline
 90
4
 70
1
 10
3962.0430036221237
 20
-11030.334118250243
 10
3961.8130547970645
 20
-11030.236019063435
 10
3962.0092533035963
 20
-11029.77612108993
 10
3962.2391923836035
 20
-11029.874243756678
1001
GREENCAD_EDIT_V1
1000
{"geometry_role":"OUTER_CONTOUR","id":"kul-tray:000123:1569735026f2","properties":{"missing_external_references":["\u0410\u0421\u0423_\u041e\u0414\u0421_\u041a\u0443\u043b\u0438\u043a\u043e\u0432\u044
1000
1\u043a\u0430\u044f","\u04407989_\u041a\u0443\u043b\u0438\u043a\u043e\u0432\u0441\u043a\u0430\u044f \u0443\u043b._\u043f\u0440\u043e\u0435\u043a\u0442"],"normative":false,"professional_confirmation":f
1000
alse,"semantic_authority":"project layer-name evidence for diagnostic testing only","semantic_basis":"explicit project layer name; advisory classification","source_currentness_confirmed":false,"source
1000
_entity_type":"LWPOLYLINE","source_file":"cad_candidate.flattened.r2010.dxf","source_layer":"\u0414\u0412_\u0413\u041f_\u041f_\u0412\u043e\u0434\u043e\u043e\u0442\u0432\u043e\u0434\u043d\u044b\u0435_\
1000
u043b\u043e\u0442\u043a\u0438","source_project_id":"898ea8e86f4d","source_status":"partial prepared CAD: 45 of 47 external references embedded","street":"\u041a\u0443\u043b\u0438\u043a\u043e\u0432\u04
1000
41\u043a\u0430\u044f \u0443\u043b\u0438\u0446\u0430, \u041c\u043e\u0441\u043a\u0432\u0430","suggestion_confidence":"high"},"role":"asset","schema_version":1,"type_id":"net.tray"}
  0
LWPOLYLINE
  5
10F
330
17
100
AcDbEntity
  8
GC_DRAINAGE_TRAY
100
AcDbPolyline
 90
4
 70
1
 10
3962.239202358616
 20
-11029.874220374842
 10
3962.0092535335566
 20
-11029.776121188035
 10
3962.2054520400884
 20
-11029.31622321453
 10
3962.4353911200956
 20
-11029.414345881278
1001
GREENCAD_EDIT_V1
1000
{"geometry_role":"OUTER_CONTOUR","id":"kul-tray:000124:49bb81afe53d","properties":{"missing_external_references":["\u0410\u0421\u0423_\u041e\u0414\u0421_\u041a\u0443\u043b\u0438\u043a\u043e\u0432\u044
1000
1\u043a\u0430\u044f","\u04407989_\u041a\u0443\u043b\u0438\u043a\u043e\u0432\u0441\u043a\u0430\u044f \u0443\u043b._\u043f\u0440\u043e\u0435\u043a\u0442"],"normative":false,"professional_confirmation":f
1000
alse,"semantic_authority":"project layer-name evidence for diagnostic testing only","semantic_basis":"explicit project layer name; advisory classification","source_currentness_confirmed":false,"source
1000
_entity_type":"LWPOLYLINE","source_file":"cad_candidate.flattened.r2010.dxf","source_layer":"\u0414\u0412_\u0413\u041f_\u041f_\u0412\u043e\u0434\u043e\u043e\u0442\u0432\u043e\u0434\u043d\u044b\u0435_\
1000
u043b\u043e\u0442\u043a\u0438","source_project_id":"898ea8e86f4d","source_status":"partial prepared CAD: 45 of 47 external references embedded","street":"\u041a\u0443\u043b\u0438\u043a\u043e\u0432\u04
1000
41\u043a\u0430\u044f \u0443\u043b\u0438\u0446\u0430, \u041c\u043e\u0441\u043a\u0432\u0430","suggestion_confidence":"high"},"role":"asset","schema_version":1,"type_id":"net.tray"}
  0
LWPOLYLINE
  5
110
330
17
100
AcDbEntity
  8
GC_DRAINAGE_TRAY
100
AcDbPolyline
 90
4
 70
1
 10
3962.435401095108
 20
-11029.41432249944
 10
3962.2054522700487
 20
-11029.316223312633
 10
3962.4016507765805
 20
-11028.856325339128
 10
3962.6315898565877
 20
-11028.954448005876
1001
GREENCAD_EDIT_V1
1000
{"geometry_role":"OUTER_CONTOUR","id":"kul-tray:000125:80501ee2f225","properties":{"missing_external_references":["\u0410\u0421\u0423_\u041e\u0414\u0421_\u041a\u0443\u043b\u0438\u043a\u043e\u0432\u044
1000
1\u043a\u0430\u044f","\u04407989_\u041a\u0443\u043b\u0438\u043a\u043e\u0432\u0441\u043a\u0430\u044f \u0443\u043b._\u043f\u0440\u043e\u0435\u043a\u0442"],"normative":false,"professional_confirmation":f
1000
alse,"semantic_authority":"project layer-name evidence for diagnostic testing only","semantic_basis":"explicit project layer name; advisory classification","source_currentness_confirmed":false,"source
1000
_entity_type":"LWPOLYLINE","source_file":"cad_candidate.flattened.r2010.dxf","source_layer":"\u0414\u0412_\u0413\u041f_\u041f_\u0412\u043e\u0434\u043e\u043e\u0442\u0432\u043e\u0434\u043d\u044b\u0435_\
1000
u043b\u043e\u0442\u043a\u0438","source_project_id":"898ea8e86f4d","source_status":"partial prepared CAD: 45 of 47 external references embedded","street":"\u041a\u0443\u043b\u0438\u043a\u043e\u0432\u04
1000
41\u043a\u0430\u044f \u0443\u043b\u0438\u0446\u0430, \u041c\u043e\u0441\u043a\u0432\u0430","suggestion_confidence":"high"},"role":"asset","schema_version":1,"type_id":"net.tray"}
  0
LWPOLYLINE
  5
111
330
17
100
AcDbEntity
  8
GC_DRAINAGE_TRAY
100
AcDbPolyline
 90
4
 70
1
 10
3962.6315998316
 20
-11028.954424624038
 10
3962.4016510065408
 20
-11028.856325437231
 10
3962.5978495130726
 20
-11028.396427463726
 10
3962.8277885930797
 20
-11028.494550130474
1001
GREENCAD_EDIT_V1
1000
{"geometry_role":"OUTER_CONTOUR","id":"kul-tray:000126:c02ce697dd8d","properties":{"missing_external_references":["\u0410\u0421\u0423_\u041e\u0414\u0421_\u041a\u0443\u043b\u0438\u043a\u043e\u0432\u044
1000
1\u043a\u0430\u044f","\u04407989_\u041a\u0443\u043b\u0438\u043a\u043e\u0432\u0441\u043a\u0430\u044f \u0443\u043b._\u043f\u0440\u043e\u0435\u043a\u0442"],"normative":false,"professional_confirmation":f
1000
alse,"semantic_authority":"project layer-name evidence for diagnostic testing only","semantic_basis":"explicit project layer name; advisory classification","source_currentness_confirmed":false,"source
1000
_entity_type":"LWPOLYLINE","source_file":"cad_candidate.flattened.r2010.dxf","source_layer":"\u0414\u0412_\u0413\u041f_\u041f_\u0412\u043e\u0434\u043e\u043e\u0442\u0432\u043e\u0434\u043d\u044b\u0435_\
1000
u043b\u043e\u0442\u043a\u0438","source_project_id":"898ea8e86f4d","source_status":"partial prepared CAD: 45 of 47 external references embedded","street":"\u041a\u0443\u043b\u0438\u043a\u043e\u0432\u04
1000
41\u043a\u0430\u044f \u0443\u043b\u0438\u0446\u0430, \u041c\u043e\u0441\u043a\u0432\u0430","suggestion_confidence":"high"},"role":"asset","schema_version":1,"type_id":"net.tray"}
  0
LWPOLYLINE
  5
112
330
17
100
AcDbEntity
  8
GC_DRAINAGE_TRAY
100
AcDbPolyline
 90
4
 70
1
 10
3962.827798568092
 20
-11028.494526748636
 10
3962.597849743033
 20
-11028.39642756183
 10
3962.7940482495646
 20
-11027.936529588324
 10
3963.023987329572
 20
-11028.034652255072
1001
GREENCAD_EDIT_V1
1000
{"geometry_role":"OUTER_CONTOUR","id":"kul-tray:000127:0b84a6941d06","properties":{"missing_external_references":["\u0410\u0421\u0423_\u041e\u0414\u0421_\u041a\u0443\u043b\u0438\u043a\u043e\u0432\u044
1000
1\u043a\u0430\u044f","\u04407989_\u041a\u0443\u043b\u0438\u043a\u043e\u0432\u0441\u043a\u0430\u044f \u0443\u043b._\u043f\u0440\u043e\u0435\u043a\u0442"],"normative":false,"professional_confirmation":f
1000
alse,"semantic_authority":"project layer-name evidence for diagnostic testing only","semantic_basis":"explicit project layer name; advisory classification","source_currentness_confirmed":false,"source
1000
_entity_type":"LWPOLYLINE","source_file":"cad_candidate.flattened.r2010.dxf","source_layer":"\u0414\u0412_\u0413\u041f_\u041f_\u0412\u043e\u0434\u043e\u043e\u0442\u0432\u043e\u0434\u043d\u044b\u0435_\
1000
u043b\u043e\u0442\u043a\u0438","source_project_id":"898ea8e86f4d","source_status":"partial prepared CAD: 45 of 47 external references embedded","street":"\u041a\u0443\u043b\u0438\u043a\u043e\u0432\u04
1000
41\u043a\u0430\u044f \u0443\u043b\u0438\u0446\u0430, \u041c\u043e\u0441\u043a\u0432\u0430","suggestion_confidence":"high"},"role":"asset","schema_version":1,"type_id":"net.tray"}
  0
LWPOLYLINE
  5
113
330
17
100
AcDbEntity
  8
GC_DRAINAGE_TRAY
100
AcDbPolyline
 90
4
 70
1
 10
3963.023997304584
 20
-11028.034628873236
 10
3962.794048479525
 20
-11027.936529686429
 10
3962.9902469860567
 20
-11027.476631712923
 10
3963.220186066064
 20
-11027.574754379672
1001
GREENCAD_EDIT_V1
1000
{"geometry_role":"OUTER_CONTOUR","id":"kul-tray:000128:b3cb53fb000e","properties":{"missing_external_references":["\u0410\u0421\u0423_\u041e\u0414\u0421_\u041a\u0443\u043b\u0438\u043a\u043e\u0432\u044
1000
1\u043a\u0430\u044f","\u04407989_\u041a\u0443\u043b\u0438\u043a\u043e\u0432\u0441\u043a\u0430\u044f \u0443\u043b._\u043f\u0440\u043e\u0435\u043a\u0442"],"normative":false,"professional_confirmation":f
1000
alse,"semantic_authority":"project layer-name evidence for diagnostic testing only","semantic_basis":"explicit project layer name; advisory classification","source_currentness_confirmed":false,"source
1000
_entity_type":"LWPOLYLINE","source_file":"cad_candidate.flattened.r2010.dxf","source_layer":"\u0414\u0412_\u0413\u041f_\u041f_\u0412\u043e\u0434\u043e\u043e\u0442\u0432\u043e\u0434\u043d\u044b\u0435_\
1000
u043b\u043e\u0442\u043a\u0438","source_project_id":"898ea8e86f4d","source_status":"partial prepared CAD: 45 of 47 external references embedded","street":"\u041a\u0443\u043b\u0438\u043a\u043e\u0432\u04
1000
41\u043a\u0430\u044f \u0443\u043b\u0438\u0446\u0430, \u041c\u043e\u0441\u043a\u0432\u0430","suggestion_confidence":"high"},"role":"asset","schema_version":1,"type_id":"net.tray"}
  0
LWPOLYLINE
  5
114
330
17
100
AcDbEntity
  8
GC_DRAINAGE_TRAY
100
AcDbPolyline
 90
4
 70
1
 10
3963.220196041076
 20
-11027.574730997834
 10
3962.990247216017
 20
-11027.476631811027
 10
3963.186445722549
 20
-11027.016733837521
 10
3963.416384802556
 20
-11027.11485650427
1001
GREENCAD_EDIT_V1
1000
{"geometry_role":"OUTER_CONTOUR","id":"kul-tray:000129:2b48f200bcac","properties":{"missing_external_references":["\u0410\u0421\u0423_\u041e\u0414\u0421_\u041a\u0443\u043b\u0438\u043a\u043e\u0432\u044
1000
1\u043a\u0430\u044f","\u04407989_\u041a\u0443\u043b\u0438\u043a\u043e\u0432\u0441\u043a\u0430\u044f \u0443\u043b._\u043f\u0440\u043e\u0435\u043a\u0442"],"normative":false,"professional_confirmation":f
1000
alse,"semantic_authority":"project layer-name evidence for diagnostic testing only","semantic_basis":"explicit project layer name; advisory classification","source_currentness_confirmed":false,"source
1000
_entity_type":"LWPOLYLINE","source_file":"cad_candidate.flattened.r2010.dxf","source_layer":"\u0414\u0412_\u0413\u041f_\u041f_\u0412\u043e\u0434\u043e\u043e\u0442\u0432\u043e\u0434\u043d\u044b\u0435_\
1000
u043b\u043e\u0442\u043a\u0438","source_project_id":"898ea8e86f4d","source_status":"partial prepared CAD: 45 of 47 external references embedded","street":"\u041a\u0443\u043b\u0438\u043a\u043e\u0432\u04
1000
41\u043a\u0430\u044f \u0443\u043b\u0438\u0446\u0430, \u041c\u043e\u0441\u043a\u0432\u0430","suggestion_confidence":"high"},"role":"asset","schema_version":1,"type_id":"net.tray"}
  0
LWPOLYLINE
  5
115
330
17
100
AcDbEntity
  8
GC_DRAINAGE_TRAY
100
AcDbPolyline
 90
4
 70
1
 10
3963.4163947775683
 20
-11027.114833122432
 10
3963.186445952509
 20
-11027.016733935625
 10
3963.382644459041
 20
-11026.55683596212
 10
3963.612583539048
 20
-11026.654958628867
1001
GREENCAD_EDIT_V1
1000
{"geometry_role":"OUTER_CONTOUR","id":"kul-tray:000130:e4fe2e5c3e5a","properties":{"missing_external_references":["\u0410\u0421\u0423_\u041e\u0414\u0421_\u041a\u0443\u043b\u0438\u043a\u043e\u0432\u044
1000
1\u043a\u0430\u044f","\u04407989_\u041a\u0443\u043b\u0438\u043a\u043e\u0432\u0441\u043a\u0430\u044f \u0443\u043b._\u043f\u0440\u043e\u0435\u043a\u0442"],"normative":false,"professional_confirmation":f
1000
alse,"semantic_authority":"project layer-name evidence for diagnostic testing only","semantic_basis":"explicit project layer name; advisory classification","source_currentness_confirmed":false,"source
1000
_entity_type":"LWPOLYLINE","source_file":"cad_candidate.flattened.r2010.dxf","source_layer":"\u0414\u0412_\u0413\u041f_\u041f_\u0412\u043e\u0434\u043e\u043e\u0442\u0432\u043e\u0434\u043d\u044b\u0435_\
1000
u043b\u043e\u0442\u043a\u0438","source_project_id":"898ea8e86f4d","source_status":"partial prepared CAD: 45 of 47 external references embedded","street":"\u041a\u0443\u043b\u0438\u043a\u043e\u0432\u04
1000
41\u043a\u0430\u044f \u0443\u043b\u0438\u0446\u0430, \u041c\u043e\u0441\u043a\u0432\u0430","suggestion_confidence":"high"},"role":"asset","schema_version":1,"type_id":"net.tray"}
  0
LWPOLYLINE
  5
116
330
17
100
AcDbEntity
  8
GC_DRAINAGE_TRAY
100
AcDbPolyline
 90
4
 70
1
 10
3963.6125935140603
 20
-11026.65493524703
 10
3963.382644689001
 20
-11026.556836060223
 10
3963.578843195533
 20
-11026.096938086717
 10
3963.80878227554
 20
-11026.195060753465
1001
GREENCAD_EDIT_V1
1000
{"geometry_role":"OUTER_CONTOUR","id":"kul-tray:000131:c7d1225f33e6","properties":{"missing_external_references":["\u0410\u0421\u0423_\u041e\u0414\u0421_\u041a\u0443\u043b\u0438\u043a\u043e\u0432\u044
1000
1\u043a\u0430\u044f","\u04407989_\u041a\u0443\u043b\u0438\u043a\u043e\u0432\u0441\u043a\u0430\u044f \u0443\u043b._\u043f\u0440\u043e\u0435\u043a\u0442"],"normative":false,"professional_confirmation":f
1000
alse,"semantic_authority":"project layer-name evidence for diagnostic testing only","semantic_basis":"explicit project layer name; advisory classification","source_currentness_confirmed":false,"source
1000
_entity_type":"LWPOLYLINE","source_file":"cad_candidate.flattened.r2010.dxf","source_layer":"\u0414\u0412_\u0413\u041f_\u041f_\u0412\u043e\u0434\u043e\u043e\u0442\u0432\u043e\u0434\u043d\u044b\u0435_\
1000
u043b\u043e\u0442\u043a\u0438","source_project_id":"898ea8e86f4d","source_status":"partial prepared CAD: 45 of 47 external references embedded","street":"\u041a\u0443\u043b\u0438\u043a\u043e\u0432\u04
1000
41\u043a\u0430\u044f \u0443\u043b\u0438\u0446\u0430, \u041c\u043e\u0441\u043a\u0432\u0430","suggestion_confidence":"high"},"role":"asset","schema_version":1,"type_id":"net.tray"}
  0
LWPOLYLINE
  5
117
330
17
100
AcDbEntity
  8
GC_DRAINAGE_TRAY
100
AcDbPolyline
 90
4
 70
1
 10
3963.808792250552
 20
-11026.195037371628
 10
3963.578843425493
 20
-11026.09693818482
 10
3963.7750419320246
 20
-11025.637040211315
 10
3964.0049810120317
 20
-11025.735162878063
1001
GREENCAD_EDIT_V1
1000
{"geometry_role":"OUTER_CONTOUR","id":"kul-tray:000132:2f2c0a06c1b3","properties":{"missing_external_references":["\u0410\u0421\u0423_\u041e\u0414\u0421_\u041a\u0443\u043b\u0438\u043a\u043e\u0432\u044
1000
1\u043a\u0430\u044f","\u04407989_\u041a\u0443\u043b\u0438\u043a\u043e\u0432\u0441\u043a\u0430\u044f \u0443\u043b._\u043f\u0440\u043e\u0435\u043a\u0442"],"normative":false,"professional_confirmation":f
1000
alse,"semantic_authority":"project layer-name evidence for diagnostic testing only","semantic_basis":"explicit project layer name; advisory classification","source_currentness_confirmed":false,"source
1000
_entity_type":"LWPOLYLINE","source_file":"cad_candidate.flattened.r2010.dxf","source_layer":"\u0414\u0412_\u0413\u041f_\u041f_\u0412\u043e\u0434\u043e\u043e\u0442\u0432\u043e\u0434\u043d\u044b\u0435_\
1000
u043b\u043e\u0442\u043a\u0438","source_project_id":"898ea8e86f4d","source_status":"partial prepared CAD: 45 of 47 external references embedded","street":"\u041a\u0443\u043b\u0438\u043a\u043e\u0432\u04
1000
41\u043a\u0430\u044f \u0443\u043b\u0438\u0446\u0430, \u041c\u043e\u0441\u043a\u0432\u0430","suggestion_confidence":"high"},"role":"asset","schema_version":1,"type_id":"net.tray"}
  0
LWPOLYLINE
  5
118
330
17
100
AcDbEntity
  8
GC_DRAINAGE_TRAY
100
AcDbPolyline
 90
4
 70
1
 10
3964.004990987044
 20
-11025.735139496228
 10
3963.775042161985
 20
-11025.63704030942
 10
3963.9712406685167
 20
-11025.177142335915
 10
3964.201179748524
 20
-11025.275265002663
1001
GREENCAD_EDIT_V1
1000
{"geometry_role":"OUTER_CONTOUR","id":"kul-tray:000133:06d9b8e18854","properties":{"missing_external_references":["\u0410\u0421\u0423_\u041e\u0414\u0421_\u041a\u0443\u043b\u0438\u043a\u043e\u0432\u044
1000
1\u043a\u0430\u044f","\u04407989_\u041a\u0443\u043b\u0438\u043a\u043e\u0432\u0441\u043a\u0430\u044f \u0443\u043b._\u043f\u0440\u043e\u0435\u043a\u0442"],"normative":false,"professional_confirmation":f
1000
alse,"semantic_authority":"project layer-name evidence for diagnostic testing only","semantic_basis":"explicit project layer name; advisory classification","source_currentness_confirmed":false,"source
1000
_entity_type":"LWPOLYLINE","source_file":"cad_candidate.flattened.r2010.dxf","source_layer":"\u0414\u0412_\u0413\u041f_\u041f_\u0412\u043e\u0434\u043e\u043e\u0442\u0432\u043e\u0434\u043d\u044b\u0435_\
1000
u043b\u043e\u0442\u043a\u0438","source_project_id":"898ea8e86f4d","source_status":"partial prepared CAD: 45 of 47 external references embedded","street":"\u041a\u0443\u043b\u0438\u043a\u043e\u0432\u04
1000
41\u043a\u0430\u044f \u0443\u043b\u0438\u0446\u0430, \u041c\u043e\u0441\u043a\u0432\u0430","suggestion_confidence":"high"},"role":"asset","schema_version":1,"type_id":"net.tray"}
  0
LWPOLYLINE
  5
119
330
17
100
AcDbEntity
  8
GC_DRAINAGE_TRAY
100
AcDbPolyline
 90
4
 70
1
 10
3964.201189723536
 20
-11025.275241620826
 10
3963.971240898477
 20
-11025.177142434019
 10
3964.1674394050087
 20
-11024.717244460513
 10
3964.397378485016
 20
-11024.815367127261
1001
GREENCAD_EDIT_V1
1000
{"geometry_role":"OUTER_CONTOUR","id":"kul-tray:000134:c1d4a47c7c1e","properties":{"missing_external_references":["\u0410\u0421\u0423_\u041e\u0414\u0421_\u041a\u0443\u043b\u0438\u043a\u043e\u0432\u044
1000
1\u043a\u0430\u044f","\u04407989_\u041a\u0443\u043b\u0438\u043a\u043e\u0432\u0441\u043a\u0430\u044f \u0443\u043b._\u043f\u0440\u043e\u0435\u043a\u0442"],"normative":false,"professional_confirmation":f
1000
alse,"semantic_authority":"project layer-name evidence for diagnostic testing only","semantic_basis":"explicit project layer name; advisory classification","source_currentness_confirmed":false,"source
1000
_entity_type":"LWPOLYLINE","source_file":"cad_candidate.flattened.r2010.dxf","source_layer":"\u0414\u0412_\u0413\u041f_\u041f_\u0412\u043e\u0434\u043e\u043e\u0442\u0432\u043e\u0434\u043d\u044b\u0435_\
1000
u043b\u043e\u0442\u043a\u0438","source_project_id":"898ea8e86f4d","source_status":"partial prepared CAD: 45 of 47 external references embedded","street":"\u041a\u0443\u043b\u0438\u043a\u043e\u0432\u04
1000
41\u043a\u0430\u044f \u0443\u043b\u0438\u0446\u0430, \u041c\u043e\u0441\u043a\u0432\u0430","suggestion_confidence":"high"},"role":"asset","schema_version":1,"type_id":"net.tray"}
  0
LWPOLYLINE
  5
11A
330
17
100
AcDbEntity
  8
GC_DRAINAGE_TRAY
100
AcDbPolyline
 90
4
 70
1
 10
3964.397388460028
 20
-11024.815343745424
 10
3964.167439634969
 20
-11024.717244558617
 10
3964.363638141501
 20
-11024.257346585111
 10
3964.593577221508
 20
-11024.35546925186
1001
GREENCAD_EDIT_V1
1000
{"geometry_role":"OUTER_CONTOUR","id":"kul-tray:000135:4bd66685e810","properties":{"missing_external_references":["\u0410\u0421\u0423_\u041e\u0414\u0421_\u041a\u0443\u043b\u0438\u043a\u043e\u0432\u044
1000
1\u043a\u0430\u044f","\u04407989_\u041a\u0443\u043b\u0438\u043a\u043e\u0432\u0441\u043a\u0430\u044f \u0443\u043b._\u043f\u0440\u043e\u0435\u043a\u0442"],"normative":false,"professional_confirmation":f
1000
alse,"semantic_authority":"project layer-name evidence for diagnostic testing only","semantic_basis":"explicit project layer name; advisory classification","source_currentness_confirmed":false,"source
1000
_entity_type":"LWPOLYLINE","source_file":"cad_candidate.flattened.r2010.dxf","source_layer":"\u0414\u0412_\u0413\u041f_\u041f_\u0412\u043e\u0434\u043e\u043e\u0442\u0432\u043e\u0434\u043d\u044b\u0435_\
1000
u043b\u043e\u0442\u043a\u0438","source_project_id":"898ea8e86f4d","source_status":"partial prepared CAD: 45 of 47 external references embedded","street":"\u041a\u0443\u043b\u0438\u043a\u043e\u0432\u04
1000
41\u043a\u0430\u044f \u0443\u043b\u0438\u0446\u0430, \u041c\u043e\u0441\u043a\u0432\u0430","suggestion_confidence":"high"},"role":"asset","schema_version":1,"type_id":"net.tray"}
  0
LWPOLYLINE
  5
11B
330
17
100
AcDbEntity
  8
GC_DRAINAGE_TRAY
100
AcDbPolyline
 90
4
 70
1
 10
3964.5935871965203
 20
-11024.355445870022
 10
3964.363638371461
 20
-11024.257346683215
 10
3964.559836877993
 20
-11023.797448709709
 10
3964.789775958
 20
-11023.895571376457
1001
GREENCAD_EDIT_V1
1000
{"geometry_role":"OUTER_CONTOUR","id":"kul-tray:000136:0098a260a684","properties":{"missing_external_references":["\u0410\u0421\u0423_\u041e\u0414\u0421_\u041a\u0443\u043b\u0438\u043a\u043e\u0432\u044
1000
1\u043a\u0430\u044f","\u04407989_\u041a\u0443\u043b\u0438\u043a\u043e\u0432\u0441\u043a\u0430\u044f \u0443\u043b._\u043f\u0440\u043e\u0435\u043a\u0442"],"normative":false,"professional_confirmation":f
1000
alse,"semantic_authority":"project layer-name evidence for diagnostic testing only","semantic_basis":"explicit project layer name; advisory classification","source_currentness_confirmed":false,"source
1000
_entity_type":"LWPOLYLINE","source_file":"cad_candidate.flattened.r2010.dxf","source_layer":"\u0414\u0412_\u0413\u041f_\u041f_\u0412\u043e\u0434\u043e\u043e\u0442\u0432\u043e\u0434\u043d\u044b\u0435_\
1000
u043b\u043e\u0442\u043a\u0438","source_project_id":"898ea8e86f4d","source_status":"partial prepared CAD: 45 of 47 external references embedded","street":"\u041a\u0443\u043b\u0438\u043a\u043e\u0432\u04
1000
41\u043a\u0430\u044f \u0443\u043b\u0438\u0446\u0430, \u041c\u043e\u0441\u043a\u0432\u0430","suggestion_confidence":"high"},"role":"asset","schema_version":1,"type_id":"net.tray"}
  0
LWPOLYLINE
  5
11C
330
17
100
AcDbEntity
  8
GC_DRAINAGE_TRAY
100
AcDbPolyline
 90
4
 70
1
 10
3964.7897859330124
 20
-11023.89554799462
 10
3964.559837107953
 20
-11023.797448807813
 10
3964.756035614485
 20
-11023.337550834307
 10
3964.985974694492
 20
-11023.435673501055
1001
GREENCAD_EDIT_V1
1000
{"geometry_role":"OUTER_CONTOUR","id":"kul-tray:000137:c1dfcbf6d793","properties":{"missing_external_references":["\u0410\u0421\u0423_\u041e\u0414\u0421_\u041a\u0443\u043b\u0438\u043a\u043e\u0432\u044
1000
1\u043a\u0430\u044f","\u04407989_\u041a\u0443\u043b\u0438\u043a\u043e\u0432\u0441\u043a\u0430\u044f \u0443\u043b._\u043f\u0440\u043e\u0435\u043a\u0442"],"normative":false,"professional_confirmation":f
1000
alse,"semantic_authority":"project layer-name evidence for diagnostic testing only","semantic_basis":"explicit project layer name; advisory classification","source_currentness_confirmed":false,"source
1000
_entity_type":"LWPOLYLINE","source_file":"cad_candidate.flattened.r2010.dxf","source_layer":"\u0414\u0412_\u0413\u041f_\u041f_\u0412\u043e\u0434\u043e\u043e\u0442\u0432\u043e\u0434\u043d\u044b\u0435_\
1000
u043b\u043e\u0442\u043a\u0438","source_project_id":"898ea8e86f4d","source_status":"partial prepared CAD: 45 of 47 external references embedded","street":"\u041a\u0443\u043b\u0438\u043a\u043e\u0432\u04
1000
41\u043a\u0430\u044f \u0443\u043b\u0438\u0446\u0430, \u041c\u043e\u0441\u043a\u0432\u0430","suggestion_confidence":"high"},"role":"asset","schema_version":1,"type_id":"net.tray"}
  0
LWPOLYLINE
  5
11D
330
17
100
AcDbEntity
  8
GC_DRAINAGE_TRAY
100
AcDbPolyline
 90
4
 70
1
 10
3964.9859846695044
 20
-11023.43565011922
 10
3964.7560358444453
 20
-11023.337550932412
 10
3964.952234350977
 20
-11022.877652958907
 10
3965.182173430984
 20
-11022.975775625655
1001
GREENCAD_EDIT_V1
1000
{"geometry_role":"OUTER_CONTOUR","id":"kul-tray:000138:37705be961e2","properties":{"missing_external_references":["\u0410\u0421\u0423_\u041e\u0414\u0421_\u041a\u0443\u043b\u0438\u043a\u043e\u0432\u044
1000
1\u043a\u0430\u044f","\u04407989_\u041a\u0443\u043b\u0438\u043a\u043e\u0432\u0441\u043a\u0430\u044f \u0443\u043b._\u043f\u0440\u043e\u0435\u043a\u0442"],"normative":false,"professional_confirmation":f
1000
alse,"semantic_authority":"project layer-name evidence for diagnostic testing only","semantic_basis":"explicit project layer name; advisory classification","source_currentness_confirmed":false,"source
1000
_entity_type":"LWPOLYLINE","source_file":"cad_candidate.flattened.r2010.dxf","source_layer":"\u0414\u0412_\u0413\u041f_\u041f_\u0412\u043e\u0434\u043e\u043e\u0442\u0432\u043e\u0434\u043d\u044b\u0435_\
1000
u043b\u043e\u0442\u043a\u0438","source_project_id":"898ea8e86f4d","source_status":"partial prepared CAD: 45 of 47 external references embedded","street":"\u041a\u0443\u043b\u0438\u043a\u043e\u0432\u04
1000
41\u043a\u0430\u044f \u0443\u043b\u0438\u0446\u0430, \u041c\u043e\u0441\u043a\u0432\u0430","suggestion_confidence":"high"},"role":"asset","schema_version":1,"type_id":"net.tray"}
  0
LWPOLYLINE
  5
11E
330
17
100
AcDbEntity
  8
GC_DRAINAGE_TRAY
100
AcDbPolyline
 90
4
 70
1
 10
3965.1821834059965
 20
-11022.975752243818
 10
3964.9522345809373
 20
-11022.87765305701
 10
3965.148433087469
 20
-11022.417755083505
 10
3965.3783721674763
 20
-11022.515877750253
1001
GREENCAD_EDIT_V1
1000
{"geometry_role":"OUTER_CONTOUR","id":"kul-tray:000139:94a86bd69ed3","properties":{"missing_external_references":["\u0410\u0421\u0423_\u041e\u0414\u0421_\u041a\u0443\u043b\u0438\u043a\u043e\u0432\u044
1000
1\u043a\u0430\u044f","\u04407989_\u041a\u0443\u043b\u0438\u043a\u043e\u0432\u0441\u043a\u0430\u044f \u0443\u043b._\u043f\u0440\u043e\u0435\u043a\u0442"],"normative":false,"professional_confirmation":f
1000
alse,"semantic_authority":"project layer-name evidence for diagnostic testing only","semantic_basis":"explicit project layer name; advisory classification","source_currentness_confirmed":false,"source
1000
_entity_type":"LWPOLYLINE","source_file":"cad_candidate.flattened.r2010.dxf","source_layer":"\u0414\u0412_\u0413\u041f_\u041f_\u0412\u043e\u0434\u043e\u043e\u0442\u0432\u043e\u0434\u043d\u044b\u0435_\
1000
u043b\u043e\u0442\u043a\u0438","source_project_id":"898ea8e86f4d","source_status":"partial prepared CAD: 45 of 47 external references embedded","street":"\u041a\u0443\u043b\u0438\u043a\u043e\u0432\u04
1000
41\u043a\u0430\u044f \u0443\u043b\u0438\u0446\u0430, \u041c\u043e\u0441\u043a\u0432\u0430","suggestion_confidence":"high"},"role":"asset","schema_version":1,"type_id":"net.tray"}
  0
LWPOLYLINE
  5
11F
330
17
100
AcDbEntity
  8
GC_DRAINAGE_TRAY
100
AcDbPolyline
 90
4
 70
1
 10
3965.3783821424886
 20
-11022.515854368416
 10
3965.1484333174294
 20
-11022.417755181608
 10
3965.344631823961
 20
-11021.957857208103
 10
3965.5745709039684
 20
-11022.05597987485
1001
GREENCAD_EDIT_V1
1000
{"geometry_role":"OUTER_CONTOUR","id":"kul-tray:000140:19af9ab60b17","properties":{"missing_external_references":["\u0410\u0421\u0423_\u041e\u0414\u0421_\u041a\u0443\u043b\u0438\u043a\u043e\u0432\u044
1000
1\u043a\u0430\u044f","\u04407989_\u041a\u0443\u043b\u0438\u043a\u043e\u0432\u0441\u043a\u0430\u044f \u0443\u043b._\u043f\u0440\u043e\u0435\u043a\u0442"],"normative":false,"professional_confirmation":f
1000
alse,"semantic_authority":"project layer-name evidence for diagnostic testing only","semantic_basis":"explicit project layer name; advisory classification","source_currentness_confirmed":false,"source
1000
_entity_type":"LWPOLYLINE","source_file":"cad_candidate.flattened.r2010.dxf","source_layer":"\u0414\u0412_\u0413\u041f_\u041f_\u0412\u043e\u0434\u043e\u043e\u0442\u0432\u043e\u0434\u043d\u044b\u0435_\
1000
u043b\u043e\u0442\u043a\u0438","source_project_id":"898ea8e86f4d","source_status":"partial prepared CAD: 45 of 47 external references embedded","street":"\u041a\u0443\u043b\u0438\u043a\u043e\u0432\u04
1000
41\u043a\u0430\u044f \u0443\u043b\u0438\u0446\u0430, \u041c\u043e\u0441\u043a\u0432\u0430","suggestion_confidence":"high"},"role":"asset","schema_version":1,"type_id":"net.tray"}
  0
LWPOLYLINE
  5
120
330
17
100
AcDbEntity
  8
GC_DRAINAGE_TRAY
100
AcDbPolyline
 90
4
 70
1
 10
3965.5745808789807
 20
-11022.055956493014
 10
3965.3446320539215
 20
-11021.957857306206
 10
3965.5408305604533
 20
-11021.4979593327
 10
3965.7707696404605
 20
-11021.596081999449
1001
GREENCAD_EDIT_V1
1000
{"geometry_role":"OUTER_CONTOUR","id":"kul-tray:000141:43ed99eab1a1","properties":{"missing_external_references":["\u0410\u0421\u0423_\u041e\u0414\u0421_\u041a\u0443\u043b\u0438\u043a\u043e\u0432\u044
1000
1\u043a\u0430\u044f","\u04407989_\u041a\u0443\u043b\u0438\u043a\u043e\u0432\u0441\u043a\u0430\u044f \u0443\u043b._\u043f\u0440\u043e\u0435\u043a\u0442"],"normative":false,"professional_confirmation":f
1000
alse,"semantic_authority":"project layer-name evidence for diagnostic testing only","semantic_basis":"explicit project layer name; advisory classification","source_currentness_confirmed":false,"source
1000
_entity_type":"LWPOLYLINE","source_file":"cad_candidate.flattened.r2010.dxf","source_layer":"\u0414\u0412_\u0413\u041f_\u041f_\u0412\u043e\u0434\u043e\u043e\u0442\u0432\u043e\u0434\u043d\u044b\u0435_\
1000
u043b\u043e\u0442\u043a\u0438","source_project_id":"898ea8e86f4d","source_status":"partial prepared CAD: 45 of 47 external references embedded","street":"\u041a\u0443\u043b\u0438\u043a\u043e\u0432\u04
1000
41\u043a\u0430\u044f \u0443\u043b\u0438\u0446\u0430, \u041c\u043e\u0441\u043a\u0432\u0430","suggestion_confidence":"high"},"role":"asset","schema_version":1,"type_id":"net.tray"}
  0
LWPOLYLINE
  5
121
330
17
100
AcDbEntity
  8
GC_DRAINAGE_TRAY
100
AcDbPolyline
 90
4
 70
1
 10
3965.7707796154727
 20
-11021.596058617612
 10
3965.5408307904136
 20
-11021.497959430804
 10
3965.7370292969454
 20
-11021.038061457299
 10
3965.9669683769525
 20
-11021.136184124047
1001
GREENCAD_EDIT_V1
1000
{"geometry_role":"OUTER_CONTOUR","id":"kul-tray:000142:3b49a6c1e33d","properties":{"missing_external_references":["\u0410\u0421\u0423_\u041e\u0414\u0421_\u041a\u0443\u043b\u0438\u043a\u043e\u0432\u044
1000
1\u043a\u0430\u044f","\u04407989_\u041a\u0443\u043b\u0438\u043a\u043e\u0432\u0441\u043a\u0430\u044f \u0443\u043b._\u043f\u0440\u043e\u0435\u043a\u0442"],"normative":false,"professional_confirmation":f
1000
alse,"semantic_authority":"project layer-name evidence for diagnostic testing only","semantic_basis":"explicit project layer name; advisory classification","source_currentness_confirmed":false,"source
1000
_entity_type":"LWPOLYLINE","source_file":"cad_candidate.flattened.r2010.dxf","source_layer":"\u0414\u0412_\u0413\u041f_\u041f_\u0412\u043e\u0434\u043e\u043e\u0442\u0432\u043e\u0434\u043d\u044b\u0435_\
1000
u043b\u043e\u0442\u043a\u0438","source_project_id":"898ea8e86f4d","source_status":"partial prepared CAD: 45 of 47 external references embedded","street":"\u041a\u0443\u043b\u0438\u043a\u043e\u0432\u04
1000
41\u043a\u0430\u044f \u0443\u043b\u0438\u0446\u0430, \u041c\u043e\u0441\u043a\u0432\u0430","suggestion_confidence":"high"},"role":"asset","schema_version":1,"type_id":"net.tray"}
  0
LWPOLYLINE
  5
122
330
17
100
AcDbEntity
  8
GC_DRAINAGE_TRAY
100
AcDbPolyline
 90
4
 70
1
 10
3965.966978351965
 20
-11021.136160742211
 10
3965.7370295269056
 20
-11021.038061555404
 10
3965.9332280334374
 20
-11020.578163581898
 10
3966.1631671134446
 20
-11020.676286248647
1001
GREENCAD_EDIT_V1
1000
{"geometry_role":"OUTER_CONTOUR","id":"kul-tray:000143:72cffb391390","properties":{"missing_external_references":["\u0410\u0421\u0423_\u041e\u0414\u0421_\u041a\u0443\u043b\u0438\u043a\u043e\u0432\u044
1000
1\u043a\u0430\u044f","\u04407989_\u041a\u0443\u043b\u0438\u043a\u043e\u0432\u0441\u043a\u0430\u044f \u0443\u043b._\u043f\u0440\u043e\u0435\u043a\u0442"],"normative":false,"professional_confirmation":f
1000
alse,"semantic_authority":"project layer-name evidence for diagnostic testing only","semantic_basis":"explicit project layer name; advisory classification","source_currentness_confirmed":false,"source
1000
_entity_type":"LWPOLYLINE","source_file":"cad_candidate.flattened.r2010.dxf","source_layer":"\u0414\u0412_\u0413\u041f_\u041f_\u0412\u043e\u0434\u043e\u043e\u0442\u0432\u043e\u0434\u043d\u044b\u0435_\
1000
u043b\u043e\u0442\u043a\u0438","source_project_id":"898ea8e86f4d","source_status":"partial prepared CAD: 45 of 47 external references embedded","street":"\u041a\u0443\u043b\u0438\u043a\u043e\u0432\u04
1000
41\u043a\u0430\u044f \u0443\u043b\u0438\u0446\u0430, \u041c\u043e\u0441\u043a\u0432\u0430","suggestion_confidence":"high"},"role":"asset","schema_version":1,"type_id":"net.tray"}
  0
LWPOLYLINE
  5
123
330
17
100
AcDbEntity
  8
GC_DRAINAGE_TRAY
100
AcDbPolyline
 90
4
 70
1
 10
3966.163177088457
 20
-11020.67626286681
 10
3965.9332282633977
 20
-11020.578163680002
 10
3966.1294267699295
 20
-11020.118265706496
 10
3966.3593658499367
 20
-11020.216388373245
1001
GREENCAD_EDIT_V1
1000
{"geometry_role":"OUTER_CONTOUR","id":"kul-tray:000144:b3c564527997","properties":{"missing_external_references":["\u0410\u0421\u0423_\u041e\u0414\u0421_\u041a\u0443\u043b\u0438\u043a\u043e\u0432\u044
1000
1\u043a\u0430\u044f","\u04407989_\u041a\u0443\u043b\u0438\u043a\u043e\u0432\u0441\u043a\u0430\u044f \u0443\u043b._\u043f\u0440\u043e\u0435\u043a\u0442"],"normative":false,"professional_confirmation":f
1000
alse,"semantic_authority":"project layer-name evidence for diagnostic testing only","semantic_basis":"explicit project layer name; advisory classification","source_currentness_confirmed":false,"source
1000
_entity_type":"LWPOLYLINE","source_file":"cad_candidate.flattened.r2010.dxf","source_layer":"\u0414\u0412_\u0413\u041f_\u041f_\u0412\u043e\u0434\u043e\u043e\u0442\u0432\u043e\u0434\u043d\u044b\u0435_\
1000
u043b\u043e\u0442\u043a\u0438","source_project_id":"898ea8e86f4d","source_status":"partial prepared CAD: 45 of 47 external references embedded","street":"\u041a\u0443\u043b\u0438\u043a\u043e\u0432\u04
1000
41\u043a\u0430\u044f \u0443\u043b\u0438\u0446\u0430, \u041c\u043e\u0441\u043a\u0432\u0430","suggestion_confidence":"high"},"role":"asset","schema_version":1,"type_id":"net.tray"}
  0
LWPOLYLINE
  5
124
330
17
100
AcDbEntity
  8
GC_DRAINAGE_TRAY
100
AcDbPolyline
 90
4
 70
1
 10
3966.359375824949
 20
-11020.216364991407
 10
3966.12942699989
 20
-11020.1182658046
 10
3966.3256255064216
 20
-11019.658367831094
 10
3966.5555645864288
 20
-11019.756490497843
1001
GREENCAD_EDIT_V1
1000
{"geometry_role":"OUTER_CONTOUR","id":"kul-tray:000145:ee741aff4405","properties":{"missing_external_references":["\u0410\u0421\u0423_\u041e\u0414\u0421_\u041a\u0443\u043b\u0438\u043a\u043e\u0432\u044
1000
1\u043a\u0430\u044f","\u04407989_\u041a\u0443\u043b\u0438\u043a\u043e\u0432\u0441\u043a\u0430\u044f \u0443\u043b._\u043f\u0440\u043e\u0435\u043a\u0442"],"normative":false,"professional_confirmation":f
1000
alse,"semantic_authority":"project layer-name evidence for diagnostic testing only","semantic_basis":"explicit project layer name; advisory classification","source_currentness_confirmed":false,"source
1000
_entity_type":"LWPOLYLINE","source_file":"cad_candidate.flattened.r2010.dxf","source_layer":"\u0414\u0412_\u0413\u041f_\u041f_\u0412\u043e\u0434\u043e\u043e\u0442\u0432\u043e\u0434\u043d\u044b\u0435_\
1000
u043b\u043e\u0442\u043a\u0438","source_project_id":"898ea8e86f4d","source_status":"partial prepared CAD: 45 of 47 external references embedded","street":"\u041a\u0443\u043b\u0438\u043a\u043e\u0432\u04
1000
41\u043a\u0430\u044f \u0443\u043b\u0438\u0446\u0430, \u041c\u043e\u0441\u043a\u0432\u0430","suggestion_confidence":"high"},"role":"asset","schema_version":1,"type_id":"net.tray"}
  0
LWPOLYLINE
  5
125
330
17
100
AcDbEntity
  8
GC_DRAINAGE_TRAY
100
AcDbPolyline
 90
4
 70
1
 10
3966.555574561441
 20
-11019.756467116005
 10
3966.325625736382
 20
-11019.658367929198
 10
3966.5218242429137
 20
-11019.198469955692
 10
3966.751763322921
 20
-11019.29659262244
1001
GREENCAD_EDIT_V1
1000
{"geometry_role":"OUTER_CONTOUR","id":"kul-tray:000146:919a0fd55871","properties":{"missing_external_references":["\u0410\u0421\u0423_\u041e\u0414\u0421_\u041a\u0443\u043b\u0438\u043a\u043e\u0432\u044
1000
1\u043a\u0430\u044f","\u04407989_\u041a\u0443\u043b\u0438\u043a\u043e\u0432\u0441\u043a\u0430\u044f \u0443\u043b._\u043f\u0440\u043e\u0435\u043a\u0442"],"normative":false,"professional_confirmation":f
1000
alse,"semantic_authority":"project layer-name evidence for diagnostic testing only","semantic_basis":"explicit project layer name; advisory classification","source_currentness_confirmed":false,"source
1000
_entity_type":"LWPOLYLINE","source_file":"cad_candidate.flattened.r2010.dxf","source_layer":"\u0414\u0412_\u0413\u041f_\u041f_\u0412\u043e\u0434\u043e\u043e\u0442\u0432\u043e\u0434\u043d\u044b\u0435_\
1000
u043b\u043e\u0442\u043a\u0438","source_project_id":"898ea8e86f4d","source_status":"partial prepared CAD: 45 of 47 external references embedded","street":"\u041a\u0443\u043b\u0438\u043a\u043e\u0432\u04
1000
41\u043a\u0430\u044f \u0443\u043b\u0438\u0446\u0430, \u041c\u043e\u0441\u043a\u0432\u0430","suggestion_confidence":"high"},"role":"asset","schema_version":1,"type_id":"net.tray"}
  0
LWPOLYLINE
  5
126
330
17
100
AcDbEntity
  8
GC_DRAINAGE_TRAY
100
AcDbPolyline
 90
4
 70
1
 10
3966.751773297933
 20
-11019.296569240605
 10
3966.521824472874
 20
-11019.198470053798
 10
3966.7180229794058
 20
-11018.738572080292
 10
3966.947962059413
 20
-11018.83669474704
1001
GREENCAD_EDIT_V1
1000
{"geometry_role":"OUTER_CONTOUR","id":"kul-tray:000147:4a40febdebaa","properties":{"missing_external_references":["\u0410\u0421\u0423_\u041e\u0414\u0421_\u041a\u0443\u043b\u0438\u043a\u043e\u0432\u044
1000
1\u043a\u0430\u044f","\u04407989_\u041a\u0443\u043b\u0438\u043a\u043e\u0432\u0441\u043a\u0430\u044f \u0443\u043b._\u043f\u0440\u043e\u0435\u043a\u0442"],"normative":false,"professional_confirmation":f
1000
alse,"semantic_authority":"project layer-name evidence for diagnostic testing only","semantic_basis":"explicit project layer name; advisory classification","source_currentness_confirmed":false,"source
1000
_entity_type":"LWPOLYLINE","source_file":"cad_candidate.flattened.r2010.dxf","source_layer":"\u0414\u0412_\u0413\u041f_\u041f_\u0412\u043e\u0434\u043e\u043e\u0442\u0432\u043e\u0434\u043d\u044b\u0435_\
1000
u043b\u043e\u0442\u043a\u0438","source_project_id":"898ea8e86f4d","source_status":"partial prepared CAD: 45 of 47 external references embedded","street":"\u041a\u0443\u043b\u0438\u043a\u043e\u0432\u04
1000
41\u043a\u0430\u044f \u0443\u043b\u0438\u0446\u0430, \u041c\u043e\u0441\u043a\u0432\u0430","suggestion_confidence":"high"},"role":"asset","schema_version":1,"type_id":"net.tray"}
  0
LWPOLYLINE
  5
127
330
17
100
AcDbEntity
  8
GC_DRAINAGE_TRAY
100
AcDbPolyline
 90
4
 70
1
 10
3966.9479720344248
 20
-11018.836671365203
 10
3966.7180232093656
 20
-11018.738572178396
 10
3966.9142217158974
 20
-11018.27867420489
 10
3967.1441607959046
 20
-11018.376796871638
1001
GREENCAD_EDIT_V1
1000
{"geometry_role":"OUTER_CONTOUR","id":"kul-tray:000148:542f045e6870","properties":{"missing_external_references":["\u0410\u0421\u0423_\u041e\u0414\u0421_\u041a\u0443\u043b\u0438\u043a\u043e\u0432\u044
1000
1\u043a\u0430\u044f","\u04407989_\u041a\u0443\u043b\u0438\u043a\u043e\u0432\u0441\u043a\u0430\u044f \u0443\u043b._\u043f\u0440\u043e\u0435\u043a\u0442"],"normative":false,"professional_confirmation":f
1000
alse,"semantic_authority":"project layer-name evidence for diagnostic testing only","semantic_basis":"explicit project layer name; advisory classification","source_currentness_confirmed":false,"source
1000
_entity_type":"LWPOLYLINE","source_file":"cad_candidate.flattened.r2010.dxf","source_layer":"\u0414\u0412_\u0413\u041f_\u041f_\u0412\u043e\u0434\u043e\u043e\u0442\u0432\u043e\u0434\u043d\u044b\u0435_\
1000
u043b\u043e\u0442\u043a\u0438","source_project_id":"898ea8e86f4d","source_status":"partial prepared CAD: 45 of 47 external references embedded","street":"\u041a\u0443\u043b\u0438\u043a\u043e\u0432\u04
1000
41\u043a\u0430\u044f \u0443\u043b\u0438\u0446\u0430, \u041c\u043e\u0441\u043a\u0432\u0430","suggestion_confidence":"high"},"role":"asset","schema_version":1,"type_id":"net.tray"}
  0
LWPOLYLINE
  5
128
330
17
100
AcDbEntity
  8
GC_DRAINAGE_TRAY
100
AcDbPolyline
 90
4
 70
1
 10
3967.1441707709173
 20
-11018.376773489801
 10
3966.914221945858
 20
-11018.278674302994
 10
3967.11042045239
 20
-11017.818776329488
 10
3967.340359532397
 20
-11017.916898996236
1001
GREENCAD_EDIT_V1
1000
{"geometry_role":"OUTER_CONTOUR","id":"kul-tray:000149:dd63909044c6","properties":{"missing_external_references":["\u0410\u0421\u0423_\u041e\u0414\u0421_\u041a\u0443\u043b\u0438\u043a\u043e\u0432\u044
1000
1\u043a\u0430\u044f","\u04407989_\u041a\u0443\u043b\u0438\u043a\u043e\u0432\u0441\u043a\u0430\u044f \u0443\u043b._\u043f\u0440\u043e\u0435\u043a\u0442"],"normative":false,"professional_confirmation":f
1000
alse,"semantic_authority":"project layer-name evidence for diagnostic testing only","semantic_basis":"explicit project layer name; advisory classification","source_currentness_confirmed":false,"source
1000
_entity_type":"LWPOLYLINE","source_file":"cad_candidate.flattened.r2010.dxf","source_layer":"\u0414\u0412_\u0413\u041f_\u041f_\u0412\u043e\u0434\u043e\u043e\u0442\u0432\u043e\u0434\u043d\u044b\u0435_\
1000
u043b\u043e\u0442\u043a\u0438","source_project_id":"898ea8e86f4d","source_status":"partial prepared CAD: 45 of 47 external references embedded","street":"\u041a\u0443\u043b\u0438\u043a\u043e\u0432\u04
1000
41\u043a\u0430\u044f \u0443\u043b\u0438\u0446\u0430, \u041c\u043e\u0441\u043a\u0432\u0430","suggestion_confidence":"high"},"role":"asset","schema_version":1,"type_id":"net.tray"}
  0
LWPOLYLINE
  5
129
330
17
100
AcDbEntity
  8
GC_DRAINAGE_TRAY
100
AcDbPolyline
 90
4
 70
1
 10
3967.340369507409
 20
-11017.916875614399
 10
3967.1104206823497
 20
-11017.818776427592
 10
3967.3066191888815
 20
-11017.358878454086
 10
3967.5365582688887
 20
-11017.457001120834
1001
GREENCAD_EDIT_V1
1000
{"geometry_role":"OUTER_CONTOUR","id":"kul-tray:000150:8f42a49e1d76","properties":{"missing_external_references":["\u0410\u0421\u0423_\u041e\u0414\u0421_\u041a\u0443\u043b\u0438\u043a\u043e\u0432\u044
1000
1\u043a\u0430\u044f","\u04407989_\u041a\u0443\u043b\u0438\u043a\u043e\u0432\u0441\u043a\u0430\u044f \u0443\u043b._\u043f\u0440\u043e\u0435\u043a\u0442"],"normative":false,"professional_confirmation":f
1000
alse,"semantic_authority":"project layer-name evidence for diagnostic testing only","semantic_basis":"explicit project layer name; advisory classification","source_currentness_confirmed":false,"source
1000
_entity_type":"LWPOLYLINE","source_file":"cad_candidate.flattened.r2010.dxf","source_layer":"\u0414\u0412_\u0413\u041f_\u041f_\u0412\u043e\u0434\u043e\u043e\u0442\u0432\u043e\u0434\u043d\u044b\u0435_\
1000
u043b\u043e\u0442\u043a\u0438","source_project_id":"898ea8e86f4d","source_status":"partial prepared CAD: 45 of 47 external references embedded","street":"\u041a\u0443\u043b\u0438\u043a\u043e\u0432\u04
1000
41\u043a\u0430\u044f \u0443\u043b\u0438\u0446\u0430, \u041c\u043e\u0441\u043a\u0432\u0430","suggestion_confidence":"high"},"role":"asset","schema_version":1,"type_id":"net.tray"}
  0
LWPOLYLINE
  5
12A
330
17
100
AcDbEntity
  8
GC_DRAINAGE_TRAY
100
AcDbPolyline
 90
4
 70
1
 10
3967.536568243901
 20
-11017.456977738999
 10
3967.306619418842
 20
-11017.358878552192
 10
3967.5028179253736
 20
-11016.898980578686
 10
3967.732757005381
 20
-11016.997103245434
1001
GREENCAD_EDIT_V1
1000
{"geometry_role":"OUTER_CONTOUR","id":"kul-tray:000151:2bfdfe10b399","properties":{"missing_external_references":["\u0410\u0421\u0423_\u041e\u0414\u0421_\u041a\u0443\u043b\u0438\u043a\u043e\u0432\u044
1000
1\u043a\u0430\u044f","\u04407989_\u041a\u0443\u043b\u0438\u043a\u043e\u0432\u0441\u043a\u0430\u044f \u0443\u043b._\u043f\u0440\u043e\u0435\u043a\u0442"],"normative":false,"professional_confirmation":f
1000
alse,"semantic_authority":"project layer-name evidence for diagnostic testing only","semantic_basis":"explicit project layer name; advisory classification","source_currentness_confirmed":false,"source
1000
_entity_type":"LWPOLYLINE","source_file":"cad_candidate.flattened.r2010.dxf","source_layer":"\u0414\u0412_\u0413\u041f_\u041f_\u0412\u043e\u0434\u043e\u043e\u0442\u0432\u043e\u0434\u043d\u044b\u0435_\
1000
u043b\u043e\u0442\u043a\u0438","source_project_id":"898ea8e86f4d","source_status":"partial prepared CAD: 45 of 47 external references embedded","street":"\u041a\u0443\u043b\u0438\u043a\u043e\u0432\u04
1000
41\u043a\u0430\u044f \u0443\u043b\u0438\u0446\u0430, \u041c\u043e\u0441\u043a\u0432\u0430","suggestion_confidence":"high"},"role":"asset","schema_version":1,"type_id":"net.tray"}
  0
LWPOLYLINE
  5
12B
330
17
100
AcDbEntity
  8
GC_DRAINAGE_TRAY
100
AcDbPolyline
 90
4
 70
1
 10
3967.732766980393
 20
-11016.997079863597
 10
3967.502818155334
 20
-11016.89898067679
 10
3967.6990166618657
 20
-11016.439082703284
 10
3967.928955741873
 20
-11016.537205370032
1001
GREENCAD_EDIT_V1
1000
{"geometry_role":"OUTER_CONTOUR","id":"kul-tray:000152:97843f4cd233","properties":{"missing_external_references":["\u0410\u0421\u0423_\u041e\u0414\u0421_\u041a\u0443\u043b\u0438\u043a\u043e\u0432\u044
1000
1\u043a\u0430\u044f","\u04407989_\u041a\u0443\u043b\u0438\u043a\u043e\u0432\u0441\u043a\u0430\u044f \u0443\u043b._\u043f\u0440\u043e\u0435\u043a\u0442"],"normative":false,"professional_confirmation":f
1000
alse,"semantic_authority":"project layer-name evidence for diagnostic testing only","semantic_basis":"explicit project layer name; advisory classification","source_currentness_confirmed":false,"source
1000
_entity_type":"LWPOLYLINE","source_file":"cad_candidate.flattened.r2010.dxf","source_layer":"\u0414\u0412_\u0413\u041f_\u041f_\u0412\u043e\u0434\u043e\u043e\u0442\u0432\u043e\u0434\u043d\u044b\u0435_\
1000
u043b\u043e\u0442\u043a\u0438","source_project_id":"898ea8e86f4d","source_status":"partial prepared CAD: 45 of 47 external references embedded","street":"\u041a\u0443\u043b\u0438\u043a\u043e\u0432\u04
1000
41\u043a\u0430\u044f \u0443\u043b\u0438\u0446\u0430, \u041c\u043e\u0441\u043a\u0432\u0430","suggestion_confidence":"high"},"role":"asset","schema_version":1,"type_id":"net.tray"}
  0
LWPOLYLINE
  5
12C
330
17
100
AcDbEntity
  8
GC_DRAINAGE_TRAY
100
AcDbPolyline
 90
4
 70
1
 10
3967.928965716885
 20
-11016.537181988195
 10
3967.699016891826
 20
-11016.439082801387
 10
3967.895215398358
 20
-11015.979184827882
 10
3968.125154478365
 20
-11016.07730749463
1001
GREENCAD_EDIT_V1
1000
{"geometry_role":"OUTER_CONTOUR","id":"kul-tray:000153:f3b523a7e60d","properties":{"missing_external_references":["\u0410\u0421\u0423_\u041e\u0414\u0421_\u041a\u0443\u043b\u0438\u043a\u043e\u0432\u044
1000
1\u043a\u0430\u044f","\u04407989_\u041a\u0443\u043b\u0438\u043a\u043e\u0432\u0441\u043a\u0430\u044f \u0443\u043b._\u043f\u0440\u043e\u0435\u043a\u0442"],"normative":false,"professional_confirmation":f
1000
alse,"semantic_authority":"project layer-name evidence for diagnostic testing only","semantic_basis":"explicit project layer name; advisory classification","source_currentness_confirmed":false,"source
1000
_entity_type":"LWPOLYLINE","source_file":"cad_candidate.flattened.r2010.dxf","source_layer":"\u0414\u0412_\u0413\u041f_\u041f_\u0412\u043e\u0434\u043e\u043e\u0442\u0432\u043e\u0434\u043d\u044b\u0435_\
1000
u043b\u043e\u0442\u043a\u0438","source_project_id":"898ea8e86f4d","source_status":"partial prepared CAD: 45 of 47 external references embedded","street":"\u041a\u0443\u043b\u0438\u043a\u043e\u0432\u04
1000
41\u043a\u0430\u044f \u0443\u043b\u0438\u0446\u0430, \u041c\u043e\u0441\u043a\u0432\u0430","suggestion_confidence":"high"},"role":"asset","schema_version":1,"type_id":"net.tray"}
  0
LWPOLYLINE
  5
12D
330
17
100
AcDbEntity
  8
GC_DRAINAGE_TRAY
100
AcDbPolyline
 90
4
 70
1
 10
3968.1251644533772
 20
-11016.077284112793
 10
3967.895215628318
 20
-11015.979184925985
 10
3968.09141413485
 20
-11015.51928695248
 10
3968.321353214857
 20
-11015.617409619228
1001
GREENCAD_EDIT_V1
1000
{"geometry_role":"OUTER_CONTOUR","id":"kul-tray:000154:2d249290a242","properties":{"missing_external_references":["\u0410\u0421\u0423_\u041e\u0414\u0421_\u041a\u0443\u043b\u0438\u043a\u043e\u0432\u044
1000
1\u043a\u0430\u044f","\u04407989_\u041a\u0443\u043b\u0438\u043a\u043e\u0432\u0441\u043a\u0430\u044f \u0443\u043b._\u043f\u0440\u043e\u0435\u043a\u0442"],"normative":false,"professional_confirmation":f
1000
alse,"semantic_authority":"project layer-name evidence for diagnostic testing only","semantic_basis":"explicit project layer name; advisory classification","source_currentness_confirmed":false,"source
1000
_entity_type":"LWPOLYLINE","source_file":"cad_candidate.flattened.r2010.dxf","source_layer":"\u0414\u0412_\u0413\u041f_\u041f_\u0412\u043e\u0434\u043e\u043e\u0442\u0432\u043e\u0434\u043d\u044b\u0435_\
1000
u043b\u043e\u0442\u043a\u0438","source_project_id":"898ea8e86f4d","source_status":"partial prepared CAD: 45 of 47 external references embedded","street":"\u041a\u0443\u043b\u0438\u043a\u043e\u0432\u04
1000
41\u043a\u0430\u044f \u0443\u043b\u0438\u0446\u0430, \u041c\u043e\u0441\u043a\u0432\u0430","suggestion_confidence":"high"},"role":"asset","schema_version":1,"type_id":"net.tray"}
  0
LWPOLYLINE
  5
12E
330
17
100
AcDbEntity
  8
GC_DRAINAGE_TRAY
100
AcDbPolyline
 90
4
 70
1
 10
3968.3213631898693
 20
-11015.61738623739
 10
3968.09141436481
 20
-11015.519287050583
 10
3968.287612871342
 20
-11015.059389077078
 10
3968.517551951349
 20
-11015.157511743826
1001
GREENCAD_EDIT_V1
1000
{"geometry_role":"OUTER_CONTOUR","id":"kul-tray:000155:428649efecc9","properties":{"missing_external_references":["\u0410\u0421\u0423_\u041e\u0414\u0421_\u041a\u0443\u043b\u0438\u043a\u043e\u0432\u044
1000
1\u043a\u0430\u044f","\u04407989_\u041a\u0443\u043b\u0438\u043a\u043e\u0432\u0441\u043a\u0430\u044f \u0443\u043b._\u043f\u0440\u043e\u0435\u043a\u0442"],"normative":false,"professional_confirmation":f
1000
alse,"semantic_authority":"project layer-name evidence for diagnostic testing only","semantic_basis":"explicit project layer name; advisory classification","source_currentness_confirmed":false,"source
1000
_entity_type":"LWPOLYLINE","source_file":"cad_candidate.flattened.r2010.dxf","source_layer":"\u0414\u0412_\u0413\u041f_\u041f_\u0412\u043e\u0434\u043e\u043e\u0442\u0432\u043e\u0434\u043d\u044b\u0435_\
1000
u043b\u043e\u0442\u043a\u0438","source_project_id":"898ea8e86f4d","source_status":"partial prepared CAD: 45 of 47 external references embedded","street":"\u041a\u0443\u043b\u0438\u043a\u043e\u0432\u04
1000
41\u043a\u0430\u044f \u0443\u043b\u0438\u0446\u0430, \u041c\u043e\u0441\u043a\u0432\u0430","suggestion_confidence":"high"},"role":"asset","schema_version":1,"type_id":"net.tray"}
  0
LWPOLYLINE
  5
12F
330
17
100
AcDbEntity
  8
GC_DRAINAGE_TRAY
100
AcDbPolyline
 90
4
 70
1
 10
3968.5175619263614
 20
-11015.15748836199
 10
3968.287613101302
 20
-11015.059389175183
 10
3968.483811607834
 20
-11014.599491201678
 10
3968.713750687841
 20
-11014.697613868426
1001
GREENCAD_EDIT_V1
1000
{"geometry_role":"OUTER_CONTOUR","id":"kul-tray:000156:793d7a4d7477","properties":{"missing_external_references":["\u0410\u0421\u0423_\u041e\u0414\u0421_\u041a\u0443\u043b\u0438\u043a\u043e\u0432\u044
1000
1\u043a\u0430\u044f","\u04407989_\u041a\u0443\u043b\u0438\u043a\u043e\u0432\u0441\u043a\u0430\u044f \u0443\u043b._\u043f\u0440\u043e\u0435\u043a\u0442"],"normative":false,"professional_confirmation":f
1000
alse,"semantic_authority":"project layer-name evidence for diagnostic testing only","semantic_basis":"explicit project layer name; advisory classification","source_currentness_confirmed":false,"source
1000
_entity_type":"LWPOLYLINE","source_file":"cad_candidate.flattened.r2010.dxf","source_layer":"\u0414\u0412_\u0413\u041f_\u041f_\u0412\u043e\u0434\u043e\u043e\u0442\u0432\u043e\u0434\u043d\u044b\u0435_\
1000
u043b\u043e\u0442\u043a\u0438","source_project_id":"898ea8e86f4d","source_status":"partial prepared CAD: 45 of 47 external references embedded","street":"\u041a\u0443\u043b\u0438\u043a\u043e\u0432\u04
1000
41\u043a\u0430\u044f \u0443\u043b\u0438\u0446\u0430, \u041c\u043e\u0441\u043a\u0432\u0430","suggestion_confidence":"high"},"role":"asset","schema_version":1,"type_id":"net.tray"}
  0
LWPOLYLINE
  5
130
330
17
100
AcDbEntity
  8
GC_DRAINAGE_TRAY
100
AcDbPolyline
 90
4
 70
1
 10
3968.7137606628535
 20
-11014.697590486589
 10
3968.4838118377943
 20
-11014.599491299781
 10
3968.680010344326
 20
-11014.139593326276
 10
3968.9099494243333
 20
-11014.237715993024
1001
GREENCAD_EDIT_V1
1000
{"geometry_role":"OUTER_CONTOUR","id":"kul-tray:000157:a618c00afe8e","properties":{"missing_external_references":["\u0410\u0421\u0423_\u041e\u0414\u0421_\u041a\u0443\u043b\u0438\u043a\u043e\u0432\u044
1000
1\u043a\u0430\u044f","\u04407989_\u041a\u0443\u043b\u0438\u043a\u043e\u0432\u0441\u043a\u0430\u044f \u0443\u043b._\u043f\u0440\u043e\u0435\u043a\u0442"],"normative":false,"professional_confirmation":f
1000
alse,"semantic_authority":"project layer-name evidence for diagnostic testing only","semantic_basis":"explicit project layer name; advisory classification","source_currentness_confirmed":false,"source
1000
_entity_type":"LWPOLYLINE","source_file":"cad_candidate.flattened.r2010.dxf","source_layer":"\u0414\u0412_\u0413\u041f_\u041f_\u0412\u043e\u0434\u043e\u043e\u0442\u0432\u043e\u0434\u043d\u044b\u0435_\
1000
u043b\u043e\u0442\u043a\u0438","source_project_id":"898ea8e86f4d","source_status":"partial prepared CAD: 45 of 47 external references embedded","street":"\u041a\u0443\u043b\u0438\u043a\u043e\u0432\u04
1000
41\u043a\u0430\u044f \u0443\u043b\u0438\u0446\u0430, \u041c\u043e\u0441\u043a\u0432\u0430","suggestion_confidence":"high"},"role":"asset","schema_version":1,"type_id":"net.tray"}
  0
LWPOLYLINE
  5
131
330
17
100
AcDbEntity
  8
GC_DRAINAGE_TRAY
100
AcDbPolyline
 90
4
 70
1
 10
3968.9099593993456
 20
-11014.237692611187
 10
3968.6800105742864
 20
-11014.13959342438
 10
3968.876209080818
 20
-11013.679695450874
 10
3969.1061481608253
 20
-11013.777818117622
1001
GREENCAD_EDIT_V1
1000
{"geometry_role":"OUTER_CONTOUR","id":"kul-tray:000158:bf0277bc93ef","properties":{"missing_external_references":["\u0410\u0421\u0423_\u041e\u0414\u0421_\u041a\u0443\u043b\u0438\u043a\u043e\u0432\u044
1000
1\u043a\u0430\u044f","\u04407989_\u041a\u0443\u043b\u0438\u043a\u043e\u0432\u0441\u043a\u0430\u044f \u0443\u043b._\u043f\u0440\u043e\u0435\u043a\u0442"],"normative":false,"professional_confirmation":f
1000
alse,"semantic_authority":"project layer-name evidence for diagnostic testing only","semantic_basis":"explicit project layer name; advisory classification","source_currentness_confirmed":false,"source
1000
_entity_type":"LWPOLYLINE","source_file":"cad_candidate.flattened.r2010.dxf","source_layer":"\u0414\u0412_\u0413\u041f_\u041f_\u0412\u043e\u0434\u043e\u043e\u0442\u0432\u043e\u0434\u043d\u044b\u0435_\
1000
u043b\u043e\u0442\u043a\u0438","source_project_id":"898ea8e86f4d","source_status":"partial prepared CAD: 45 of 47 external references embedded","street":"\u041a\u0443\u043b\u0438\u043a\u043e\u0432\u04
1000
41\u043a\u0430\u044f \u0443\u043b\u0438\u0446\u0430, \u041c\u043e\u0441\u043a\u0432\u0430","suggestion_confidence":"high"},"role":"asset","schema_version":1,"type_id":"net.tray"}
  0
LWPOLYLINE
  5
132
330
17
100
AcDbEntity
  8
GC_DRAINAGE_TRAY
100
AcDbPolyline
 90
4
 70
1
 10
3969.1061581358376
 20
-11013.777794735784
 10
3968.8762093107784
 20
-11013.679695548977
 10
3969.0724078173102
 20
-11013.219797575472
 10
3969.3023468973174
 20
-11013.31792024222
1001
GREENCAD_EDIT_V1
1000
{"geometry_role":"OUTER_CONTOUR","id":"kul-tray:000159:0ac513a976a4","properties":{"missing_external_references":["\u0410\u0421\u0423_\u041e\u0414\u0421_\u041a\u0443\u043b\u0438\u043a\u043e\u0432\u044
1000
1\u043a\u0430\u044f","\u04407989_\u041a\u0443\u043b\u0438\u043a\u043e\u0432\u0441\u043a\u0430\u044f \u0443\u043b._\u043f\u0440\u043e\u0435\u043a\u0442"],"normative":false,"professional_confirmation":f
1000
alse,"semantic_authority":"project layer-name evidence for diagnostic testing only","semantic_basis":"explicit project layer name; advisory classification","source_currentness_confirmed":false,"source
1000
_entity_type":"LWPOLYLINE","source_file":"cad_candidate.flattened.r2010.dxf","source_layer":"\u0414\u0412_\u0413\u041f_\u041f_\u0412\u043e\u0434\u043e\u043e\u0442\u0432\u043e\u0434\u043d\u044b\u0435_\
1000
u043b\u043e\u0442\u043a\u0438","source_project_id":"898ea8e86f4d","source_status":"partial prepared CAD: 45 of 47 external references embedded","street":"\u041a\u0443\u043b\u0438\u043a\u043e\u0432\u04
1000
41\u043a\u0430\u044f \u0443\u043b\u0438\u0446\u0430, \u041c\u043e\u0441\u043a\u0432\u0430","suggestion_confidence":"high"},"role":"asset","schema_version":1,"type_id":"net.tray"}
  0
LWPOLYLINE
  5
133
330
17
100
AcDbEntity
  8
GC_DRAINAGE_TRAY
100
AcDbPolyline
 90
4
 70
1
 10
3969.3023568723297
 20
-11013.317896860382
 10
3969.0724080472705
 20
-11013.219797673575
 10
3969.2686065538023
 20
-11012.75989970007
 10
3969.4985456338095
 20
-11012.858022366818
1001
GREENCAD_EDIT_V1
1000
{"geometry_role":"OUTER_CONTOUR","id":"kul-tray:000160:fa9be33f6dd8","properties":{"missing_external_references":["\u0410\u0421\u0423_\u041e\u0414\u0421_\u041a\u0443\u043b\u0438\u043a\u043e\u0432\u044
1000
1\u043a\u0430\u044f","\u04407989_\u041a\u0443\u043b\u0438\u043a\u043e\u0432\u0441\u043a\u0430\u044f \u0443\u043b._\u043f\u0440\u043e\u0435\u043a\u0442"],"normative":false,"professional_confirmation":f
1000
alse,"semantic_authority":"project layer-name evidence for diagnostic testing only","semantic_basis":"explicit project layer name; advisory classification","source_currentness_confirmed":false,"source
1000
_entity_type":"LWPOLYLINE","source_file":"cad_candidate.flattened.r2010.dxf","source_layer":"\u0414\u0412_\u0413\u041f_\u041f_\u0412\u043e\u0434\u043e\u043e\u0442\u0432\u043e\u0434\u043d\u044b\u0435_\
1000
u043b\u043e\u0442\u043a\u0438","source_project_id":"898ea8e86f4d","source_status":"partial prepared CAD: 45 of 47 external references embedded","street":"\u041a\u0443\u043b\u0438\u043a\u043e\u0432\u04
1000
41\u043a\u0430\u044f \u0443\u043b\u0438\u0446\u0430, \u041c\u043e\u0441\u043a\u0432\u0430","suggestion_confidence":"high"},"role":"asset","schema_version":1,"type_id":"net.tray"}
  0
LWPOLYLINE
  5
134
330
17
100
AcDbEntity
  8
GC_DRAINAGE_TRAY
100
AcDbPolyline
 90
4
 70
1
 10
3969.498555608822
 20
-11012.857998984982
 10
3969.2686067837626
 20
-11012.759899798175
 10
3969.4648052902944
 20
-11012.30000182467
 10
3969.6947443703016
 20
-11012.398124491418
1001
GREENCAD_EDIT_V1
1000
{"geometry_role":"OUTER_CONTOUR","id":"kul-tray:000161:dc902ed5b9ea","properties":{"missing_external_references":["\u0410\u0421\u0423_\u041e\u0414\u0421_\u041a\u0443\u043b\u0438\u043a\u043e\u0432\u044
1000
1\u043a\u0430\u044f","\u04407989_\u041a\u0443\u043b\u0438\u043a\u043e\u0432\u0441\u043a\u0430\u044f \u0443\u043b._\u043f\u0440\u043e\u0435\u043a\u0442"],"normative":false,"professional_confirmation":f
1000
alse,"semantic_authority":"project layer-name evidence for diagnostic testing only","semantic_basis":"explicit project layer name; advisory classification","source_currentness_confirmed":false,"source
1000
_entity_type":"LWPOLYLINE","source_file":"cad_candidate.flattened.r2010.dxf","source_layer":"\u0414\u0412_\u0413\u041f_\u041f_\u0412\u043e\u0434\u043e\u043e\u0442\u0432\u043e\u0434\u043d\u044b\u0435_\
1000
u043b\u043e\u0442\u043a\u0438","source_project_id":"898ea8e86f4d","source_status":"partial prepared CAD: 45 of 47 external references embedded","street":"\u041a\u0443\u043b\u0438\u043a\u043e\u0432\u04
1000
41\u043a\u0430\u044f \u0443\u043b\u0438\u0446\u0430, \u041c\u043e\u0441\u043a\u0432\u0430","suggestion_confidence":"high"},"role":"asset","schema_version":1,"type_id":"net.tray"}
  0
LWPOLYLINE
  5
135
330
17
100
AcDbEntity
  8
GC_DRAINAGE_TRAY
100
AcDbPolyline
 90
4
 70
1
 10
3969.694754345314
 20
-11012.39810110958
 10
3969.4648055202547
 20
-11012.300001922773
 10
3969.6610040267865
 20
-11011.840103949267
 10
3969.8909431067937
 20
-11011.938226616016
1001
GREENCAD_EDIT_V1
1000
{"geometry_role":"OUTER_CONTOUR","id":"kul-tray:000162:0ee316a97502","properties":{"missing_external_references":["\u0410\u0421\u0423_\u041e\u0414\u0421_\u041a\u0443\u043b\u0438\u043a\u043e\u0432\u044
1000
1\u043a\u0430\u044f","\u04407989_\u041a\u0443\u043b\u0438\u043a\u043e\u0432\u0441\u043a\u0430\u044f \u0443\u043b._\u043f\u0440\u043e\u0435\u043a\u0442"],"normative":false,"professional_confirmation":f
1000
alse,"semantic_authority":"project layer-name evidence for diagnostic testing only","semantic_basis":"explicit project layer name; advisory classification","source_currentness_confirmed":false,"source
1000
_entity_type":"LWPOLYLINE","source_file":"cad_candidate.flattened.r2010.dxf","source_layer":"\u0414\u0412_\u0413\u041f_\u041f_\u0412\u043e\u0434\u043e\u043e\u0442\u0432\u043e\u0434\u043d\u044b\u0435_\
1000
u043b\u043e\u0442\u043a\u0438","source_project_id":"898ea8e86f4d","source_status":"partial prepared CAD: 45 of 47 external references embedded","street":"\u041a\u0443\u043b\u0438\u043a\u043e\u0432\u04
1000
41\u043a\u0430\u044f \u0443\u043b\u0438\u0446\u0430, \u041c\u043e\u0441\u043a\u0432\u0430","suggestion_confidence":"high"},"role":"asset","schema_version":1,"type_id":"net.tray"}
  0
LWPOLYLINE
  5
136
330
17
100
AcDbEntity
  8
GC_DRAINAGE_TRAY
100
AcDbPolyline
 90
4
 70
1
 10
3969.8909530818055
 20
-11011.938203234178
 10
3969.6610042567463
 20
-11011.840104047371
 10
3969.857202763278
 20
-11011.380206073865
 10
3970.0871418432853
 20
-11011.478328740614
1001
GREENCAD_EDIT_V1
1000
{"geometry_role":"OUTER_CONTOUR","id":"kul-tray:000163:41ad35c90b14","properties":{"missing_external_references":["\u0410\u0421\u0423_\u041e\u0414\u0421_\u041a\u0443\u043b\u0438\u043a\u043e\u0432\u044
1000
1\u043a\u0430\u044f","\u04407989_\u041a\u0443\u043b\u0438\u043a\u043e\u0432\u0441\u043a\u0430\u044f \u0443\u043b._\u043f\u0440\u043e\u0435\u043a\u0442"],"normative":false,"professional_confirmation":f
1000
alse,"semantic_authority":"project layer-name evidence for diagnostic testing only","semantic_basis":"explicit project layer name; advisory classification","source_currentness_confirmed":false,"source
1000
_entity_type":"LWPOLYLINE","source_file":"cad_candidate.flattened.r2010.dxf","source_layer":"\u0414\u0412_\u0413\u041f_\u041f_\u0412\u043e\u0434\u043e\u043e\u0442\u0432\u043e\u0434\u043d\u044b\u0435_\
1000
u043b\u043e\u0442\u043a\u0438","source_project_id":"898ea8e86f4d","source_status":"partial prepared CAD: 45 of 47 external references embedded","street":"\u041a\u0443\u043b\u0438\u043a\u043e\u0432\u04
1000
41\u043a\u0430\u044f \u0443\u043b\u0438\u0446\u0430, \u041c\u043e\u0441\u043a\u0432\u0430","suggestion_confidence":"high"},"role":"asset","schema_version":1,"type_id":"net.tray"}
  0
LWPOLYLINE
  5
137
330
17
100
AcDbEntity
  8
GC_DRAINAGE_TRAY
100
AcDbPolyline
 90
4
 70
1
 10
3970.087151818298
 20
-11011.478305358776
 10
3969.857202993239
 20
-11011.380206171969
 10
3970.0534014997706
 20
-11010.920308198463
 10
3970.283340579778
 20
-11011.018430865211
1001
GREENCAD_EDIT_V1
1000
{"geometry_role":"OUTER_CONTOUR","id":"kul-tray:000164:20cf5a542480","properties":{"missing_external_references":["\u0410\u0421\u0423_\u041e\u0414\u0421_\u041a\u0443\u043b\u0438\u043a\u043e\u0432\u044
1000
1\u043a\u0430\u044f","\u04407989_\u041a\u0443\u043b\u0438\u043a\u043e\u0432\u0441\u043a\u0430\u044f \u0443\u043b._\u043f\u0440\u043e\u0435\u043a\u0442"],"normative":false,"professional_confirmation":f
1000
alse,"semantic_authority":"project layer-name evidence for diagnostic testing only","semantic_basis":"explicit project layer name; advisory classification","source_currentness_confirmed":false,"source
1000
_entity_type":"LWPOLYLINE","source_file":"cad_candidate.flattened.r2010.dxf","source_layer":"\u0414\u0412_\u0413\u041f_\u041f_\u0412\u043e\u0434\u043e\u043e\u0442\u0432\u043e\u0434\u043d\u044b\u0435_\
1000
u043b\u043e\u0442\u043a\u0438","source_project_id":"898ea8e86f4d","source_status":"partial prepared CAD: 45 of 47 external references embedded","street":"\u041a\u0443\u043b\u0438\u043a\u043e\u0432\u04
1000
41\u043a\u0430\u044f \u0443\u043b\u0438\u0446\u0430, \u041c\u043e\u0441\u043a\u0432\u0430","suggestion_confidence":"high"},"role":"asset","schema_version":1,"type_id":"net.tray"}
  0
LWPOLYLINE
  5
138
330
17
100
AcDbEntity
  8
GC_DRAINAGE_TRAY
100
AcDbPolyline
 90
4
 70
1
 10
3970.2833505547896
 20
-11011.018407483376
 10
3970.0534017297305
 20
-11010.920308296569
 10
3970.2496002362623
 20
-11010.460410323063
 10
3970.4795393162694
 20
-11010.558532989811
1001
GREENCAD_EDIT_V1
1000
{"geometry_role":"OUTER_CONTOUR","id":"kul-tray:000165:1f01fad1f5cf","properties":{"missing_external_references":["\u0410\u0421\u0423_\u041e\u0414\u0421_\u041a\u0443\u043b\u0438\u043a\u043e\u0432\u044
1000
1\u043a\u0430\u044f","\u04407989_\u041a\u0443\u043b\u0438\u043a\u043e\u0432\u0441\u043a\u0430\u044f \u0443\u043b._\u043f\u0440\u043e\u0435\u043a\u0442"],"normative":false,"professional_confirmation":f
1000
alse,"semantic_authority":"project layer-name evidence for diagnostic testing only","semantic_basis":"explicit project layer name; advisory classification","source_currentness_confirmed":false,"source
1000
_entity_type":"LWPOLYLINE","source_file":"cad_candidate.flattened.r2010.dxf","source_layer":"\u0414\u0412_\u0413\u041f_\u041f_\u0412\u043e\u0434\u043e\u043e\u0442\u0432\u043e\u0434\u043d\u044b\u0435_\
1000
u043b\u043e\u0442\u043a\u0438","source_project_id":"898ea8e86f4d","source_status":"partial prepared CAD: 45 of 47 external references embedded","street":"\u041a\u0443\u043b\u0438\u043a\u043e\u0432\u04
1000
41\u043a\u0430\u044f \u0443\u043b\u0438\u0446\u0430, \u041c\u043e\u0441\u043a\u0432\u0430","suggestion_confidence":"high"},"role":"asset","schema_version":1,"type_id":"net.tray"}
  0
LWPOLYLINE
  5
139
330
17
100
AcDbEntity
  8
GC_DRAINAGE_TRAY
100
AcDbPolyline
 90
4
 70
1
 10
3970.4795492912817
 20
-11010.558509607974
 10
3970.2496004662225
 20
-11010.460410421167
 10
3970.4457989727543
 20
-11010.000512447661
 10
3970.6757380527615
 20
-11010.09863511441
1001
GREENCAD_EDIT_V1
1000
{"geometry_role":"OUTER_CONTOUR","id":"kul-tray:000166:50ca4ea676ef","properties":{"missing_external_references":["\u0410\u0421\u0423_\u041e\u0414\u0421_\u041a\u0443\u043b\u0438\u043a\u043e\u0432\u044
1000
1\u043a\u0430\u044f","\u04407989_\u041a\u0443\u043b\u0438\u043a\u043e\u0432\u0441\u043a\u0430\u044f \u0443\u043b._\u043f\u0440\u043e\u0435\u043a\u0442"],"normative":false,"professional_confirmation":f
1000
alse,"semantic_authority":"project layer-name evidence for diagnostic testing only","semantic_basis":"explicit project layer name; advisory classification","source_currentness_confirmed":false,"source
1000
_entity_type":"LWPOLYLINE","source_file":"cad_candidate.flattened.r2010.dxf","source_layer":"\u0414\u0412_\u0413\u041f_\u041f_\u0412\u043e\u0434\u043e\u043e\u0442\u0432\u043e\u0434\u043d\u044b\u0435_\
1000
u043b\u043e\u0442\u043a\u0438","source_project_id":"898ea8e86f4d","source_status":"partial prepared CAD: 45 of 47 external references embedded","street":"\u041a\u0443\u043b\u0438\u043a\u043e\u0432\u04
1000
41\u043a\u0430\u044f \u0443\u043b\u0438\u0446\u0430, \u041c\u043e\u0441\u043a\u0432\u0430","suggestion_confidence":"high"},"role":"asset","schema_version":1,"type_id":"net.tray"}
  0
LWPOLYLINE
  5
13A
330
17
100
AcDbEntity
  8
GC_DRAINAGE_TRAY
100
AcDbPolyline
 90
4
 70
1
 10
3970.675748027774
 20
-11010.098611732572
 10
3970.4457992027146
 20
-11010.000512545765
 10
3970.6419977092464
 20
-11009.540614572259
 10
3970.8719367892536
 20
-11009.638737239007
1001
GREENCAD_EDIT_V1
1000
{"geometry_role":"OUTER_CONTOUR","id":"kul-tray:000167:bb57ddc85238","properties":{"missing_external_references":["\u0410\u0421\u0423_\u041e\u0414\u0421_\u041a\u0443\u043b\u0438\u043a\u043e\u0432\u044
1000
1\u043a\u0430\u044f","\u04407989_\u041a\u0443\u043b\u0438\u043a\u043e\u0432\u0441\u043a\u0430\u044f \u0443\u043b._\u043f\u0440\u043e\u0435\u043a\u0442"],"normative":false,"professional_confirmation":f
1000
alse,"semantic_authority":"project layer-name evidence for diagnostic testing only","semantic_basis":"explicit project layer name; advisory classification","source_currentness_confirmed":false,"source
1000
_entity_type":"LWPOLYLINE","source_file":"cad_candidate.flattened.r2010.dxf","source_layer":"\u0414\u0412_\u0413\u041f_\u041f_\u0412\u043e\u0434\u043e\u043e\u0442\u0432\u043e\u0434\u043d\u044b\u0435_\
1000
u043b\u043e\u0442\u043a\u0438","source_project_id":"898ea8e86f4d","source_status":"partial prepared CAD: 45 of 47 external references embedded","street":"\u041a\u0443\u043b\u0438\u043a\u043e\u0432\u04
1000
41\u043a\u0430\u044f \u0443\u043b\u0438\u0446\u0430, \u041c\u043e\u0441\u043a\u0432\u0430","suggestion_confidence":"high"},"role":"asset","schema_version":1,"type_id":"net.tray"}
  0
LWPOLYLINE
  5
13B
330
17
100
AcDbEntity
  8
GC_DRAINAGE_TRAY
100
AcDbPolyline
 90
4
 70
1
 10
3970.871946764266
 20
-11009.63871385717
 10
3970.6419979392067
 20
-11009.540614670363
 10
3970.8381964457385
 20
-11009.080716696857
 10
3971.0681355257457
 20
-11009.178839363605
1001
GREENCAD_EDIT_V1
1000
{"geometry_role":"OUTER_CONTOUR","id":"kul-tray:000168:c124c2b812ad","properties":{"missing_external_references":["\u0410\u0421\u0423_\u041e\u0414\u0421_\u041a\u0443\u043b\u0438\u043a\u043e\u0432\u044
1000
1\u043a\u0430\u044f","\u04407989_\u041a\u0443\u043b\u0438\u043a\u043e\u0432\u0441\u043a\u0430\u044f \u0443\u043b._\u043f\u0440\u043e\u0435\u043a\u0442"],"normative":false,"professional_confirmation":f
1000
alse,"semantic_authority":"project layer-name evidence for diagnostic testing only","semantic_basis":"explicit project layer name; advisory classification","source_currentness_confirmed":false,"source
1000
_entity_type":"LWPOLYLINE","source_file":"cad_candidate.flattened.r2010.dxf","source_layer":"\u0414\u0412_\u0413\u041f_\u041f_\u0412\u043e\u0434\u043e\u043e\u0442\u0432\u043e\u0434\u043d\u044b\u0435_\
1000
u043b\u043e\u0442\u043a\u0438","source_project_id":"898ea8e86f4d","source_status":"partial prepared CAD: 45 of 47 external references embedded","street":"\u041a\u0443\u043b\u0438\u043a\u043e\u0432\u04
1000
41\u043a\u0430\u044f \u0443\u043b\u0438\u0446\u0430, \u041c\u043e\u0441\u043a\u0432\u0430","suggestion_confidence":"high"},"role":"asset","schema_version":1,"type_id":"net.tray"}
  0
LWPOLYLINE
  5
13C
330
17
100
AcDbEntity
  8
GC_DRAINAGE_TRAY
100
AcDbPolyline
 90
4
 70
1
 10
3971.068145500758
 20
-11009.17881598177
 10
3970.838196675699
 20
-11009.080716794962
 10
3971.0343951822306
 20
-11008.620818821457
 10
3971.2643342622378
 20
-11008.718941488205
1001
GREENCAD_EDIT_V1
1000
{"geometry_role":"OUTER_CONTOUR","id":"kul-tray:000169:93f33c57db70","properties":{"missing_external_references":["\u0410\u0421\u0423_\u041e\u0414\u0421_\u041a\u0443\u043b\u0438\u043a\u043e\u0432\u044
1000
1\u043a\u0430\u044f","\u04407989_\u041a\u0443\u043b\u0438\u043a\u043e\u0432\u0441\u043a\u0430\u044f \u0443\u043b._\u043f\u0440\u043e\u0435\u043a\u0442"],"normative":false,"professional_confirmation":f
1000
alse,"semantic_authority":"project layer-name evidence for diagnostic testing only","semantic_basis":"explicit project layer name; advisory classification","source_currentness_confirmed":false,"source
1000
_entity_type":"LWPOLYLINE","source_file":"cad_candidate.flattened.r2010.dxf","source_layer":"\u0414\u0412_\u0413\u041f_\u041f_\u0412\u043e\u0434\u043e\u043e\u0442\u0432\u043e\u0434\u043d\u044b\u0435_\
1000
u043b\u043e\u0442\u043a\u0438","source_project_id":"898ea8e86f4d","source_status":"partial prepared CAD: 45 of 47 external references embedded","street":"\u041a\u0443\u043b\u0438\u043a\u043e\u0432\u04
1000
41\u043a\u0430\u044f \u0443\u043b\u0438\u0446\u0430, \u041c\u043e\u0441\u043a\u0432\u0430","suggestion_confidence":"high"},"role":"asset","schema_version":1,"type_id":"net.tray"}
  0
LWPOLYLINE
  5
13D
330
17
100
AcDbEntity
  8
GC_DRAINAGE_TRAY
100
AcDbPolyline
 90
4
 70
1
 10
3971.26434423725
 20
-11008.718918106368
 10
3971.034395412191
 20
-11008.62081891956
 10
3971.2305939187227
 20
-11008.160920946055
 10
3971.46053299873
 20
-11008.259043612803
1001
GREENCAD_EDIT_V1
1000
{"geometry_role":"OUTER_CONTOUR","id":"kul-tray:000170:69bdf8268343","properties":{"missing_external_references":["\u0410\u0421\u0423_\u041e\u0414\u0421_\u041a\u0443\u043b\u0438\u043a\u043e\u0432\u044
1000
1\u043a\u0430\u044f","\u04407989_\u041a\u0443\u043b\u0438\u043a\u043e\u0432\u0441\u043a\u0430\u044f \u0443\u043b._\u043f\u0440\u043e\u0435\u043a\u0442"],"normative":false,"professional_confirmation":f
1000
alse,"semantic_authority":"project layer-name evidence for diagnostic testing only","semantic_basis":"explicit project layer name; advisory classification","source_currentness_confirmed":false,"source
1000
_entity_type":"LWPOLYLINE","source_file":"cad_candidate.flattened.r2010.dxf","source_layer":"\u0414\u0412_\u0413\u041f_\u041f_\u0412\u043e\u0434\u043e\u043e\u0442\u0432\u043e\u0434\u043d\u044b\u0435_\
1000
u043b\u043e\u0442\u043a\u0438","source_project_id":"898ea8e86f4d","source_status":"partial prepared CAD: 45 of 47 external references embedded","street":"\u041a\u0443\u043b\u0438\u043a\u043e\u0432\u04
1000
41\u043a\u0430\u044f \u0443\u043b\u0438\u0446\u0430, \u041c\u043e\u0441\u043a\u0432\u0430","suggestion_confidence":"high"},"role":"asset","schema_version":1,"type_id":"net.tray"}
  0
LWPOLYLINE
  5
13E
330
17
100
AcDbEntity
  8
GC_DRAINAGE_TRAY
100
AcDbPolyline
 90
4
 70
1
 10
3971.460542973742
 20
-11008.259020230966
 10
3971.230594148683
 20
-11008.160921044158
 10
3971.4267926552147
 20
-11007.701023070653
 10
3971.656731735222
 20
-11007.799145737401
1001
GREENCAD_EDIT_V1
1000
{"geometry_role":"OUTER_CONTOUR","id":"kul-tray:000171:ef80381fdad3","properties":{"missing_external_references":["\u0410\u0421\u0423_\u041e\u0414\u0421_\u041a\u0443\u043b\u0438\u043a\u043e\u0432\u044
1000
1\u043a\u0430\u044f","\u04407989_\u041a\u0443\u043b\u0438\u043a\u043e\u0432\u0441\u043a\u0430\u044f \u0443\u043b._\u043f\u0440\u043e\u0435\u043a\u0442"],"normative":false,"professional_confirmation":f
1000
alse,"semantic_authority":"project layer-name evidence for diagnostic testing only","semantic_basis":"explicit project layer name; advisory classification","source_currentness_confirmed":false,"source
1000
_entity_type":"LWPOLYLINE","source_file":"cad_candidate.flattened.r2010.dxf","source_layer":"\u0414\u0412_\u0413\u041f_\u041f_\u0412\u043e\u0434\u043e\u043e\u0442\u0432\u043e\u0434\u043d\u044b\u0435_\
1000
u043b\u043e\u0442\u043a\u0438","source_project_id":"898ea8e86f4d","source_status":"partial prepared CAD: 45 of 47 external references embedded","street":"\u041a\u0443\u043b\u0438\u043a\u043e\u0432\u04
1000
41\u043a\u0430\u044f \u0443\u043b\u0438\u0446\u0430, \u041c\u043e\u0441\u043a\u0432\u0430","suggestion_confidence":"high"},"role":"asset","schema_version":1,"type_id":"net.tray"}
  0
LWPOLYLINE
  5
13F
330
17
100
AcDbEntity
  8
GC_DRAINAGE_TRAY
100
AcDbPolyline
 90
4
 70
1
 10
3971.656741710234
 20
-11007.799122355564
 10
3971.426792885175
 20
-11007.701023168756
 10
3971.622991391707
 20
-11007.24112519525
 10
3971.852930471714
 20
-11007.339247861999
1001
GREENCAD_EDIT_V1
1000
{"geometry_role":"OUTER_CONTOUR","id":"kul-tray:000172:cafdcae3285b","properties":{"missing_external_references":["\u0410\u0421\u0423_\u041e\u0414\u0421_\u041a\u0443\u043b\u0438\u043a\u043e\u0432\u044
1000
1\u043a\u0430\u044f","\u04407989_\u041a\u0443\u043b\u0438\u043a\u043e\u0432\u0441\u043a\u0430\u044f \u0443\u043b._\u043f\u0440\u043e\u0435\u043a\u0442"],"normative":false,"professional_confirmation":f
1000
alse,"semantic_authority":"project layer-name evidence for diagnostic testing only","semantic_basis":"explicit project layer name; advisory classification","source_currentness_confirmed":false,"source
1000
_entity_type":"LWPOLYLINE","source_file":"cad_candidate.flattened.r2010.dxf","source_layer":"\u0414\u0412_\u0413\u041f_\u041f_\u0412\u043e\u0434\u043e\u043e\u0442\u0432\u043e\u0434\u043d\u044b\u0435_\
1000
u043b\u043e\u0442\u043a\u0438","source_project_id":"898ea8e86f4d","source_status":"partial prepared CAD: 45 of 47 external references embedded","street":"\u041a\u0443\u043b\u0438\u043a\u043e\u0432\u04
1000
41\u043a\u0430\u044f \u0443\u043b\u0438\u0446\u0430, \u041c\u043e\u0441\u043a\u0432\u0430","suggestion_confidence":"high"},"role":"asset","schema_version":1,"type_id":"net.tray"}
  0
LWPOLYLINE
  5
140
330
17
100
AcDbEntity
  8
GC_DRAINAGE_TRAY
100
AcDbPolyline
 90
4
 70
1
 10
3971.8529404467263
 20
-11007.339224480162
 10
3971.622991621667
 20
-11007.241125293354
 10
3971.819190128199
 20
-11006.781227319849
 10
3972.049129208206
 20
-11006.879349986597
1001
GREENCAD_EDIT_V1
1000
{"geometry_role":"OUTER_CONTOUR","id":"kul-tray:000173:41dbdd01dc37","properties":{"missing_external_references":["\u0410\u0421\u0423_\u041e\u0414\u0421_\u041a\u0443\u043b\u0438\u043a\u043e\u0432\u044
1000
1\u043a\u0430\u044f","\u04407989_\u041a\u0443\u043b\u0438\u043a\u043e\u0432\u0441\u043a\u0430\u044f \u0443\u043b._\u043f\u0440\u043e\u0435\u043a\u0442"],"normative":false,"professional_confirmation":f
1000
alse,"semantic_authority":"project layer-name evidence for diagnostic testing only","semantic_basis":"explicit project layer name; advisory classification","source_currentness_confirmed":false,"source
1000
_entity_type":"LWPOLYLINE","source_file":"cad_candidate.flattened.r2010.dxf","source_layer":"\u0414\u0412_\u0413\u041f_\u041f_\u0412\u043e\u0434\u043e\u043e\u0442\u0432\u043e\u0434\u043d\u044b\u0435_\
1000
u043b\u043e\u0442\u043a\u0438","source_project_id":"898ea8e86f4d","source_status":"partial prepared CAD: 45 of 47 external references embedded","street":"\u041a\u0443\u043b\u0438\u043a\u043e\u0432\u04
1000
41\u043a\u0430\u044f \u0443\u043b\u0438\u0446\u0430, \u041c\u043e\u0441\u043a\u0432\u0430","suggestion_confidence":"high"},"role":"asset","schema_version":1,"type_id":"net.tray"}
  0
LWPOLYLINE
  5
141
330
17
100
AcDbEntity
  8
GC_DRAINAGE_TRAY
100
AcDbPolyline
 90
4
 70
1
 10
3972.0491391832184
 20
-11006.879326604761
 10
3971.819190358159
 20
-11006.781227417954
 10
3972.015388864691
 20
-11006.321329444449
 10
3972.245327944698
 20
-11006.419452111197
1001
GREENCAD_EDIT_V1
1000
{"geometry_role":"OUTER_CONTOUR","id":"kul-tray:000174:6d08ecefa614","properties":{"missing_external_references":["\u0410\u0421\u0423_\u041e\u0414\u0421_\u041a\u0443\u043b\u0438\u043a\u043e\u0432\u044
1000
1\u043a\u0430\u044f","\u04407989_\u041a\u0443\u043b\u0438\u043a\u043e\u0432\u0441\u043a\u0430\u044f \u0443\u043b._\u043f\u0440\u043e\u0435\u043a\u0442"],"normative":false,"professional_confirmation":f
1000
alse,"semantic_authority":"project layer-name evidence for diagnostic testing only","semantic_basis":"explicit project layer name; advisory classification","source_currentness_confirmed":false,"source
1000
_entity_type":"LWPOLYLINE","source_file":"cad_candidate.flattened.r2010.dxf","source_layer":"\u0414\u0412_\u0413\u041f_\u041f_\u0412\u043e\u0434\u043e\u043e\u0442\u0432\u043e\u0434\u043d\u044b\u0435_\
1000
u043b\u043e\u0442\u043a\u0438","source_project_id":"898ea8e86f4d","source_status":"partial prepared CAD: 45 of 47 external references embedded","street":"\u041a\u0443\u043b\u0438\u043a\u043e\u0432\u04
1000
41\u043a\u0430\u044f \u0443\u043b\u0438\u0446\u0430, \u041c\u043e\u0441\u043a\u0432\u0430","suggestion_confidence":"high"},"role":"asset","schema_version":1,"type_id":"net.tray"}
  0
LWPOLYLINE
  5
142
330
17
100
AcDbEntity
  8
GC_DRAINAGE_TRAY
100
AcDbPolyline
 90
4
 70
1
 10
3972.2453379197104
 20
-11006.41942872936
 10
3972.0153890946513
 20
-11006.321329542552
 10
3972.211587601183
 20
-11005.861431569047
 10
3972.44152668119
 20
-11005.959554235795
1001
GREENCAD_EDIT_V1
1000
{"geometry_role":"OUTER_CONTOUR","id":"kul-tray:000175:b23e7d50f920","properties":{"missing_external_references":["\u0410\u0421\u0423_\u041e\u0414\u0421_\u041a\u0443\u043b\u0438\u043a\u043e\u0432\u044
1000
1\u043a\u0430\u044f","\u04407989_\u041a\u0443\u043b\u0438\u043a\u043e\u0432\u0441\u043a\u0430\u044f \u0443\u043b._\u043f\u0440\u043e\u0435\u043a\u0442"],"normative":false,"professional_confirmation":f
1000
alse,"semantic_authority":"project layer-name evidence for diagnostic testing only","semantic_basis":"explicit project layer name; advisory classification","source_currentness_confirmed":false,"source
1000
_entity_type":"LWPOLYLINE","source_file":"cad_candidate.flattened.r2010.dxf","source_layer":"\u0414\u0412_\u0413\u041f_\u041f_\u0412\u043e\u0434\u043e\u043e\u0442\u0432\u043e\u0434\u043d\u044b\u0435_\
1000
u043b\u043e\u0442\u043a\u0438","source_project_id":"898ea8e86f4d","source_status":"partial prepared CAD: 45 of 47 external references embedded","street":"\u041a\u0443\u043b\u0438\u043a\u043e\u0432\u04
1000
41\u043a\u0430\u044f \u0443\u043b\u0438\u0446\u0430, \u041c\u043e\u0441\u043a\u0432\u0430","suggestion_confidence":"high"},"role":"asset","schema_version":1,"type_id":"net.tray"}
  0
LWPOLYLINE
  5
143
330
17
100
AcDbEntity
  8
GC_DRAINAGE_TRAY
100
AcDbPolyline
 90
4
 70
1
 10
3972.4415366562025
 20
-11005.959530853957
 10
3972.2115878311433
 20
-11005.86143166715
 10
3972.407786337675
 20
-11005.401533693645
 10
3972.6377254176823
 20
-11005.499656360393
1001
GREENCAD_EDIT_V1
1000
{"geometry_role":"OUTER_CONTOUR","id":"kul-tray:000176:8189b21e71f4","properties":{"missing_external_references":["\u0410\u0421\u0423_\u041e\u0414\u0421_\u041a\u0443\u043b\u0438\u043a\u043e\u0432\u044
1000
1\u043a\u0430\u044f","\u04407989_\u041a\u0443\u043b\u0438\u043a\u043e\u0432\u0441\u043a\u0430\u044f \u0443\u043b._\u043f\u0440\u043e\u0435\u043a\u0442"],"normative":false,"professional_confirmation":f
1000
alse,"semantic_authority":"project layer-name evidence for diagnostic testing only","semantic_basis":"explicit project layer name; advisory classification","source_currentness_confirmed":false,"source
1000
_entity_type":"LWPOLYLINE","source_file":"cad_candidate.flattened.r2010.dxf","source_layer":"\u0414\u0412_\u0413\u041f_\u041f_\u0412\u043e\u0434\u043e\u043e\u0442\u0432\u043e\u0434\u043d\u044b\u0435_\
1000
u043b\u043e\u0442\u043a\u0438","source_project_id":"898ea8e86f4d","source_status":"partial prepared CAD: 45 of 47 external references embedded","street":"\u041a\u0443\u043b\u0438\u043a\u043e\u0432\u04
1000
41\u043a\u0430\u044f \u0443\u043b\u0438\u0446\u0430, \u041c\u043e\u0441\u043a\u0432\u0430","suggestion_confidence":"high"},"role":"asset","schema_version":1,"type_id":"net.tray"}
  0
LWPOLYLINE
  5
144
330
17
100
AcDbEntity
  8
GC_DRAINAGE_TRAY
100
AcDbPolyline
 90
4
 70
1
 10
3972.6377353926946
 20
-11005.499632978555
 10
3972.4077865676354
 20
-11005.401533791748
 10
3972.603985074167
 20
-11004.941635818243
 10
3972.8339241541744
 20
-11005.03975848499
1001
GREENCAD_EDIT_V1
1000
{"geometry_role":"OUTER_CONTOUR","id":"kul-tray:000177:48bcb4b7e2af","properties":{"missing_external_references":["\u0410\u0421\u0423_\u041e\u0414\u0421_\u041a\u0443\u043b\u0438\u043a\u043e\u0432\u044
1000
1\u043a\u0430\u044f","\u04407989_\u041a\u0443\u043b\u0438\u043a\u043e\u0432\u0441\u043a\u0430\u044f \u0443\u043b._\u043f\u0440\u043e\u0435\u043a\u0442"],"normative":false,"professional_confirmation":f
1000
alse,"semantic_authority":"project layer-name evidence for diagnostic testing only","semantic_basis":"explicit project layer name; advisory classification","source_currentness_confirmed":false,"source
1000
_entity_type":"LWPOLYLINE","source_file":"cad_candidate.flattened.r2010.dxf","source_layer":"\u0414\u0412_\u0413\u041f_\u041f_\u0412\u043e\u0434\u043e\u043e\u0442\u0432\u043e\u0434\u043d\u044b\u0435_\
1000
u043b\u043e\u0442\u043a\u0438","source_project_id":"898ea8e86f4d","source_status":"partial prepared CAD: 45 of 47 external references embedded","street":"\u041a\u0443\u043b\u0438\u043a\u043e\u0432\u04
1000
41\u043a\u0430\u044f \u0443\u043b\u0438\u0446\u0430, \u041c\u043e\u0441\u043a\u0432\u0430","suggestion_confidence":"high"},"role":"asset","schema_version":1,"type_id":"net.tray"}
  0
LWPOLYLINE
  5
145
330
17
100
AcDbEntity
  8
GC_DRAINAGE_TRAY
100
AcDbPolyline
 90
4
 70
1
 10
3972.8339341291867
 20
-11005.039735103153
 10
3972.6039853041275
 20
-11004.941635916346
 10
3972.8001838106593
 20
-11004.48173794284
 10
3973.0301228906665
 20
-11004.579860609589
1001
GREENCAD_EDIT_V1
1000
{"geometry_role":"OUTER_CONTOUR","id":"kul-tray:000178:e7c5989bdf6d","properties":{"missing_external_references":["\u0410\u0421\u0423_\u041e\u0414\u0421_\u041a\u0443\u043b\u0438\u043a\u043e\u0432\u044
1000
1\u043a\u0430\u044f","\u04407989_\u041a\u0443\u043b\u0438\u043a\u043e\u0432\u0441\u043a\u0430\u044f \u0443\u043b._\u043f\u0440\u043e\u0435\u043a\u0442"],"normative":false,"professional_confirmation":f
1000
alse,"semantic_authority":"project layer-name evidence for diagnostic testing only","semantic_basis":"explicit project layer name; advisory classification","source_currentness_confirmed":false,"source
1000
_entity_type":"LWPOLYLINE","source_file":"cad_candidate.flattened.r2010.dxf","source_layer":"\u0414\u0412_\u0413\u041f_\u041f_\u0412\u043e\u0434\u043e\u043e\u0442\u0432\u043e\u0434\u043d\u044b\u0435_\
1000
u043b\u043e\u0442\u043a\u0438","source_project_id":"898ea8e86f4d","source_status":"partial prepared CAD: 45 of 47 external references embedded","street":"\u041a\u0443\u043b\u0438\u043a\u043e\u0432\u04
1000
41\u043a\u0430\u044f \u0443\u043b\u0438\u0446\u0430, \u041c\u043e\u0441\u043a\u0432\u0430","suggestion_confidence":"high"},"role":"asset","schema_version":1,"type_id":"net.tray"}
  0
LWPOLYLINE
  5
146
330
17
100
AcDbEntity
  8
GC_DRAINAGE_TRAY
100
AcDbPolyline
 90
4
 70
1
 10
3973.0301328656788
 20
-11004.579837227753
 10
3972.8001840406196
 20
-11004.481738040946
 10
3972.9963825471514
 20
-11004.02184006744
 10
3973.2263216271585
 20
-11004.119962734188
1001
GREENCAD_EDIT_V1
1000
{"geometry_role":"OUTER_CONTOUR","id":"kul-tray:000179:4dfc32afb30c","properties":{"missing_external_references":["\u0410\u0421\u0423_\u041e\u0414\u0421_\u041a\u0443\u043b\u0438\u043a\u043e\u0432\u044
1000
1\u043a\u0430\u044f","\u04407989_\u041a\u0443\u043b\u0438\u043a\u043e\u0432\u0441\u043a\u0430\u044f \u0443\u043b._\u043f\u0440\u043e\u0435\u043a\u0442"],"normative":false,"professional_confirmation":f
1000
alse,"semantic_authority":"project layer-name evidence for diagnostic testing only","semantic_basis":"explicit project layer name; advisory classification","source_currentness_confirmed":false,"source
1000
_entity_type":"LWPOLYLINE","source_file":"cad_candidate.flattened.r2010.dxf","source_layer":"\u0414\u0412_\u0413\u041f_\u041f_\u0412\u043e\u0434\u043e\u043e\u0442\u0432\u043e\u0434\u043d\u044b\u0435_\
1000
u043b\u043e\u0442\u043a\u0438","source_project_id":"898ea8e86f4d","source_status":"partial prepared CAD: 45 of 47 external references embedded","street":"\u041a\u0443\u043b\u0438\u043a\u043e\u0432\u04
1000
41\u043a\u0430\u044f \u0443\u043b\u0438\u0446\u0430, \u041c\u043e\u0441\u043a\u0432\u0430","suggestion_confidence":"high"},"role":"asset","schema_version":1,"type_id":"net.tray"}
  0
LWPOLYLINE
  5
147
330
17
100
AcDbEntity
  8
GC_DRAINAGE_TRAY
100
AcDbPolyline
 90
4
 70
1
 10
3973.226331602171
 20
-11004.119939352351
 10
3972.9963827771116
 20
-11004.021840165544
 10
3973.1925812836434
 20
-11003.561942192038
 10
3973.4225203636506
 20
-11003.660064858786
1001
GREENCAD_EDIT_V1
1000
{"geometry_role":"OUTER_CONTOUR","id":"kul-tray:000180:df48290b4bc6","properties":{"missing_external_references":["\u0410\u0421\u0423_\u041e\u0414\u0421_\u041a\u0443\u043b\u0438\u043a\u043e\u0432\u044
1000
1\u043a\u0430\u044f","\u04407989_\u041a\u0443\u043b\u0438\u043a\u043e\u0432\u0441\u043a\u0430\u044f \u0443\u043b._\u043f\u0440\u043e\u0435\u043a\u0442"],"normative":false,"professional_confirmation":f
1000
alse,"semantic_authority":"project layer-name evidence for diagnostic testing only","semantic_basis":"explicit project layer name; advisory classification","source_currentness_confirmed":false,"source
1000
_entity_type":"LWPOLYLINE","source_file":"cad_candidate.flattened.r2010.dxf","source_layer":"\u0414\u0412_\u0413\u041f_\u041f_\u0412\u043e\u0434\u043e\u043e\u0442\u0432\u043e\u0434\u043d\u044b\u0435_\
1000
u043b\u043e\u0442\u043a\u0438","source_project_id":"898ea8e86f4d","source_status":"partial prepared CAD: 45 of 47 external references embedded","street":"\u041a\u0443\u043b\u0438\u043a\u043e\u0432\u04
1000
41\u043a\u0430\u044f \u0443\u043b\u0438\u0446\u0430, \u041c\u043e\u0441\u043a\u0432\u0430","suggestion_confidence":"high"},"role":"asset","schema_version":1,"type_id":"net.tray"}
  0
LWPOLYLINE
  5
148
330
17
100
AcDbEntity
  8
GC_DRAINAGE_TRAY
100
AcDbPolyline
 90
4
 70
1
 10
3973.4225303386625
 20
-11003.66004147695
 10
3973.1925815136033
 20
-11003.561942290142
 10
3973.388780020135
 20
-11003.102044316636
 10
3973.6187191001422
 20
-11003.200166983384
1001
GREENCAD_EDIT_V1
1000
{"geometry_role":"OUTER_CONTOUR","id":"kul-tray:000181:a3a592ae363c","properties":{"missing_external_references":["\u0410\u0421\u0423_\u041e\u0414\u0421_\u041a\u0443\u043b\u0438\u043a\u043e\u0432\u044
1000
1\u043a\u0430\u044f","\u04407989_\u041a\u0443\u043b\u0438\u043a\u043e\u0432\u0441\u043a\u0430\u044f \u0443\u043b._\u043f\u0440\u043e\u0435\u043a\u0442"],"normative":false,"professional_confirmation":f
1000
alse,"semantic_authority":"project layer-name evidence for diagnostic testing only","semantic_basis":"explicit project layer name; advisory classification","source_currentness_confirmed":false,"source
1000
_entity_type":"LWPOLYLINE","source_file":"cad_candidate.flattened.r2010.dxf","source_layer":"\u0414\u0412_\u0413\u041f_\u041f_\u0412\u043e\u0434\u043e\u043e\u0442\u0432\u043e\u0434\u043d\u044b\u0435_\
1000
u043b\u043e\u0442\u043a\u0438","source_project_id":"898ea8e86f4d","source_status":"partial prepared CAD: 45 of 47 external references embedded","street":"\u041a\u0443\u043b\u0438\u043a\u043e\u0432\u04
1000
41\u043a\u0430\u044f \u0443\u043b\u0438\u0446\u0430, \u041c\u043e\u0441\u043a\u0432\u0430","suggestion_confidence":"high"},"role":"asset","schema_version":1,"type_id":"net.tray"}
  0
LWPOLYLINE
  5
149
330
17
100
AcDbEntity
  8
GC_DRAINAGE_TRAY
100
AcDbPolyline
 90
4
 70
1
 10
3973.6187290751545
 20
-11003.200143601547
 10
3973.3887802500954
 20
-11003.10204441474
 10
3973.584978756627
 20
-11002.642146441234
 10
3973.8149178366343
 20
-11002.740269107982
1001
GREENCAD_EDIT_V1
1000
{"geometry_role":"OUTER_CONTOUR","id":"kul-tray:000182:a7daeb5f3a23","properties":{"missing_external_references":["\u0410\u0421\u0423_\u041e\u0414\u0421_\u041a\u0443\u043b\u0438\u043a\u043e\u0432\u044
1000
1\u043a\u0430\u044f","\u04407989_\u041a\u0443\u043b\u0438\u043a\u043e\u0432\u0441\u043a\u0430\u044f \u0443\u043b._\u043f\u0440\u043e\u0435\u043a\u0442"],"normative":false,"professional_confirmation":f
1000
alse,"semantic_authority":"project layer-name evidence for diagnostic testing only","semantic_basis":"explicit project layer name; advisory classification","source_currentness_confirmed":false,"source
1000
_entity_type":"LWPOLYLINE","source_file":"cad_candidate.flattened.r2010.dxf","source_layer":"\u0414\u0412_\u0413\u041f_\u041f_\u0412\u043e\u0434\u043e\u043e\u0442\u0432\u043e\u0434\u043d\u044b\u0435_\
1000
u043b\u043e\u0442\u043a\u0438","source_project_id":"898ea8e86f4d","source_status":"partial prepared CAD: 45 of 47 external references embedded","street":"\u041a\u0443\u043b\u0438\u043a\u043e\u0432\u04
1000
41\u043a\u0430\u044f \u0443\u043b\u0438\u0446\u0430, \u041c\u043e\u0441\u043a\u0432\u0430","suggestion_confidence":"high"},"role":"asset","schema_version":1,"type_id":"net.tray"}
  0
LWPOLYLINE
  5
14A
330
17
100
AcDbEntity
  8
GC_DRAINAGE_TRAY
100
AcDbPolyline
 90
4
 70
1
 10
3973.8149278116466
 20
-11002.740245726147
 10
3973.5849789865874
 20
-11002.64214653934
 10
3973.7811774931192
 20
-11002.182248565834
 10
3974.0111165731264
 20
-11002.280371232582
1001
GREENCAD_EDIT_V1
1000
{"geometry_role":"OUTER_CONTOUR","id":"kul-tray:000183:f0667bd305b0","properties":{"missing_external_references":["\u0410\u0421\u0423_\u041e\u0414\u0421_\u041a\u0443\u043b\u0438\u043a\u043e\u0432\u044
1000
1\u043a\u0430\u044f","\u04407989_\u041a\u0443\u043b\u0438\u043a\u043e\u0432\u0441\u043a\u0430\u044f \u0443\u043b._\u043f\u0440\u043e\u0435\u043a\u0442"],"normative":false,"professional_confirmation":f
1000
alse,"semantic_authority":"project layer-name evidence for diagnostic testing only","semantic_basis":"explicit project layer name; advisory classification","source_currentness_confirmed":false,"source
1000
_entity_type":"LWPOLYLINE","source_file":"cad_candidate.flattened.r2010.dxf","source_layer":"\u0414\u0412_\u0413\u041f_\u041f_\u0412\u043e\u0434\u043e\u043e\u0442\u0432\u043e\u0434\u043d\u044b\u0435_\
1000
u043b\u043e\u0442\u043a\u0438","source_project_id":"898ea8e86f4d","source_status":"partial prepared CAD: 45 of 47 external references embedded","street":"\u041a\u0443\u043b\u0438\u043a\u043e\u0432\u04
1000
41\u043a\u0430\u044f \u0443\u043b\u0438\u0446\u0430, \u041c\u043e\u0441\u043a\u0432\u0430","suggestion_confidence":"high"},"role":"asset","schema_version":1,"type_id":"net.tray"}
  0
LWPOLYLINE
  5
14B
330
17
100
AcDbEntity
  8
GC_DRAINAGE_TRAY
100
AcDbPolyline
 90
4
 70
1
 10
3974.0111265481387
 20
-11002.280347850745
 10
3973.7811777230795
 20
-11002.182248663938
 10
3973.9773762296113
 20
-11001.722350690432
 10
3974.2073153096185
 20
-11001.82047335718
1001
GREENCAD_EDIT_V1
1000
{"geometry_role":"OUTER_CONTOUR","id":"kul-tray:000184:2f68b355f038","properties":{"missing_external_references":["\u0410\u0421\u0423_\u041e\u0414\u0421_\u041a\u0443\u043b\u0438\u043a\u043e\u0432\u044
1000
1\u043a\u0430\u044f","\u04407989_\u041a\u0443\u043b\u0438\u043a\u043e\u0432\u0441\u043a\u0430\u044f \u0443\u043b._\u043f\u0440\u043e\u0435\u043a\u0442"],"normative":false,"professional_confirmation":f
1000
alse,"semantic_authority":"project layer-name evidence for diagnostic testing only","semantic_basis":"explicit project layer name; advisory classification","source_currentness_confirmed":false,"source
1000
_entity_type":"LWPOLYLINE","source_file":"cad_candidate.flattened.r2010.dxf","source_layer":"\u0414\u0412_\u0413\u041f_\u041f_\u0412\u043e\u0434\u043e\u043e\u0442\u0432\u043e\u0434\u043d\u044b\u0435_\
1000
u043b\u043e\u0442\u043a\u0438","source_project_id":"898ea8e86f4d","source_status":"partial prepared CAD: 45 of 47 external references embedded","street":"\u041a\u0443\u043b\u0438\u043a\u043e\u0432\u04
1000
41\u043a\u0430\u044f \u0443\u043b\u0438\u0446\u0430, \u041c\u043e\u0441\u043a\u0432\u0430","suggestion_confidence":"high"},"role":"asset","schema_version":1,"type_id":"net.tray"}
  0
LWPOLYLINE
  5
14C
330
17
100
AcDbEntity
  8
GC_DRAINAGE_TRAY
100
AcDbPolyline
 90
4
 70
1
 10
3974.2073252846308
 20
-11001.820449975343
 10
3973.9773764595716
 20
-11001.722350788536
 10
3974.1735749661034
 20
-11001.26245281503
 10
3974.4035140461106
 20
-11001.360575481778
1001
GREENCAD_EDIT_V1
1000
{"geometry_role":"OUTER_CONTOUR","id":"kul-tray:000185:58ad0cc30ffe","properties":{"missing_external_references":["\u0410\u0421\u0423_\u041e\u0414\u0421_\u041a\u0443\u043b\u0438\u043a\u043e\u0432\u044
1000
1\u043a\u0430\u044f","\u04407989_\u041a\u0443\u043b\u0438\u043a\u043e\u0432\u0441\u043a\u0430\u044f \u0443\u043b._\u043f\u0440\u043e\u0435\u043a\u0442"],"normative":false,"professional_confirmation":f
1000
alse,"semantic_authority":"project layer-name evidence for diagnostic testing only","semantic_basis":"explicit project layer name; advisory classification","source_currentness_confirmed":false,"source
1000
_entity_type":"LWPOLYLINE","source_file":"cad_candidate.flattened.r2010.dxf","source_layer":"\u0414\u0412_\u0413\u041f_\u041f_\u0412\u043e\u0434\u043e\u043e\u0442\u0432\u043e\u0434\u043d\u044b\u0435_\
1000
u043b\u043e\u0442\u043a\u0438","source_project_id":"898ea8e86f4d","source_status":"partial prepared CAD: 45 of 47 external references embedded","street":"\u041a\u0443\u043b\u0438\u043a\u043e\u0432\u04
1000
41\u043a\u0430\u044f \u0443\u043b\u0438\u0446\u0430, \u041c\u043e\u0441\u043a\u0432\u0430","suggestion_confidence":"high"},"role":"asset","schema_version":1,"type_id":"net.tray"}
  0
LWPOLYLINE
  5
14D
330
17
100
AcDbEntity
  8
GC_DRAINAGE_TRAY
100
AcDbPolyline
 90
4
 70
1
 10
3974.403524021123
 20
-11001.36055209994
 10
3974.1735751960637
 20
-11001.262452913134
 10
3974.3697737025955
 20
-11000.802554939628
 10
3974.5997127826026
 20
-11000.900677606376
1001
GREENCAD_EDIT_V1
1000
{"geometry_role":"OUTER_CONTOUR","id":"kul-tray:000186:fb2fac98d6ea","properties":{"missing_external_references":["\u0410\u0421\u0423_\u041e\u0414\u0421_\u041a\u0443\u043b\u0438\u043a\u043e\u0432\u044
1000
1\u043a\u0430\u044f","\u04407989_\u041a\u0443\u043b\u0438\u043a\u043e\u0432\u0441\u043a\u0430\u044f \u0443\u043b._\u043f\u0440\u043e\u0435\u043a\u0442"],"normative":false,"professional_confirmation":f
1000
alse,"semantic_authority":"project layer-name evidence for diagnostic testing only","semantic_basis":"explicit project layer name; advisory classification","source_currentness_confirmed":false,"source
1000
_entity_type":"LWPOLYLINE","source_file":"cad_candidate.flattened.r2010.dxf","source_layer":"\u0414\u0412_\u0413\u041f_\u041f_\u0412\u043e\u0434\u043e\u043e\u0442\u0432\u043e\u0434\u043d\u044b\u0435_\
1000
u043b\u043e\u0442\u043a\u0438","source_project_id":"898ea8e86f4d","source_status":"partial prepared CAD: 45 of 47 external references embedded","street":"\u041a\u0443\u043b\u0438\u043a\u043e\u0432\u04
1000
41\u043a\u0430\u044f \u0443\u043b\u0438\u0446\u0430, \u041c\u043e\u0441\u043a\u0432\u0430","suggestion_confidence":"high"},"role":"asset","schema_version":1,"type_id":"net.tray"}
  0
LWPOLYLINE
  5
14E
330
17
100
AcDbEntity
  8
GC_DRAINAGE_TRAY
100
AcDbPolyline
 90
4
 70
1
 10
3974.599722757615
 20
-11000.90065422454
 10
3974.3697739325557
 20
-11000.802555037733
 10
3974.5659724390875
 20
-11000.342657064228
 10
3974.7959115190947
 20
-11000.440779730976
1001
GREENCAD_EDIT_V1
1000
{"geometry_role":"OUTER_CONTOUR","id":"kul-tray:000187:b96a8b93ede6","properties":{"missing_external_references":["\u0410\u0421\u0423_\u041e\u0414\u0421_\u041a\u0443\u043b\u0438\u043a\u043e\u0432\u044
1000
1\u043a\u0430\u044f","\u04407989_\u041a\u0443\u043b\u0438\u043a\u043e\u0432\u0441\u043a\u0430\u044f \u0443\u043b._\u043f\u0440\u043e\u0435\u043a\u0442"],"normative":false,"professional_confirmation":f
1000
alse,"semantic_authority":"project layer-name evidence for diagnostic testing only","semantic_basis":"explicit project layer name; advisory classification","source_currentness_confirmed":false,"source
1000
_entity_type":"LWPOLYLINE","source_file":"cad_candidate.flattened.r2010.dxf","source_layer":"\u0414\u0412_\u0413\u041f_\u041f_\u0412\u043e\u0434\u043e\u043e\u0442\u0432\u043e\u0434\u043d\u044b\u0435_\
1000
u043b\u043e\u0442\u043a\u0438","source_project_id":"898ea8e86f4d","source_status":"partial prepared CAD: 45 of 47 external references embedded","street":"\u041a\u0443\u043b\u0438\u043a\u043e\u0432\u04
1000
41\u043a\u0430\u044f \u0443\u043b\u0438\u0446\u0430, \u041c\u043e\u0441\u043a\u0432\u0430","suggestion_confidence":"high"},"role":"asset","schema_version":1,"type_id":"net.tray"}
  0
LWPOLYLINE
  5
14F
330
17
100
AcDbEntity
  8
GC_DRAINAGE_TRAY
100
AcDbPolyline
 90
4
 70
1
 10
3974.795921494107
 20
-11000.440756349139
 10
3974.565972669048
 20
-11000.342657162331
 10
3974.7621711755796
 20
-10999.882759188826
 10
3974.992110255587
 20
-10999.980881855574
1001
GREENCAD_EDIT_V1
1000
{"geometry_role":"OUTER_CONTOUR","id":"kul-tray:000188:3f49f30d2d74","properties":{"missing_external_references":["\u0410\u0421\u0423_\u041e\u0414\u0421_\u041a\u0443\u043b\u0438\u043a\u043e\u0432\u044
1000
1\u043a\u0430\u044f","\u04407989_\u041a\u0443\u043b\u0438\u043a\u043e\u0432\u0441\u043a\u0430\u044f \u0443\u043b._\u043f\u0440\u043e\u0435\u043a\u0442"],"normative":false,"professional_confirmation":f
1000
alse,"semantic_authority":"project layer-name evidence for diagnostic testing only","semantic_basis":"explicit project layer name; advisory classification","source_currentness_confirmed":false,"source
1000
_entity_type":"LWPOLYLINE","source_file":"cad_candidate.flattened.r2010.dxf","source_layer":"\u0414\u0412_\u0413\u041f_\u041f_\u0412\u043e\u0434\u043e\u043e\u0442\u0432\u043e\u0434\u043d\u044b\u0435_\
1000
u043b\u043e\u0442\u043a\u0438","source_project_id":"898ea8e86f4d","source_status":"partial prepared CAD: 45 of 47 external references embedded","street":"\u041a\u0443\u043b\u0438\u043a\u043e\u0432\u04
1000
41\u043a\u0430\u044f \u0443\u043b\u0438\u0446\u0430, \u041c\u043e\u0441\u043a\u0432\u0430","suggestion_confidence":"high"},"role":"asset","schema_version":1,"type_id":"net.tray"}
  0
LWPOLYLINE
  5
150
330
17
100
AcDbEntity
  8
GC_DRAINAGE_TRAY
100
AcDbPolyline
 90
4
 70
1
 10
3974.992120230599
 20
-10999.980858473737
 10
3974.76217140554
 20
-10999.88275928693
 10
3974.9583699120717
 20
-10999.422861313424
 10
3975.188308992079
 20
-10999.520983980172
1001
GREENCAD_EDIT_V1
1000
{"geometry_role":"OUTER_CONTOUR","id":"kul-tray:000189:6abb7e04c040","properties":{"missing_external_references":["\u0410\u0421\u0423_\u041e\u0414\u0421_\u041a\u0443\u043b\u0438\u043a\u043e\u0432\u044
1000
1\u043a\u0430\u044f","\u04407989_\u041a\u0443\u043b\u0438\u043a\u043e\u0432\u0441\u043a\u0430\u044f \u0443\u043b._\u043f\u0440\u043e\u0435\u043a\u0442"],"normative":false,"professional_confirmation":f
1000
alse,"semantic_authority":"project layer-name evidence for diagnostic testing only","semantic_basis":"explicit project layer name; advisory classification","source_currentness_confirmed":false,"source
1000
_entity_type":"LWPOLYLINE","source_file":"cad_candidate.flattened.r2010.dxf","source_layer":"\u0414\u0412_\u0413\u041f_\u041f_\u0412\u043e\u0434\u043e\u043e\u0442\u0432\u043e\u0434\u043d\u044b\u0435_\
1000
u043b\u043e\u0442\u043a\u0438","source_project_id":"898ea8e86f4d","source_status":"partial prepared CAD: 45 of 47 external references embedded","street":"\u041a\u0443\u043b\u0438\u043a\u043e\u0432\u04
1000
41\u043a\u0430\u044f \u0443\u043b\u0438\u0446\u0430, \u041c\u043e\u0441\u043a\u0432\u0430","suggestion_confidence":"high"},"role":"asset","schema_version":1,"type_id":"net.tray"}
  0
LWPOLYLINE
  5
151
330
17
100
AcDbEntity
  8
GC_DRAINAGE_TRAY
100
AcDbPolyline
 90
4
 70
1
 10
3975.188318967091
 20
-10999.520960598335
 10
3974.958370142032
 20
-10999.422861411527
 10
3975.154568648564
 20
-10998.962963438022
 10
3975.384507728571
 20
-10999.06108610477
1001
GREENCAD_EDIT_V1
1000
{"geometry_role":"OUTER_CONTOUR","id":"kul-tray:000190:bffe81daa9cd","properties":{"missing_external_references":["\u0410\u0421\u0423_\u041e\u0414\u0421_\u041a\u0443\u043b\u0438\u043a\u043e\u0432\u044
1000
1\u043a\u0430\u044f","\u04407989_\u041a\u0443\u043b\u0438\u043a\u043e\u0432\u0441\u043a\u0430\u044f \u0443\u043b._\u043f\u0440\u043e\u0435\u043a\u0442"],"normative":false,"professional_confirmation":f
1000
alse,"semantic_authority":"project layer-name evidence for diagnostic testing only","semantic_basis":"explicit project layer name; advisory classification","source_currentness_confirmed":false,"source
1000
_entity_type":"LWPOLYLINE","source_file":"cad_candidate.flattened.r2010.dxf","source_layer":"\u0414\u0412_\u0413\u041f_\u041f_\u0412\u043e\u0434\u043e\u043e\u0442\u0432\u043e\u0434\u043d\u044b\u0435_\
1000
u043b\u043e\u0442\u043a\u0438","source_project_id":"898ea8e86f4d","source_status":"partial prepared CAD: 45 of 47 external references embedded","street":"\u041a\u0443\u043b\u0438\u043a\u043e\u0432\u04
1000
41\u043a\u0430\u044f \u0443\u043b\u0438\u0446\u0430, \u041c\u043e\u0441\u043a\u0432\u0430","suggestion_confidence":"high"},"role":"asset","schema_version":1,"type_id":"net.tray"}
  0
LWPOLYLINE
  5
152
330
17
100
AcDbEntity
  8
GC_DRAINAGE_TRAY
100
AcDbPolyline
 90
4
 70
1
 10
3975.3845177035832
 20
-10999.061062722933
 10
3975.154568878524
 20
-10998.962963536125
 10
3975.350767385056
 20
-10998.50306556262
 10
3975.580706465063
 20
-10998.601188229368
1001
GREENCAD_EDIT_V1
1000
{"geometry_role":"OUTER_CONTOUR","id":"kul-tray:000191:8988bf87c865","properties":{"missing_external_references":["\u0410\u0421\u0423_\u041e\u0414\u0421_\u041a\u0443\u043b\u0438\u043a\u043e\u0432\u044
1000
1\u043a\u0430\u044f","\u04407989_\u041a\u0443\u043b\u0438\u043a\u043e\u0432\u0441\u043a\u0430\u044f \u0443\u043b._\u043f\u0440\u043e\u0435\u043a\u0442"],"normative":false,"professional_confirmation":f
1000
alse,"semantic_authority":"project layer-name evidence for diagnostic testing only","semantic_basis":"explicit project layer name; advisory classification","source_currentness_confirmed":false,"source
1000
_entity_type":"LWPOLYLINE","source_file":"cad_candidate.flattened.r2010.dxf","source_layer":"\u0414\u0412_\u0413\u041f_\u041f_\u0412\u043e\u0434\u043e\u043e\u0442\u0432\u043e\u0434\u043d\u044b\u0435_\
1000
u043b\u043e\u0442\u043a\u0438","source_project_id":"898ea8e86f4d","source_status":"partial prepared CAD: 45 of 47 external references embedded","street":"\u041a\u0443\u043b\u0438\u043a\u043e\u0432\u04
1000
41\u043a\u0430\u044f \u0443\u043b\u0438\u0446\u0430, \u041c\u043e\u0441\u043a\u0432\u0430","suggestion_confidence":"high"},"role":"asset","schema_version":1,"type_id":"net.tray"}
  0
LWPOLYLINE
  5
153
330
17
100
AcDbEntity
  8
GC_DRAINAGE_TRAY
100
AcDbPolyline
 90
4
 70
1
 10
3975.580716440075
 20
-10998.601164847532
 10
3975.3507676150157
 20
-10998.503065660725
 10
3975.5469661215475
 20
-10998.04316768722
 10
3975.7769052015547
 20
-10998.141290353968
1001
GREENCAD_EDIT_V1
1000
{"geometry_role":"OUTER_CONTOUR","id":"kul-tray:000192:937930f3b23d","properties":{"missing_external_references":["\u0410\u0421\u0423_\u041e\u0414\u0421_\u041a\u0443\u043b\u0438\u043a\u043e\u0432\u044
1000
1\u043a\u0430\u044f","\u04407989_\u041a\u0443\u043b\u0438\u043a\u043e\u0432\u0441\u043a\u0430\u044f \u0443\u043b._\u043f\u0440\u043e\u0435\u043a\u0442"],"normative":false,"professional_confirmation":f
1000
alse,"semantic_authority":"project layer-name evidence for diagnostic testing only","semantic_basis":"explicit project layer name; advisory classification","source_currentness_confirmed":false,"source
1000
_entity_type":"LWPOLYLINE","source_file":"cad_candidate.flattened.r2010.dxf","source_layer":"\u0414\u0412_\u0413\u041f_\u041f_\u0412\u043e\u0434\u043e\u043e\u0442\u0432\u043e\u0434\u043d\u044b\u0435_\
1000
u043b\u043e\u0442\u043a\u0438","source_project_id":"898ea8e86f4d","source_status":"partial prepared CAD: 45 of 47 external references embedded","street":"\u041a\u0443\u043b\u0438\u043a\u043e\u0432\u04
1000
41\u043a\u0430\u044f \u0443\u043b\u0438\u0446\u0430, \u041c\u043e\u0441\u043a\u0432\u0430","suggestion_confidence":"high"},"role":"asset","schema_version":1,"type_id":"net.tray"}
  0
LWPOLYLINE
  5
154
330
17
100
AcDbEntity
  8
GC_DRAINAGE_TRAY
100
AcDbPolyline
 90
4
 70
1
 10
3975.7769151765674
 20
-10998.14126697213
 10
3975.546966351508
 20
-10998.043167785323
 10
3975.74316485804
 20
-10997.583269811817
 10
3975.973103938047
 20
-10997.681392478566
1001
GREENCAD_EDIT_V1
1000
{"geometry_role":"OUTER_CONTOUR","id":"kul-tray:000193:31b196ca6291","properties":{"missing_external_references":["\u0410\u0421\u0423_\u041e\u0414\u0421_\u041a\u0443\u043b\u0438\u043a\u043e\u0432\u044
1000
1\u043a\u0430\u044f","\u04407989_\u041a\u0443\u043b\u0438\u043a\u043e\u0432\u0441\u043a\u0430\u044f \u0443\u043b._\u043f\u0440\u043e\u0435\u043a\u0442"],"normative":false,"professional_confirmation":f
1000
alse,"semantic_authority":"project layer-name evidence for diagnostic testing only","semantic_basis":"explicit project layer name; advisory classification","source_currentness_confirmed":false,"source
1000
_entity_type":"LWPOLYLINE","source_file":"cad_candidate.flattened.r2010.dxf","source_layer":"\u0414\u0412_\u0413\u041f_\u041f_\u0412\u043e\u0434\u043e\u043e\u0442\u0432\u043e\u0434\u043d\u044b\u0435_\
1000
u043b\u043e\u0442\u043a\u0438","source_project_id":"898ea8e86f4d","source_status":"partial prepared CAD: 45 of 47 external references embedded","street":"\u041a\u0443\u043b\u0438\u043a\u043e\u0432\u04
1000
41\u043a\u0430\u044f \u0443\u043b\u0438\u0446\u0430, \u041c\u043e\u0441\u043a\u0432\u0430","suggestion_confidence":"high"},"role":"asset","schema_version":1,"type_id":"net.tray"}
  0
LWPOLYLINE
  5
155
330
17
100
AcDbEntity
  8
GC_DRAINAGE_TRAY
100
AcDbPolyline
 90
4
 70
1
 10
3975.973113913059
 20
-10997.681369096728
 10
3975.743165088
 20
-10997.583269909921
 10
3975.9393635945316
 20
-10997.123371936415
 10
3976.169302674539
 20
-10997.221494603164
1001
GREENCAD_EDIT_V1
1000
{"geometry_role":"OUTER_CONTOUR","id":"kul-tray:000194:2f6257cf1b02","properties":{"missing_external_references":["\u0410\u0421\u0423_\u041e\u0414\u0421_\u041a\u0443\u043b\u0438\u043a\u043e\u0432\u044
1000
1\u043a\u0430\u044f","\u04407989_\u041a\u0443\u043b\u0438\u043a\u043e\u0432\u0441\u043a\u0430\u044f \u0443\u043b._\u043f\u0440\u043e\u0435\u043a\u0442"],"normative":false,"professional_confirmation":f
1000
alse,"semantic_authority":"project layer-name evidence for diagnostic testing only","semantic_basis":"explicit project layer name; advisory classification","source_currentness_confirmed":false,"source
1000
_entity_type":"LWPOLYLINE","source_file":"cad_candidate.flattened.r2010.dxf","source_layer":"\u0414\u0412_\u0413\u041f_\u041f_\u0412\u043e\u0434\u043e\u043e\u0442\u0432\u043e\u0434\u043d\u044b\u0435_\
1000
u043b\u043e\u0442\u043a\u0438","source_project_id":"898ea8e86f4d","source_status":"partial prepared CAD: 45 of 47 external references embedded","street":"\u041a\u0443\u043b\u0438\u043a\u043e\u0432\u04
1000
41\u043a\u0430\u044f \u0443\u043b\u0438\u0446\u0430, \u041c\u043e\u0441\u043a\u0432\u0430","suggestion_confidence":"high"},"role":"asset","schema_version":1,"type_id":"net.tray"}
  0
LWPOLYLINE
  5
156
330
17
100
AcDbEntity
  8
GC_DRAINAGE_TRAY
100
AcDbPolyline
 90
4
 70
1
 10
3976.169312649551
 20
-10997.221471221326
 10
3975.939363824492
 20
-10997.123372034519
 10
3976.1355623310237
 20
-10996.663474061013
 10
3976.365501411031
 20
-10996.761596727762
1001
GREENCAD_EDIT_V1
1000
{"geometry_role":"OUTER_CONTOUR","id":"kul-tray:000195:ece41db77ab2","properties":{"missing_external_references":["\u0410\u0421\u0423_\u041e\u0414\u0421_\u041a\u0443\u043b\u0438\u043a\u043e\u0432\u044
1000
1\u043a\u0430\u044f","\u04407989_\u041a\u0443\u043b\u0438\u043a\u043e\u0432\u0441\u043a\u0430\u044f \u0443\u043b._\u043f\u0440\u043e\u0435\u043a\u0442"],"normative":false,"professional_confirmation":f
1000
alse,"semantic_authority":"project layer-name evidence for diagnostic testing only","semantic_basis":"explicit project layer name; advisory classification","source_currentness_confirmed":false,"source
1000
_entity_type":"LWPOLYLINE","source_file":"cad_candidate.flattened.r2010.dxf","source_layer":"\u0414\u0412_\u0413\u041f_\u041f_\u0412\u043e\u0434\u043e\u043e\u0442\u0432\u043e\u0434\u043d\u044b\u0435_\
1000
u043b\u043e\u0442\u043a\u0438","source_project_id":"898ea8e86f4d","source_status":"partial prepared CAD: 45 of 47 external references embedded","street":"\u041a\u0443\u043b\u0438\u043a\u043e\u0432\u04
1000
41\u043a\u0430\u044f \u0443\u043b\u0438\u0446\u0430, \u041c\u043e\u0441\u043a\u0432\u0430","suggestion_confidence":"high"},"role":"asset","schema_version":1,"type_id":"net.tray"}
  0
LWPOLYLINE
  5
157
330
17
100
AcDbEntity
  8
GC_DRAINAGE_TRAY
100
AcDbPolyline
 90
4
 70
1
 10
3976.365511386043
 20
-10996.761573345924
 10
3976.135562560984
 20
-10996.663474159117
 10
3976.331761067516
 20
-10996.203576185611
 10
3976.561700147523
 20
-10996.30169885236
1001
GREENCAD_EDIT_V1
1000
{"geometry_role":"OUTER_CONTOUR","id":"kul-tray:000196:e59bf934c8d7","properties":{"missing_external_references":["\u0410\u0421\u0423_\u041e\u0414\u0421_\u041a\u0443\u043b\u0438\u043a\u043e\u0432\u044
1000
1\u043a\u0430\u044f","\u04407989_\u041a\u0443\u043b\u0438\u043a\u043e\u0432\u0441\u043a\u0430\u044f \u0443\u043b._\u043f\u0440\u043e\u0435\u043a\u0442"],"normative":false,"professional_confirmation":f
1000
alse,"semantic_authority":"project layer-name evidence for diagnostic testing only","semantic_basis":"explicit project layer name; advisory classification","source_currentness_confirmed":false,"source
1000
_entity_type":"LWPOLYLINE","source_file":"cad_candidate.flattened.r2010.dxf","source_layer":"\u0414\u0412_\u0413\u041f_\u041f_\u0412\u043e\u0434\u043e\u043e\u0442\u0432\u043e\u0434\u043d\u044b\u0435_\
1000
u043b\u043e\u0442\u043a\u0438","source_project_id":"898ea8e86f4d","source_status":"partial prepared CAD: 45 of 47 external references embedded","street":"\u041a\u0443\u043b\u0438\u043a\u043e\u0432\u04
1000
41\u043a\u0430\u044f \u0443\u043b\u0438\u0446\u0430, \u041c\u043e\u0441\u043a\u0432\u0430","suggestion_confidence":"high"},"role":"asset","schema_version":1,"type_id":"net.tray"}
  0
LWPOLYLINE
  5
158
330
17
100
AcDbEntity
  8
GC_DRAINAGE_TRAY
100
AcDbPolyline
 90
4
 70
1
 10
3976.5617101225353
 20
-10996.301675470524
 10
3976.331761297476
 20
-10996.203576283717
 10
3976.527959804008
 20
-10995.743678310211
 10
3976.757898884015
 20
-10995.84180097696
1001
GREENCAD_EDIT_V1
1000
{"geometry_role":"OUTER_CONTOUR","id":"kul-tray:000197:eb011d0ad324","properties":{"missing_external_references":["\u0410\u0421\u0423_\u041e\u0414\u0421_\u041a\u0443\u043b\u0438\u043a\u043e\u0432\u044
1000
1\u043a\u0430\u044f","\u04407989_\u041a\u0443\u043b\u0438\u043a\u043e\u0432\u0441\u043a\u0430\u044f \u0443\u043b._\u043f\u0440\u043e\u0435\u043a\u0442"],"normative":false,"professional_confirmation":f
1000
alse,"semantic_authority":"project layer-name evidence for diagnostic testing only","semantic_basis":"explicit project layer name; advisory classification","source_currentness_confirmed":false,"source
1000
_entity_type":"LWPOLYLINE","source_file":"cad_candidate.flattened.r2010.dxf","source_layer":"\u0414\u0412_\u0413\u041f_\u041f_\u0412\u043e\u0434\u043e\u043e\u0442\u0432\u043e\u0434\u043d\u044b\u0435_\
1000
u043b\u043e\u0442\u043a\u0438","source_project_id":"898ea8e86f4d","source_status":"partial prepared CAD: 45 of 47 external references embedded","street":"\u041a\u0443\u043b\u0438\u043a\u043e\u0432\u04
1000
41\u043a\u0430\u044f \u0443\u043b\u0438\u0446\u0430, \u041c\u043e\u0441\u043a\u0432\u0430","suggestion_confidence":"high"},"role":"asset","schema_version":1,"type_id":"net.tray"}
  0
LWPOLYLINE
  5
159
330
17
100
AcDbEntity
  8
GC_DRAINAGE_TRAY
100
AcDbPolyline
 90
4
 70
1
 10
3976.7579088590273
 20
-10995.841777595122
 10
3976.527960033968
 20
-10995.743678408315
 10
3976.7241585405
 20
-10995.28378043481
 10
3976.954097620507
 20
-10995.381903101557
1001
GREENCAD_EDIT_V1
1000
{"geometry_role":"OUTER_CONTOUR","id":"kul-tray:000198:886852a8a665","properties":{"missing_external_references":["\u0410\u0421\u0423_\u041e\u0414\u0421_\u041a\u0443\u043b\u0438\u043a\u043e\u0432\u044
1000
1\u043a\u0430\u044f","\u04407989_\u041a\u0443\u043b\u0438\u043a\u043e\u0432\u0441\u043a\u0430\u044f \u0443\u043b._\u043f\u0440\u043e\u0435\u043a\u0442"],"normative":false,"professional_confirmation":f
1000
alse,"semantic_authority":"project layer-name evidence for diagnostic testing only","semantic_basis":"explicit project layer name; advisory classification","source_currentness_confirmed":false,"source
1000
_entity_type":"LWPOLYLINE","source_file":"cad_candidate.flattened.r2010.dxf","source_layer":"\u0414\u0412_\u0413\u041f_\u041f_\u0412\u043e\u0434\u043e\u043e\u0442\u0432\u043e\u0434\u043d\u044b\u0435_\
1000
u043b\u043e\u0442\u043a\u0438","source_project_id":"898ea8e86f4d","source_status":"partial prepared CAD: 45 of 47 external references embedded","street":"\u041a\u0443\u043b\u0438\u043a\u043e\u0432\u04
1000
41\u043a\u0430\u044f \u0443\u043b\u0438\u0446\u0430, \u041c\u043e\u0441\u043a\u0432\u0430","suggestion_confidence":"high"},"role":"asset","schema_version":1,"type_id":"net.tray"}
  0
LWPOLYLINE
  5
15A
330
17
100
AcDbEntity
  8
GC_DRAINAGE_TRAY
100
AcDbPolyline
 90
4
 70
1
 10
3976.9541075955194
 20
-10995.38187971972
 10
3976.7241587704602
 20
-10995.283780532913
 10
3976.920357276992
 20
-10994.823882559407
 10
3977.150296356999
 20
-10994.922005226155
1001
GREENCAD_EDIT_V1
1000
{"geometry_role":"OUTER_CONTOUR","id":"kul-tray:000199:0141fc667254","properties":{"missing_external_references":["\u0410\u0421\u0423_\u041e\u0414\u0421_\u041a\u0443\u043b\u0438\u043a\u043e\u0432\u044
1000
1\u043a\u0430\u044f","\u04407989_\u041a\u0443\u043b\u0438\u043a\u043e\u0432\u0441\u043a\u0430\u044f \u0443\u043b._\u043f\u0440\u043e\u0435\u043a\u0442"],"normative":false,"professional_confirmation":f
1000
alse,"semantic_authority":"project layer-name evidence for diagnostic testing only","semantic_basis":"explicit project layer name; advisory classification","source_currentness_confirmed":false,"source
1000
_entity_type":"LWPOLYLINE","source_file":"cad_candidate.flattened.r2010.dxf","source_layer":"\u0414\u0412_\u0413\u041f_\u041f_\u0412\u043e\u0434\u043e\u043e\u0442\u0432\u043e\u0434\u043d\u044b\u0435_\
1000
u043b\u043e\u0442\u043a\u0438","source_project_id":"898ea8e86f4d","source_status":"partial prepared CAD: 45 of 47 external references embedded","street":"\u041a\u0443\u043b\u0438\u043a\u043e\u0432\u04
1000
41\u043a\u0430\u044f \u0443\u043b\u0438\u0446\u0430, \u041c\u043e\u0441\u043a\u0432\u0430","suggestion_confidence":"high"},"role":"asset","schema_version":1,"type_id":"net.tray"}
  0
LWPOLYLINE
  5
15B
330
17
100
AcDbEntity
  8
GC_DRAINAGE_TRAY
100
AcDbPolyline
 90
4
 70
1
 10
3977.1503063320115
 20
-10994.921981844318
 10
3976.9203575069523
 20
-10994.82388265751
 10
3977.116556013484
 20
-10994.363984684005
 10
3977.3464950934913
 20
-10994.462107350753
1001
GREENCAD_EDIT_V1
1000
{"geometry_role":"OUTER_CONTOUR","id":"kul-tray:000200:af625cd2de71","properties":{"missing_external_references":["\u0410\u0421\u0423_\u041e\u0414\u0421_\u041a\u0443\u043b\u0438\u043a\u043e\u0432\u044
1000
1\u043a\u0430\u044f","\u04407989_\u041a\u0443\u043b\u0438\u043a\u043e\u0432\u0441\u043a\u0430\u044f \u0443\u043b._\u043f\u0440\u043e\u0435\u043a\u0442"],"normative":false,"professional_confirmation":f
1000
alse,"semantic_authority":"project layer-name evidence for diagnostic testing only","semantic_basis":"explicit project layer name; advisory classification","source_currentness_confirmed":false,"source
1000
_entity_type":"LWPOLYLINE","source_file":"cad_candidate.flattened.r2010.dxf","source_layer":"\u0414\u0412_\u0413\u041f_\u041f_\u0412\u043e\u0434\u043e\u043e\u0442\u0432\u043e\u0434\u043d\u044b\u0435_\
1000
u043b\u043e\u0442\u043a\u0438","source_project_id":"898ea8e86f4d","source_status":"partial prepared CAD: 45 of 47 external references embedded","street":"\u041a\u0443\u043b\u0438\u043a\u043e\u0432\u04
1000
41\u043a\u0430\u044f \u0443\u043b\u0438\u0446\u0430, \u041c\u043e\u0441\u043a\u0432\u0430","suggestion_confidence":"high"},"role":"asset","schema_version":1,"type_id":"net.tray"}
  0
LWPOLYLINE
  5
15C
330
17
100
AcDbEntity
  8
GC_DRAINAGE_TRAY
100
AcDbPolyline
 90
4
 70
1
 10
3977.3465050685036
 20
-10994.462083968918
 10
3977.1165562434444
 20
-10994.36398478211
 10
3977.312754749976
 20
-10993.904086808605
 10
3977.5426938299834
 20
-10994.002209475353
1001
GREENCAD_EDIT_V1
1000
{"geometry_role":"OUTER_CONTOUR","id":"kul-tray:000201:cd55628b377e","properties":{"missing_external_references":["\u0410\u0421\u0423_\u041e\u0414\u0421_\u041a\u0443\u043b\u0438\u043a\u043e\u0432\u044
1000
1\u043a\u0430\u044f","\u04407989_\u041a\u0443\u043b\u0438\u043a\u043e\u0432\u0441\u043a\u0430\u044f \u0443\u043b._\u043f\u0440\u043e\u0435\u043a\u0442"],"normative":false,"professional_confirmation":f
1000
alse,"semantic_authority":"project layer-name evidence for diagnostic testing only","semantic_basis":"explicit project layer name; advisory classification","source_currentness_confirmed":false,"source
1000
_entity_type":"LWPOLYLINE","source_file":"cad_candidate.flattened.r2010.dxf","source_layer":"\u0414\u0412_\u0413\u041f_\u041f_\u0412\u043e\u0434\u043e\u043e\u0442\u0432\u043e\u0434\u043d\u044b\u0435_\
1000
u043b\u043e\u0442\u043a\u0438","source_project_id":"898ea8e86f4d","source_status":"partial prepared CAD: 45 of 47 external references embedded","street":"\u041a\u0443\u043b\u0438\u043a\u043e\u0432\u04
1000
41\u043a\u0430\u044f \u0443\u043b\u0438\u0446\u0430, \u041c\u043e\u0441\u043a\u0432\u0430","suggestion_confidence":"high"},"role":"asset","schema_version":1,"type_id":"net.tray"}
  0
LWPOLYLINE
  5
15D
330
17
100
AcDbEntity
  8
GC_DRAINAGE_TRAY
100
AcDbPolyline
 90
4
 70
1
 10
3977.5427038049957
 20
-10994.002186093516
 10
3977.3127549799365
 20
-10993.904086906708
 10
3977.5089534864683
 20
-10993.444188933203
 10
3977.7388925664754
 20
-10993.542311599951
1001
GREENCAD_EDIT_V1
1000
{"geometry_role":"OUTER_CONTOUR","id":"kul-tray:000202:837f7e83d094","properties":{"missing_external_references":["\u0410\u0421\u0423_\u041e\u0414\u0421_\u041a\u0443\u043b\u0438\u043a\u043e\u0432\u044
1000
1\u043a\u0430\u044f","\u04407989_\u041a\u0443\u043b\u0438\u043a\u043e\u0432\u0441\u043a\u0430\u044f \u0443\u043b._\u043f\u0440\u043e\u0435\u043a\u0442"],"normative":false,"professional_confirmation":f
1000
alse,"semantic_authority":"project layer-name evidence for diagnostic testing only","semantic_basis":"explicit project layer name; advisory classification","source_currentness_confirmed":false,"source
1000
_entity_type":"LWPOLYLINE","source_file":"cad_candidate.flattened.r2010.dxf","source_layer":"\u0414\u0412_\u0413\u041f_\u041f_\u0412\u043e\u0434\u043e\u043e\u0442\u0432\u043e\u0434\u043d\u044b\u0435_\
1000
u043b\u043e\u0442\u043a\u0438","source_project_id":"898ea8e86f4d","source_status":"partial prepared CAD: 45 of 47 external references embedded","street":"\u041a\u0443\u043b\u0438\u043a\u043e\u0432\u04
1000
41\u043a\u0430\u044f \u0443\u043b\u0438\u0446\u0430, \u041c\u043e\u0441\u043a\u0432\u0430","suggestion_confidence":"high"},"role":"asset","schema_version":1,"type_id":"net.tray"}
  0
LWPOLYLINE
  5
15E
330
17
100
AcDbEntity
  8
GC_DRAINAGE_TRAY
100
AcDbPolyline
 90
4
 70
1
 10
3977.7389025414877
 20
-10993.542288218114
 10
3977.5089537164286
 20
-10993.444189031306
 10
3977.7051522229604
 20
-10992.9842910578
 10
3977.9350913029675
 20
-10993.082413724549
1001
GREENCAD_EDIT_V1
1000
{"geometry_role":"OUTER_CONTOUR","id":"kul-tray:000203:6e1d2756a604","properties":{"missing_external_references":["\u0410\u0421\u0423_\u041e\u0414\u0421_\u041a\u0443\u043b\u0438\u043a\u043e\u0432\u044
1000
1\u043a\u0430\u044f","\u04407989_\u041a\u0443\u043b\u0438\u043a\u043e\u0432\u0441\u043a\u0430\u044f \u0443\u043b._\u043f\u0440\u043e\u0435\u043a\u0442"],"normative":false,"professional_confirmation":f
1000
alse,"semantic_authority":"project layer-name evidence for diagnostic testing only","semantic_basis":"explicit project layer name; advisory classification","source_currentness_confirmed":false,"source
1000
_entity_type":"LWPOLYLINE","source_file":"cad_candidate.flattened.r2010.dxf","source_layer":"\u0414\u0412_\u0413\u041f_\u041f_\u0412\u043e\u0434\u043e\u043e\u0442\u0432\u043e\u0434\u043d\u044b\u0435_\
1000
u043b\u043e\u0442\u043a\u0438","source_project_id":"898ea8e86f4d","source_status":"partial prepared CAD: 45 of 47 external references embedded","street":"\u041a\u0443\u043b\u0438\u043a\u043e\u0432\u04
1000
41\u043a\u0430\u044f \u0443\u043b\u0438\u0446\u0430, \u041c\u043e\u0441\u043a\u0432\u0430","suggestion_confidence":"high"},"role":"asset","schema_version":1,"type_id":"net.tray"}
  0
LWPOLYLINE
  5
15F
330
17
100
AcDbEntity
  8
GC_DRAINAGE_TRAY
100
AcDbPolyline
 90
4
 70
1
 10
3977.93510127798
 20
-10993.082390342712
 10
3977.7051524529206
 20
-10992.984291155904
 10
3977.9013509594524
 20
-10992.524393182399
 10
3978.1312900394596
 20
-10992.622515849147
1001
GREENCAD_EDIT_V1
1000
{"geometry_role":"OUTER_CONTOUR","id":"kul-tray:000204:dd0f4a69db7c","properties":{"missing_external_references":["\u0410\u0421\u0423_\u041e\u0414\u0421_\u041a\u0443\u043b\u0438\u043a\u043e\u0432\u044
1000
1\u043a\u0430\u044f","\u04407989_\u041a\u0443\u043b\u0438\u043a\u043e\u0432\u0441\u043a\u0430\u044f \u0443\u043b._\u043f\u0440\u043e\u0435\u043a\u0442"],"normative":false,"professional_confirmation":f
1000
alse,"semantic_authority":"project layer-name evidence for diagnostic testing only","semantic_basis":"explicit project layer name; advisory classification","source_currentness_confirmed":false,"source
1000
_entity_type":"LWPOLYLINE","source_file":"cad_candidate.flattened.r2010.dxf","source_layer":"\u0414\u0412_\u0413\u041f_\u041f_\u0412\u043e\u0434\u043e\u043e\u0442\u0432\u043e\u0434\u043d\u044b\u0435_\
1000
u043b\u043e\u0442\u043a\u0438","source_project_id":"898ea8e86f4d","source_status":"partial prepared CAD: 45 of 47 external references embedded","street":"\u041a\u0443\u043b\u0438\u043a\u043e\u0432\u04
1000
41\u043a\u0430\u044f \u0443\u043b\u0438\u0446\u0430, \u041c\u043e\u0441\u043a\u0432\u0430","suggestion_confidence":"high"},"role":"asset","schema_version":1,"type_id":"net.tray"}
  0
LWPOLYLINE
  5
160
330
17
100
AcDbEntity
  8
GC_DRAINAGE_TRAY
100
AcDbPolyline
 90
4
 70
1
 10
3978.131300014472
 20
-10992.62249246731
 10
3977.9013511894127
 20
-10992.524393280502
 10
3978.0975496959445
 20
-10992.064495306997
 10
3978.3274887759517
 20
-10992.162617973745
1001
GREENCAD_EDIT_V1
1000
{"geometry_role":"OUTER_CONTOUR","id":"kul-tray:000205:9c23ecfe873f","properties":{"missing_external_references":["\u0410\u0421\u0423_\u041e\u0414\u0421_\u041a\u0443\u043b\u0438\u043a\u043e\u0432\u044
1000
1\u043a\u0430\u044f","\u04407989_\u041a\u0443\u043b\u0438\u043a\u043e\u0432\u0441\u043a\u0430\u044f \u0443\u043b._\u043f\u0440\u043e\u0435\u043a\u0442"],"normative":false,"professional_confirmation":f
1000
alse,"semantic_authority":"project layer-name evidence for diagnostic testing only","semantic_basis":"explicit project layer name; advisory classification","source_currentness_confirmed":false,"source
1000
_entity_type":"LWPOLYLINE","source_file":"cad_candidate.flattened.r2010.dxf","source_layer":"\u0414\u0412_\u0413\u041f_\u041f_\u0412\u043e\u0434\u043e\u043e\u0442\u0432\u043e\u0434\u043d\u044b\u0435_\
1000
u043b\u043e\u0442\u043a\u0438","source_project_id":"898ea8e86f4d","source_status":"partial prepared CAD: 45 of 47 external references embedded","street":"\u041a\u0443\u043b\u0438\u043a\u043e\u0432\u04
1000
41\u043a\u0430\u044f \u0443\u043b\u0438\u0446\u0430, \u041c\u043e\u0441\u043a\u0432\u0430","suggestion_confidence":"high"},"role":"asset","schema_version":1,"type_id":"net.tray"}
  0
LWPOLYLINE
  5
161
330
17
100
AcDbEntity
  8
GC_DRAINAGE_TRAY
100
AcDbPolyline
 90
4
 70
1
 10
3978.327498750964
 20
-10992.16259459191
 10
3978.097549925905
 20
-10992.064495405102
 10
3978.2937484324366
 20
-10991.604597431597
 10
3978.5236875124438
 20
-10991.702720098345
1001
GREENCAD_EDIT_V1
1000
{"geometry_role":"OUTER_CONTOUR","id":"kul-tray:000206:2d34716fcb45","properties":{"missing_external_references":["\u0410\u0421\u0423_\u041e\u0414\u0421_\u041a\u0443\u043b\u0438\u043a\u043e\u0432\u044
1000
1\u043a\u0430\u044f","\u04407989_\u041a\u0443\u043b\u0438\u043a\u043e\u0432\u0441\u043a\u0430\u044f \u0443\u043b._\u043f\u0440\u043e\u0435\u043a\u0442"],"normative":false,"professional_confirmation":f
1000
alse,"semantic_authority":"project layer-name evidence for diagnostic testing only","semantic_basis":"explicit project layer name; advisory classification","source_currentness_confirmed":false,"source
1000
_entity_type":"LWPOLYLINE","source_file":"cad_candidate.flattened.r2010.dxf","source_layer":"\u0414\u0412_\u0413\u041f_\u041f_\u0412\u043e\u0434\u043e\u043e\u0442\u0432\u043e\u0434\u043d\u044b\u0435_\
1000
u043b\u043e\u0442\u043a\u0438","source_project_id":"898ea8e86f4d","source_status":"partial prepared CAD: 45 of 47 external references embedded","street":"\u041a\u0443\u043b\u0438\u043a\u043e\u0432\u04
1000
41\u043a\u0430\u044f \u0443\u043b\u0438\u0446\u0430, \u041c\u043e\u0441\u043a\u0432\u0430","suggestion_confidence":"high"},"role":"asset","schema_version":1,"type_id":"net.tray"}
  0
LWPOLYLINE
  5
162
330
17
100
AcDbEntity
  8
GC_DRAINAGE_TRAY
100
AcDbPolyline
 90
4
 70
1
 10
3978.523697487456
 20
-10991.702696716507
 10
3978.293748662397
 20
-10991.6045975297
 10
3978.4899471689287
 20
-10991.144699556195
 10
3978.719886248936
 20
-10991.242822222943
1001
GREENCAD_EDIT_V1
1000
{"geometry_role":"OUTER_CONTOUR","id":"kul-tray:000207:68d4bed3c44f","properties":{"missing_external_references":["\u0410\u0421\u0423_\u041e\u0414\u0421_\u041a\u0443\u043b\u0438\u043a\u043e\u0432\u044
1000
1\u043a\u0430\u044f","\u04407989_\u041a\u0443\u043b\u0438\u043a\u043e\u0432\u0441\u043a\u0430\u044f \u0443\u043b._\u043f\u0440\u043e\u0435\u043a\u0442"],"normative":false,"professional_confirmation":f
1000
alse,"semantic_authority":"project layer-name evidence for diagnostic testing only","semantic_basis":"explicit project layer name; advisory classification","source_currentness_confirmed":false,"source
1000
_entity_type":"LWPOLYLINE","source_file":"cad_candidate.flattened.r2010.dxf","source_layer":"\u0414\u0412_\u0413\u041f_\u041f_\u0412\u043e\u0434\u043e\u043e\u0442\u0432\u043e\u0434\u043d\u044b\u0435_\
1000
u043b\u043e\u0442\u043a\u0438","source_project_id":"898ea8e86f4d","source_status":"partial prepared CAD: 45 of 47 external references embedded","street":"\u041a\u0443\u043b\u0438\u043a\u043e\u0432\u04
1000
41\u043a\u0430\u044f \u0443\u043b\u0438\u0446\u0430, \u041c\u043e\u0441\u043a\u0432\u0430","suggestion_confidence":"high"},"role":"asset","schema_version":1,"type_id":"net.tray"}
  0
LWPOLYLINE
  5
163
330
17
100
AcDbEntity
  8
GC_DRAINAGE_TRAY
100
AcDbPolyline
 90
4
 70
1
 10
3978.719896223948
 20
-10991.242798841105
 10
3978.489947398889
 20
-10991.144699654298
 10
3978.6861459054207
 20
-10990.684801680793
 10
3978.916084985428
 20
-10990.78292434754
1001
GREENCAD_EDIT_V1
1000
{"geometry_role":"OUTER_CONTOUR","id":"kul-tray:000208:6aa9bbbf4222","properties":{"missing_external_references":["\u0410\u0421\u0423_\u041e\u0414\u0421_\u041a\u0443\u043b\u0438\u043a\u043e\u0432\u044
1000
1\u043a\u0430\u044f","\u04407989_\u041a\u0443\u043b\u0438\u043a\u043e\u0432\u0441\u043a\u0430\u044f \u0443\u043b._\u043f\u0440\u043e\u0435\u043a\u0442"],"normative":false,"professional_confirmation":f
1000
alse,"semantic_authority":"project layer-name evidence for diagnostic testing only","semantic_basis":"explicit project layer name; advisory classification","source_currentness_confirmed":false,"source
1000
_entity_type":"LWPOLYLINE","source_file":"cad_candidate.flattened.r2010.dxf","source_layer":"\u0414\u0412_\u0413\u041f_\u041f_\u0412\u043e\u0434\u043e\u043e\u0442\u0432\u043e\u0434\u043d\u044b\u0435_\
1000
u043b\u043e\u0442\u043a\u0438","source_project_id":"898ea8e86f4d","source_status":"partial prepared CAD: 45 of 47 external references embedded","street":"\u041a\u0443\u043b\u0438\u043a\u043e\u0432\u04
1000
41\u043a\u0430\u044f \u0443\u043b\u0438\u0446\u0430, \u041c\u043e\u0441\u043a\u0432\u0430","suggestion_confidence":"high"},"role":"asset","schema_version":1,"type_id":"net.tray"}
  0
LWPOLYLINE
  5
164
330
17
100
AcDbEntity
  8
GC_DRAINAGE_TRAY
100
AcDbPolyline
 90
4
 70
1
 10
3978.9160949604398
 20
-10990.782900965703
 10
3978.6861461353806
 20
-10990.684801778896
 10
3978.8823446419124
 20
-10990.22490380539
 10
3979.1122837219195
 20
-10990.323026472139
1001
GREENCAD_EDIT_V1
1000
{"geometry_role":"OUTER_CONTOUR","id":"kul-tray:000209:670d066ec9b6","properties":{"missing_external_references":["\u0410\u0421\u0423_\u041e\u0414\u0421_\u041a\u0443\u043b\u0438\u043a\u043e\u0432\u044
1000
1\u043a\u0430\u044f","\u04407989_\u041a\u0443\u043b\u0438\u043a\u043e\u0432\u0441\u043a\u0430\u044f \u0443\u043b._\u043f\u0440\u043e\u0435\u043a\u0442"],"normative":false,"professional_confirmation":f
1000
alse,"semantic_authority":"project layer-name evidence for diagnostic testing only","semantic_basis":"explicit project layer name; advisory classification","source_currentness_confirmed":false,"source
1000
_entity_type":"LWPOLYLINE","source_file":"cad_candidate.flattened.r2010.dxf","source_layer":"\u0414\u0412_\u0413\u041f_\u041f_\u0412\u043e\u0434\u043e\u043e\u0442\u0432\u043e\u0434\u043d\u044b\u0435_\
1000
u043b\u043e\u0442\u043a\u0438","source_project_id":"898ea8e86f4d","source_status":"partial prepared CAD: 45 of 47 external references embedded","street":"\u041a\u0443\u043b\u0438\u043a\u043e\u0432\u04
1000
41\u043a\u0430\u044f \u0443\u043b\u0438\u0446\u0430, \u041c\u043e\u0441\u043a\u0432\u0430","suggestion_confidence":"high"},"role":"asset","schema_version":1,"type_id":"net.tray"}
  0
LWPOLYLINE
  5
165
330
17
100
AcDbEntity
  8
GC_DRAINAGE_TRAY
100
AcDbPolyline
 90
2
 70
0
 10
3942.030732499935
 20
-11077.24370154121
 10
3978.916094960436
 20
-10990.78290096572
1001
GREENCAD_EDIT_V1
1000
{"geometry_role":"AXIS","id":"kul-tray:000210:94fc02aacbfb","properties":{"missing_external_references":["\u0410\u0421\u0423_\u041e\u0414\u0421_\u041a\u0443\u043b\u0438\u043a\u043e\u0432\u0441\u043a\u
1000
0430\u044f","\u04407989_\u041a\u0443\u043b\u0438\u043a\u043e\u0432\u0441\u043a\u0430\u044f \u0443\u043b._\u043f\u0440\u043e\u0435\u043a\u0442"],"normative":false,"professional_confirmation":false,"sem
1000
antic_authority":"project layer-name evidence for diagnostic testing only","semantic_basis":"explicit project layer name; advisory classification","source_currentness_confirmed":false,"source_entity_t
1000
ype":"LWPOLYLINE","source_file":"cad_candidate.flattened.r2010.dxf","source_layer":"\u0414\u0412_\u0413\u041f_\u041f_\u0412\u043e\u0434\u043e\u043e\u0442\u0432\u043e\u0434\u043d\u044b\u0435_\u043b\u04
1000
3e\u0442\u043a\u0438","source_project_id":"898ea8e86f4d","source_status":"partial prepared CAD: 45 of 47 external references embedded","street":"\u041a\u0443\u043b\u0438\u043a\u043e\u0432\u0441\u043a\
1000
u0430\u044f \u0443\u043b\u0438\u0446\u0430, \u041c\u043e\u0441\u043a\u0432\u0430","suggestion_confidence":"high"},"role":"asset","schema_version":1,"type_id":"net.tray"}
  0
LWPOLYLINE
  5
166
330
17
100
AcDbEntity
  8
GC_DRAINAGE_TRAY
100
AcDbPolyline
 90
4
 70
1
 10
3942.0093290716786
 20
-11077.234570557797
 10
3942.1027894582858
 20
-11077.00269759962
 10
3942.566535700631
 20
-11077.18961849923
 10
3942.4730516430704
 20
-11077.421482185964
1001
GREENCAD_EDIT_V1
1000
{"geometry_role":"OUTER_CONTOUR","id":"kul-tray:000211:968c090e2a92","properties":{"missing_external_references":["\u0410\u0421\u0423_\u041e\u0414\u0421_\u041a\u0443\u043b\u0438\u043a\u043e\u0432\u044
1000
1\u043a\u0430\u044f","\u04407989_\u041a\u0443\u043b\u0438\u043a\u043e\u0432\u0441\u043a\u0430\u044f \u0443\u043b._\u043f\u0440\u043e\u0435\u043a\u0442"],"normative":false,"professional_confirmation":f
1000
alse,"semantic_authority":"project layer-name evidence for diagnostic testing only","semantic_basis":"explicit project layer name; advisory classification","source_currentness_confirmed":false,"source
1000
_entity_type":"LWPOLYLINE","source_file":"cad_candidate.flattened.r2010.dxf","source_layer":"\u0414\u0412_\u0413\u041f_\u041f_\u0412\u043e\u0434\u043e\u043e\u0442\u0432\u043e\u0434\u043d\u044b\u0435_\
1000
u043b\u043e\u0442\u043a\u0438","source_project_id":"898ea8e86f4d","source_status":"partial prepared CAD: 45 of 47 external references embedded","street":"\u041a\u0443\u043b\u0438\u043a\u043e\u0432\u04
1000
41\u043a\u0430\u044f \u0443\u043b\u0438\u0446\u0430, \u041c\u043e\u0441\u043a\u0432\u0430","suggestion_confidence":"high"},"role":"asset","schema_version":1,"type_id":"net.tray"}
  0
LWPOLYLINE
  5
167
330
17
100
AcDbEntity
  8
GC_DRAINAGE_TRAY
100
AcDbPolyline
 90
4
 70
1
 10
3942.4730752205587
 20
-11077.42149168929
 10
3942.566535607166
 20
-11077.189618731114
 10
3943.030281849511
 20
-11077.376539630723
 10
3942.9367977919505
 20
-11077.608403317457
1001
GREENCAD_EDIT_V1
1000
{"geometry_role":"OUTER_CONTOUR","id":"kul-tray:000212:755f7ee61ad6","properties":{"missing_external_references":["\u0410\u0421\u0423_\u041e\u0414\u0421_\u041a\u0443\u043b\u0438\u043a\u043e\u0432\u044
1000
1\u043a\u0430\u044f","\u04407989_\u041a\u0443\u043b\u0438\u043a\u043e\u0432\u0441\u043a\u0430\u044f \u0443\u043b._\u043f\u0440\u043e\u0435\u043a\u0442"],"normative":false,"professional_confirmation":f
1000
alse,"semantic_authority":"project layer-name evidence for diagnostic testing only","semantic_basis":"explicit project layer name; advisory classification","source_currentness_confirmed":false,"source
1000
_entity_type":"LWPOLYLINE","source_file":"cad_candidate.flattened.r2010.dxf","source_layer":"\u0414\u0412_\u0413\u041f_\u041f_\u0412\u043e\u0434\u043e\u043e\u0442\u0432\u043e\u0434\u043d\u044b\u0435_\
1000
u043b\u043e\u0442\u043a\u0438","source_project_id":"898ea8e86f4d","source_status":"partial prepared CAD: 45 of 47 external references embedded","street":"\u041a\u0443\u043b\u0438\u043a\u043e\u0432\u04
1000
41\u043a\u0430\u044f \u0443\u043b\u0438\u0446\u0430, \u041c\u043e\u0441\u043a\u0432\u0430","suggestion_confidence":"high"},"role":"asset","schema_version":1,"type_id":"net.tray"}
  0
LWPOLYLINE
  5
168
330
17
100
AcDbEntity
  8
GC_DRAINAGE_TRAY
100
AcDbPolyline
 90
4
 70
1
 10
3942.9368213694393
 20
-11077.608412820784
 10
3943.0302817560464
 20
-11077.376539862607
 10
3943.4940279983916
 20
-11077.563460762216
 10
3943.400543940831
 20
-11077.79532444895
1001
GREENCAD_EDIT_V1
1000
{"geometry_role":"OUTER_CONTOUR","id":"kul-tray:000213:6d1d1d86460f","properties":{"missing_external_references":["\u0410\u0421\u0423_\u041e\u0414\u0421_\u041a\u0443\u043b\u0438\u043a\u043e\u0432\u044
1000
1\u043a\u0430\u044f","\u04407989_\u041a\u0443\u043b\u0438\u043a\u043e\u0432\u0441\u043a\u0430\u044f \u0443\u043b._\u043f\u0440\u043e\u0435\u043a\u0442"],"normative":false,"professional_confirmation":f
1000
alse,"semantic_authority":"project layer-name evidence for diagnostic testing only","semantic_basis":"explicit project layer name; advisory classification","source_currentness_confirmed":false,"source
1000
_entity_type":"LWPOLYLINE","source_file":"cad_candidate.flattened.r2010.dxf","source_layer":"\u0414\u0412_\u0413\u041f_\u041f_\u0412\u043e\u0434\u043e\u043e\u0442\u0432\u043e\u0434\u043d\u044b\u0435_\
1000
u043b\u043e\u0442\u043a\u0438","source_project_id":"898ea8e86f4d","source_status":"partial prepared CAD: 45 of 47 external references embedded","street":"\u041a\u0443\u043b\u0438\u043a\u043e\u0432\u04
1000
41\u043a\u0430\u044f \u0443\u043b\u0438\u0446\u0430, \u041c\u043e\u0441\u043a\u0432\u0430","suggestion_confidence":"high"},"role":"asset","schema_version":1,"type_id":"net.tray"}
  0
LWPOLYLINE
  5
169
330
17
100
AcDbEntity
  8
GC_DRAINAGE_TRAY
100
AcDbPolyline
 90
4
 70
1
 10
3943.40056751832
 20
-11077.795333952276
 10
3943.494027904927
 20
-11077.563460994099
 10
3943.957774147272
 20
-11077.750381893708
 10
3943.8642900897116
 20
-11077.982245580442
1001
GREENCAD_EDIT_V1
1000
{"geometry_role":"OUTER_CONTOUR","id":"kul-tray:000214:92c34f663029","properties":{"missing_external_references":["\u0410\u0421\u0423_\u041e\u0414\u0421_\u041a\u0443\u043b\u0438\u043a\u043e\u0432\u044
1000
1\u043a\u0430\u044f","\u04407989_\u041a\u0443\u043b\u0438\u043a\u043e\u0432\u0441\u043a\u0430\u044f \u0443\u043b._\u043f\u0440\u043e\u0435\u043a\u0442"],"normative":false,"professional_confirmation":f
1000
alse,"semantic_authority":"project layer-name evidence for diagnostic testing only","semantic_basis":"explicit project layer name; advisory classification","source_currentness_confirmed":false,"source
1000
_entity_type":"LWPOLYLINE","source_file":"cad_candidate.flattened.r2010.dxf","source_layer":"\u0414\u0412_\u0413\u041f_\u041f_\u0412\u043e\u0434\u043e\u043e\u0442\u0432\u043e\u0434\u043d\u044b\u0435_\
1000
u043b\u043e\u0442\u043a\u0438","source_project_id":"898ea8e86f4d","source_status":"partial prepared CAD: 45 of 47 external references embedded","street":"\u041a\u0443\u043b\u0438\u043a\u043e\u0432\u04
1000
41\u043a\u0430\u044f \u0443\u043b\u0438\u0446\u0430, \u041c\u043e\u0441\u043a\u0432\u0430","suggestion_confidence":"high"},"role":"asset","schema_version":1,"type_id":"net.tray"}
  0
LWPOLYLINE
  5
16A
330
17
100
AcDbEntity
  8
GC_DRAINAGE_TRAY
100
AcDbPolyline
 90
4
 70
1
 10
3943.8643136672003
 20
-11077.982255083769
 10
3943.9577740538075
 20
-11077.750382125592
 10
3944.4215202961527
 20
-11077.9373030252
 10
3944.328036238592
 20
-11078.169166711936
1001
GREENCAD_EDIT_V1
1000
{"geometry_role":"OUTER_CONTOUR","id":"kul-tray:000215:47947e9ea91e","properties":{"missing_external_references":["\u0410\u0421\u0423_\u041e\u0414\u0421_\u041a\u0443\u043b\u0438\u043a\u043e\u0432\u044
1000
1\u043a\u0430\u044f","\u04407989_\u041a\u0443\u043b\u0438\u043a\u043e\u0432\u0441\u043a\u0430\u044f \u0443\u043b._\u043f\u0440\u043e\u0435\u043a\u0442"],"normative":false,"professional_confirmation":f
1000
alse,"semantic_authority":"project layer-name evidence for diagnostic testing only","semantic_basis":"explicit project layer name; advisory classification","source_currentness_confirmed":false,"source
1000
_entity_type":"LWPOLYLINE","source_file":"cad_candidate.flattened.r2010.dxf","source_layer":"\u0414\u0412_\u0413\u041f_\u041f_\u0412\u043e\u0434\u043e\u043e\u0442\u0432\u043e\u0434\u043d\u044b\u0435_\
1000
u043b\u043e\u0442\u043a\u0438","source_project_id":"898ea8e86f4d","source_status":"partial prepared CAD: 45 of 47 external references embedded","street":"\u041a\u0443\u043b\u0438\u043a\u043e\u0432\u04
1000
41\u043a\u0430\u044f \u0443\u043b\u0438\u0446\u0430, \u041c\u043e\u0441\u043a\u0432\u0430","suggestion_confidence":"high"},"role":"asset","schema_version":1,"type_id":"net.tray"}
  0
LWPOLYLINE
  5
16B
330
17
100
AcDbEntity
  8
GC_DRAINAGE_TRAY
100
AcDbPolyline
 90
4
 70
1
 10
3944.328059816081
 20
-11078.169176215262
 10
3944.421520202688
 20
-11077.937303257086
 10
3944.8852664450333
 20
-11078.124224156694
 10
3944.7917823874727
 20
-11078.35608784343
1001
GREENCAD_EDIT_V1
1000
{"geometry_role":"OUTER_CONTOUR","id":"kul-tray:000216:c49ee9bca491","properties":{"missing_external_references":["\u0410\u0421\u0423_\u041e\u0414\u0421_\u041a\u0443\u043b\u0438\u043a\u043e\u0432\u044
1000
1\u043a\u0430\u044f","\u04407989_\u041a\u0443\u043b\u0438\u043a\u043e\u0432\u0441\u043a\u0430\u044f \u0443\u043b._\u043f\u0440\u043e\u0435\u043a\u0442"],"normative":false,"professional_confirmation":f
1000
alse,"semantic_authority":"project layer-name evidence for diagnostic testing only","semantic_basis":"explicit project layer name; advisory classification","source_currentness_confirmed":false,"source
1000
_entity_type":"LWPOLYLINE","source_file":"cad_candidate.flattened.r2010.dxf","source_layer":"\u0414\u0412_\u0413\u041f_\u041f_\u0412\u043e\u0434\u043e\u043e\u0442\u0432\u043e\u0434\u043d\u044b\u0435_\
1000
u043b\u043e\u0442\u043a\u0438","source_project_id":"898ea8e86f4d","source_status":"partial prepared CAD: 45 of 47 external references embedded","street":"\u041a\u0443\u043b\u0438\u043a\u043e\u0432\u04
1000
41\u043a\u0430\u044f \u0443\u043b\u0438\u0446\u0430, \u041c\u043e\u0441\u043a\u0432\u0430","suggestion_confidence":"high"},"role":"asset","schema_version":1,"type_id":"net.tray"}
  0
LWPOLYLINE
  5
16C
330
17
100
AcDbEntity
  8
GC_DRAINAGE_TRAY
100
AcDbPolyline
 90
4
 70
1
 10
3944.7918059649614
 20
-11078.356097346754
 10
3944.8852663515686
 20
-11078.124224388577
 10
3945.349012593914
 20
-11078.311145288186
 10
3945.2555285363533
 20
-11078.54300897492
1001
GREENCAD_EDIT_V1
1000
{"geometry_role":"OUTER_CONTOUR","id":"kul-tray:000217:8302e734c1c6","properties":{"missing_external_references":["\u0410\u0421\u0423_\u041e\u0414\u0421_\u041a\u0443\u043b\u0438\u043a\u043e\u0432\u044
1000
1\u043a\u0430\u044f","\u04407989_\u041a\u0443\u043b\u0438\u043a\u043e\u0432\u0441\u043a\u0430\u044f \u0443\u043b._\u043f\u0440\u043e\u0435\u043a\u0442"],"normative":false,"professional_confirmation":f
1000
alse,"semantic_authority":"project layer-name evidence for diagnostic testing only","semantic_basis":"explicit project layer name; advisory classification","source_currentness_confirmed":false,"source
1000
_entity_type":"LWPOLYLINE","source_file":"cad_candidate.flattened.r2010.dxf","source_layer":"\u0414\u0412_\u0413\u041f_\u041f_\u0412\u043e\u0434\u043e\u043e\u0442\u0432\u043e\u0434\u043d\u044b\u0435_\
1000
u043b\u043e\u0442\u043a\u0438","source_project_id":"898ea8e86f4d","source_status":"partial prepared CAD: 45 of 47 external references embedded","street":"\u041a\u0443\u043b\u0438\u043a\u043e\u0432\u04
1000
41\u043a\u0430\u044f \u0443\u043b\u0438\u0446\u0430, \u041c\u043e\u0441\u043a\u0432\u0430","suggestion_confidence":"high"},"role":"asset","schema_version":1,"type_id":"net.tray"}
  0
LWPOLYLINE
  5
16D
330
17
100
AcDbEntity
  8
GC_DRAINAGE_TRAY
100
AcDbPolyline
 90
4
 70
1
 10
3945.255552113842
 20
-11078.543018478247
 10
3945.349012500449
 20
-11078.31114552007
 10
3945.8127587427944
 20
-11078.49806641968
 10
3945.719274685234
 20
-11078.729930106414
1001
GREENCAD_EDIT_V1
1000
{"geometry_role":"OUTER_CONTOUR","id":"kul-tray:000218:99d999d855a6","properties":{"missing_external_references":["\u0410\u0421\u0423_\u041e\u0414\u0421_\u041a\u0443\u043b\u0438\u043a\u043e\u0432\u044
1000
1\u043a\u0430\u044f","\u04407989_\u041a\u0443\u043b\u0438\u043a\u043e\u0432\u0441\u043a\u0430\u044f \u0443\u043b._\u043f\u0440\u043e\u0435\u043a\u0442"],"normative":false,"professional_confirmation":f
1000
alse,"semantic_authority":"project layer-name evidence for diagnostic testing only","semantic_basis":"explicit project layer name; advisory classification","source_currentness_confirmed":false,"source
1000
_entity_type":"LWPOLYLINE","source_file":"cad_candidate.flattened.r2010.dxf","source_layer":"\u0414\u0412_\u0413\u041f_\u041f_\u0412\u043e\u0434\u043e\u043e\u0442\u0432\u043e\u0434\u043d\u044b\u0435_\
1000
u043b\u043e\u0442\u043a\u0438","source_project_id":"898ea8e86f4d","source_status":"partial prepared CAD: 45 of 47 external references embedded","street":"\u041a\u0443\u043b\u0438\u043a\u043e\u0432\u04
1000
41\u043a\u0430\u044f \u0443\u043b\u0438\u0446\u0430, \u041c\u043e\u0441\u043a\u0432\u0430","suggestion_confidence":"high"},"role":"asset","schema_version":1,"type_id":"net.tray"}
  0
LWPOLYLINE
  5
16E
330
17
100
AcDbEntity
  8
GC_DRAINAGE_TRAY
100
AcDbPolyline
 90
2
 70
0
 10
3942.009329071678
 20
-11077.2345705578
 10
3945.708230787216
 20
-11078.72547866694
1001
GREENCAD_EDIT_V1
1000
{"geometry_role":"AXIS","id":"kul-tray:000219:76098a1c6fe6","properties":{"missing_external_references":["\u0410\u0421\u0423_\u041e\u0414\u0421_\u041a\u0443\u043b\u0438\u043a\u043e\u0432\u0441\u043a\u
1000
0430\u044f","\u04407989_\u041a\u0443\u043b\u0438\u043a\u043e\u0432\u0441\u043a\u0430\u044f \u0443\u043b._\u043f\u0440\u043e\u0435\u043a\u0442"],"normative":false,"professional_confirmation":false,"sem
1000
antic_authority":"project layer-name evidence for diagnostic testing only","semantic_basis":"explicit project layer name; advisory classification","source_currentness_confirmed":false,"source_entity_t
1000
ype":"LWPOLYLINE","source_file":"cad_candidate.flattened.r2010.dxf","source_layer":"\u0414\u0412_\u0413\u041f_\u041f_\u0412\u043e\u0434\u043e\u043e\u0442\u0432\u043e\u0434\u043d\u044b\u0435_\u043b\u04
1000
3e\u0442\u043a\u0438","source_project_id":"898ea8e86f4d","source_status":"partial prepared CAD: 45 of 47 external references embedded","street":"\u041a\u0443\u043b\u0438\u043a\u043e\u0432\u0441\u043a\
1000
u0430\u044f \u0443\u043b\u0438\u0446\u0430, \u041c\u043e\u0441\u043a\u0432\u0430","suggestion_confidence":"high"},"role":"asset","schema_version":1,"type_id":"net.tray"}
  0
LWPOLYLINE
  5
16F
330
17
100
AcDbEntity
  8
GC_DRAINAGE_TRAY
100
AcDbPolyline
 90
4
 70
1
 10
3978.8837237691755
 20
-10990.568827965308
 10
3978.986057578099
 20
-10990.34073214301
 10
3979.442249543569
 20
-10990.54539989973
 10
3979.339892438888
 20
-10990.773485544534
1001
GREENCAD_EDIT_V1
1000
{"geometry_role":"OUTER_CONTOUR","id":"kul-tray:000220:89b3ee31d67c","properties":{"missing_external_references":["\u0410\u0421\u0423_\u041e\u0414\u0421_\u041a\u0443\u043b\u0438\u043a\u043e\u0432\u044
1000
1\u043a\u0430\u044f","\u04407989_\u041a\u0443\u043b\u0438\u043a\u043e\u0432\u0441\u043a\u0430\u044f \u0443\u043b._\u043f\u0440\u043e\u0435\u043a\u0442"],"normative":false,"professional_confirmation":f
1000
alse,"semantic_authority":"project layer-name evidence for diagnostic testing only","semantic_basis":"explicit project layer name; advisory classification","source_currentness_confirmed":false,"source
1000
_entity_type":"LWPOLYLINE","source_file":"cad_candidate.flattened.r2010.dxf","source_layer":"\u0414\u0412_\u0413\u041f_\u041f_\u0412\u043e\u0434\u043e\u043e\u0442\u0432\u043e\u0434\u043d\u044b\u0435_\
1000
u043b\u043e\u0442\u043a\u0438","source_project_id":"898ea8e86f4d","source_status":"partial prepared CAD: 45 of 47 external references embedded","street":"\u041a\u0443\u043b\u0438\u043a\u043e\u0432\u04
1000
41\u043a\u0430\u044f \u0443\u043b\u0438\u0446\u0430, \u041c\u043e\u0441\u043a\u0432\u0430","suggestion_confidence":"high"},"role":"asset","schema_version":1,"type_id":"net.tray"}
  0
LWPOLYLINE
  5
170
330
17
100
AcDbEntity
  8
GC_DRAINAGE_TRAY
100
AcDbPolyline
 90
4
 70
1
 10
3979.3399156323067
 20
-10990.773495950136
 10
3979.44224944123
 20
-10990.545400127838
 10
3979.8984414067
 20
-10990.750067884557
 10
3979.796084302019
 20
-10990.978153529362
1001
GREENCAD_EDIT_V1
1000
{"geometry_role":"OUTER_CONTOUR","id":"kul-tray:000221:7bd65c3dd6cd","properties":{"missing_external_references":["\u0410\u0421\u0423_\u041e\u0414\u0421_\u041a\u0443\u043b\u0438\u043a\u043e\u0432\u044
1000
1\u043a\u0430\u044f","\u04407989_\u041a\u0443\u043b\u0438\u043a\u043e\u0432\u0441\u043a\u0430\u044f \u0443\u043b._\u043f\u0440\u043e\u0435\u043a\u0442"],"normative":false,"professional_confirmation":f
1000
alse,"semantic_authority":"project layer-name evidence for diagnostic testing only","semantic_basis":"explicit project layer name; advisory classification","source_currentness_confirmed":false,"source
1000
_entity_type":"LWPOLYLINE","source_file":"cad_candidate.flattened.r2010.dxf","source_layer":"\u0414\u0412_\u0413\u041f_\u041f_\u0412\u043e\u0434\u043e\u043e\u0442\u0432\u043e\u0434\u043d\u044b\u0435_\
1000
u043b\u043e\u0442\u043a\u0438","source_project_id":"898ea8e86f4d","source_status":"partial prepared CAD: 45 of 47 external references embedded","street":"\u041a\u0443\u043b\u0438\u043a\u043e\u0432\u04
1000
41\u043a\u0430\u044f \u0443\u043b\u0438\u0446\u0430, \u041c\u043e\u0441\u043a\u0432\u0430","suggestion_confidence":"high"},"role":"asset","schema_version":1,"type_id":"net.tray"}
  0
LWPOLYLINE
  5
171
330
17
100
AcDbEntity
  8
GC_DRAINAGE_TRAY
100
AcDbPolyline
 90
4
 70
1
 10
3979.7961074954374
 20
-10990.978163934962
 10
3979.898441304361
 20
-10990.750068112664
 10
3980.3546332698306
 20
-10990.954735869384
 10
3980.25227616515
 20
-10991.182821514189
1001
GREENCAD_EDIT_V1
1000
{"geometry_role":"OUTER_CONTOUR","id":"kul-tray:000222:9361a8ba4755","properties":{"missing_external_references":["\u0410\u0421\u0423_\u041e\u0414\u0421_\u041a\u0443\u043b\u0438\u043a\u043e\u0432\u044
1000
1\u043a\u0430\u044f","\u04407989_\u041a\u0443\u043b\u0438\u043a\u043e\u0432\u0441\u043a\u0430\u044f \u0443\u043b._\u043f\u0440\u043e\u0435\u043a\u0442"],"normative":false,"professional_confirmation":f
1000
alse,"semantic_authority":"project layer-name evidence for diagnostic testing only","semantic_basis":"explicit project layer name; advisory classification","source_currentness_confirmed":false,"source
1000
_entity_type":"LWPOLYLINE","source_file":"cad_candidate.flattened.r2010.dxf","source_layer":"\u0414\u0412_\u0413\u041f_\u041f_\u0412\u043e\u0434\u043e\u043e\u0442\u0432\u043e\u0434\u043d\u044b\u0435_\
1000
u043b\u043e\u0442\u043a\u0438","source_project_id":"898ea8e86f4d","source_status":"partial prepared CAD: 45 of 47 external references embedded","street":"\u041a\u0443\u043b\u0438\u043a\u043e\u0432\u04
1000
41\u043a\u0430\u044f \u0443\u043b\u0438\u0446\u0430, \u041c\u043e\u0441\u043a\u0432\u0430","suggestion_confidence":"high"},"role":"asset","schema_version":1,"type_id":"net.tray"}
  0
LWPOLYLINE
  5
172
330
17
100
AcDbEntity
  8
GC_DRAINAGE_TRAY
100
AcDbPolyline
 90
4
 70
1
 10
3980.2522993585685
 20
-10991.182831919788
 10
3980.354633167492
 20
-10990.95473609749
 10
3980.810825132962
 20
-10991.15940385421
 10
3980.708468028281
 20
-10991.387489499015
1001
GREENCAD_EDIT_V1
1000
{"geometry_role":"OUTER_CONTOUR","id":"kul-tray:000223:2086eea6e464","properties":{"missing_external_references":["\u0410\u0421\u0423_\u041e\u0414\u0421_\u041a\u0443\u043b\u0438\u043a\u043e\u0432\u044
1000
1\u043a\u0430\u044f","\u04407989_\u041a\u0443\u043b\u0438\u043a\u043e\u0432\u0441\u043a\u0430\u044f \u0443\u043b._\u043f\u0440\u043e\u0435\u043a\u0442"],"normative":false,"professional_confirmation":f
1000
alse,"semantic_authority":"project layer-name evidence for diagnostic testing only","semantic_basis":"explicit project layer name; advisory classification","source_currentness_confirmed":false,"source
1000
_entity_type":"LWPOLYLINE","source_file":"cad_candidate.flattened.r2010.dxf","source_layer":"\u0414\u0412_\u0413\u041f_\u041f_\u0412\u043e\u0434\u043e\u043e\u0442\u0432\u043e\u0434\u043d\u044b\u0435_\
1000
u043b\u043e\u0442\u043a\u0438","source_project_id":"898ea8e86f4d","source_status":"partial prepared CAD: 45 of 47 external references embedded","street":"\u041a\u0443\u043b\u0438\u043a\u043e\u0432\u04
1000
41\u043a\u0430\u044f \u0443\u043b\u0438\u0446\u0430, \u041c\u043e\u0441\u043a\u0432\u0430","suggestion_confidence":"high"},"role":"asset","schema_version":1,"type_id":"net.tray"}
  0
LWPOLYLINE
  5
173
330
17
100
AcDbEntity
  8
GC_DRAINAGE_TRAY
100
AcDbPolyline
 90
4
 70
1
 10
3980.7084912216997
 20
-10991.387499904617
 10
3980.810825030623
 20
-10991.159404082318
 10
3981.267016996093
 20
-10991.364071839038
 10
3981.164659891412
 20
-10991.592157483843
1001
GREENCAD_EDIT_V1
1000
{"geometry_role":"OUTER_CONTOUR","id":"kul-tray:000224:fcba04c76413","properties":{"missing_external_references":["\u0410\u0421\u0423_\u041e\u0414\u0421_\u041a\u0443\u043b\u0438\u043a\u043e\u0432\u044
1000
1\u043a\u0430\u044f","\u04407989_\u041a\u0443\u043b\u0438\u043a\u043e\u0432\u0441\u043a\u0430\u044f \u0443\u043b._\u043f\u0440\u043e\u0435\u043a\u0442"],"normative":false,"professional_confirmation":f
1000
alse,"semantic_authority":"project layer-name evidence for diagnostic testing only","semantic_basis":"explicit project layer name; advisory classification","source_currentness_confirmed":false,"source
1000
_entity_type":"LWPOLYLINE","source_file":"cad_candidate.flattened.r2010.dxf","source_layer":"\u0414\u0412_\u0413\u041f_\u041f_\u0412\u043e\u0434\u043e\u043e\u0442\u0432\u043e\u0434\u043d\u044b\u0435_\
1000
u043b\u043e\u0442\u043a\u0438","source_project_id":"898ea8e86f4d","source_status":"partial prepared CAD: 45 of 47 external references embedded","street":"\u041a\u0443\u043b\u0438\u043a\u043e\u0432\u04
1000
41\u043a\u0430\u044f \u0443\u043b\u0438\u0446\u0430, \u041c\u043e\u0441\u043a\u0432\u0430","suggestion_confidence":"high"},"role":"asset","schema_version":1,"type_id":"net.tray"}
  0
LWPOLYLINE
  5
174
330
17
100
AcDbEntity
  8
GC_DRAINAGE_TRAY
100
AcDbPolyline
 90
4
 70
1
 10
3981.1646830848304
 20
-10991.592167889443
 10
3981.267016893754
 20
-10991.364072067145
 10
3981.7232088592236
 20
-10991.568739823864
 10
3981.620851754543
 20
-10991.79682546867
1001
GREENCAD_EDIT_V1
1000
{"geometry_role":"OUTER_CONTOUR","id":"kul-tray:000225:9235b3f03e2e","properties":{"missing_external_references":["\u0410\u0421\u0423_\u041e\u0414\u0421_\u041a\u0443\u043b\u0438\u043a\u043e\u0432\u044
1000
1\u043a\u0430\u044f","\u04407989_\u041a\u0443\u043b\u0438\u043a\u043e\u0432\u0441\u043a\u0430\u044f \u0443\u043b._\u043f\u0440\u043e\u0435\u043a\u0442"],"normative":false,"professional_confirmation":f
1000
alse,"semantic_authority":"project layer-name evidence for diagnostic testing only","semantic_basis":"explicit project layer name; advisory classification","source_currentness_confirmed":false,"source
1000
_entity_type":"LWPOLYLINE","source_file":"cad_candidate.flattened.r2010.dxf","source_layer":"\u0414\u0412_\u0413\u041f_\u041f_\u0412\u043e\u0434\u043e\u043e\u0442\u0432\u043e\u0434\u043d\u044b\u0435_\
1000
u043b\u043e\u0442\u043a\u0438","source_project_id":"898ea8e86f4d","source_status":"partial prepared CAD: 45 of 47 external references embedded","street":"\u041a\u0443\u043b\u0438\u043a\u043e\u0432\u04
1000
41\u043a\u0430\u044f \u0443\u043b\u0438\u0446\u0430, \u041c\u043e\u0441\u043a\u0432\u0430","suggestion_confidence":"high"},"role":"asset","schema_version":1,"type_id":"net.tray"}
  0
LWPOLYLINE
  5
175
330
17
100
AcDbEntity
  8
GC_DRAINAGE_TRAY
100
AcDbPolyline
 90
4
 70
1
 10
3981.6208749479615
 20
-10991.79683587427
 10
3981.723208756885
 20
-10991.568740051971
 10
3982.179400722355
 20
-10991.77340780869
 10
3982.077043617674
 20
-10992.001493453496
1001
GREENCAD_EDIT_V1
1000
{"geometry_role":"OUTER_CONTOUR","id":"kul-tray:000226:67dd8f4b104b","properties":{"missing_external_references":["\u0410\u0421\u0423_\u041e\u0414\u0421_\u041a\u0443\u043b\u0438\u043a\u043e\u0432\u044
1000
1\u043a\u0430\u044f","\u04407989_\u041a\u0443\u043b\u0438\u043a\u043e\u0432\u0441\u043a\u0430\u044f \u0443\u043b._\u043f\u0440\u043e\u0435\u043a\u0442"],"normative":false,"professional_confirmation":f
1000
alse,"semantic_authority":"project layer-name evidence for diagnostic testing only","semantic_basis":"explicit project layer name; advisory classification","source_currentness_confirmed":false,"source
1000
_entity_type":"LWPOLYLINE","source_file":"cad_candidate.flattened.r2010.dxf","source_layer":"\u0414\u0412_\u0413\u041f_\u041f_\u0412\u043e\u0434\u043e\u043e\u0442\u0432\u043e\u0434\u043d\u044b\u0435_\
1000
u043b\u043e\u0442\u043a\u0438","source_project_id":"898ea8e86f4d","source_status":"partial prepared CAD: 45 of 47 external references embedded","street":"\u041a\u0443\u043b\u0438\u043a\u043e\u0432\u04
1000
41\u043a\u0430\u044f \u0443\u043b\u0438\u0446\u0430, \u041c\u043e\u0441\u043a\u0432\u0430","suggestion_confidence":"high"},"role":"asset","schema_version":1,"type_id":"net.tray"}
  0
LWPOLYLINE
  5
176
330
17
100
AcDbEntity
  8
GC_DRAINAGE_TRAY
100
AcDbPolyline
 90
4
 70
1
 10
3982.0770668110927
 20
-10992.001503859097
 10
3982.179400620016
 20
-10991.773408036799
 10
3982.635592585486
 20
-10991.978075793519
 10
3982.533235480805
 20
-10992.206161438324
1001
GREENCAD_EDIT_V1
1000
{"geometry_role":"OUTER_CONTOUR","id":"kul-tray:000227:ec0377dacf1e","properties":{"missing_external_references":["\u0410\u0421\u0423_\u041e\u0414\u0421_\u041a\u0443\u043b\u0438\u043a\u043e\u0432\u044
1000
1\u043a\u0430\u044f","\u04407989_\u041a\u0443\u043b\u0438\u043a\u043e\u0432\u0441\u043a\u0430\u044f \u0443\u043b._\u043f\u0440\u043e\u0435\u043a\u0442"],"normative":false,"professional_confirmation":f
1000
alse,"semantic_authority":"project layer-name evidence for diagnostic testing only","semantic_basis":"explicit project layer name; advisory classification","source_currentness_confirmed":false,"source
1000
_entity_type":"LWPOLYLINE","source_file":"cad_candidate.flattened.r2010.dxf","source_layer":"\u0414\u0412_\u0413\u041f_\u041f_\u0412\u043e\u0434\u043e\u043e\u0442\u0432\u043e\u0434\u043d\u044b\u0435_\
1000
u043b\u043e\u0442\u043a\u0438","source_project_id":"898ea8e86f4d","source_status":"partial prepared CAD: 45 of 47 external references embedded","street":"\u041a\u0443\u043b\u0438\u043a\u043e\u0432\u04
1000
41\u043a\u0430\u044f \u0443\u043b\u0438\u0446\u0430, \u041c\u043e\u0441\u043a\u0432\u0430","suggestion_confidence":"high"},"role":"asset","schema_version":1,"type_id":"net.tray"}
  0
LWPOLYLINE
  5
177
330
17
100
AcDbEntity
  8
GC_DRAINAGE_TRAY
100
AcDbPolyline
 90
2
 70
0
 10
3978.883723769176
 20
-10990.56882796531
 10
3982.496969406988
 20
-10992.18989086262
1001
GREENCAD_EDIT_V1
1000
{"geometry_role":"AXIS","id":"kul-tray:000228:68d168edf265","properties":{"missing_external_references":["\u0410\u0421\u0423_\u041e\u0414\u0421_\u041a\u0443\u043b\u0438\u043a\u043e\u0432\u0441\u043a\u
1000
0430\u044f","\u04407989_\u041a\u0443\u043b\u0438\u043a\u043e\u0432\u0441\u043a\u0430\u044f \u0443\u043b._\u043f\u0440\u043e\u0435\u043a\u0442"],"normative":false,"professional_confirmation":false,"sem
1000
antic_authority":"project layer-name evidence for diagnostic testing only","semantic_basis":"explicit project layer name; advisory classification","source_currentness_confirmed":false,"source_entity_t
1000
ype":"LWPOLYLINE","source_file":"cad_candidate.flattened.r2010.dxf","source_layer":"\u0414\u0412_\u0413\u041f_\u041f_\u0412\u043e\u0434\u043e\u043e\u0442\u0432\u043e\u0434\u043d\u044b\u0435_\u043b\u04
1000
3e\u0442\u043a\u0438","source_project_id":"898ea8e86f4d","source_status":"partial prepared CAD: 45 of 47 external references embedded","street":"\u041a\u0443\u043b\u0438\u043a\u043e\u0432\u0441\u043a\
1000
u0430\u044f \u0443\u043b\u0438\u0446\u0430, \u041c\u043e\u0441\u043a\u0432\u0430","suggestion_confidence":"high"},"role":"asset","schema_version":1,"type_id":"net.tray"}
  0
LWPOLYLINE
  5
178
330
17
100
AcDbEntity
  8
GC_DRAINAGE_TRAY
100
AcDbPolyline
 90
4
 70
1
 10
3951.750827448184
 20
-11054.430136523206
 10
3951.844287834791
 20
-11054.19826356503
 10
3952.308034077136
 20
-11054.385184464638
 10
3952.2145500195757
 20
-11054.617048151373
1001
GREENCAD_EDIT_V1
1000
{"geometry_role":"OUTER_CONTOUR","id":"kul-tray:000229:7973a2d9723f","properties":{"missing_external_references":["\u0410\u0421\u0423_\u041e\u0414\u0421_\u041a\u0443\u043b\u0438\u043a\u043e\u0432\u044
1000
1\u043a\u0430\u044f","\u04407989_\u041a\u0443\u043b\u0438\u043a\u043e\u0432\u0441\u043a\u0430\u044f \u0443\u043b._\u043f\u0440\u043e\u0435\u043a\u0442"],"normative":false,"professional_confirmation":f
1000
alse,"semantic_authority":"project layer-name evidence for diagnostic testing only","semantic_basis":"explicit project layer name; advisory classification","source_currentness_confirmed":false,"source
1000
_entity_type":"LWPOLYLINE","source_file":"cad_candidate.flattened.r2010.dxf","source_layer":"\u0414\u0412_\u0413\u041f_\u041f_\u0412\u043e\u0434\u043e\u043e\u0442\u0432\u043e\u0434\u043d\u044b\u0435_\
1000
u043b\u043e\u0442\u043a\u0438","source_project_id":"898ea8e86f4d","source_status":"partial prepared CAD: 45 of 47 external references embedded","street":"\u041a\u0443\u043b\u0438\u043a\u043e\u0432\u04
1000
41\u043a\u0430\u044f \u0443\u043b\u0438\u0446\u0430, \u041c\u043e\u0441\u043a\u0432\u0430","suggestion_confidence":"high"},"role":"asset","schema_version":1,"type_id":"net.tray"}
  0
LWPOLYLINE
  5
179
330
17
100
AcDbEntity
  8
GC_DRAINAGE_TRAY
100
AcDbPolyline
 90
4
 70
1
 10
3952.2145735970644
 20
-11054.6170576547
 10
3952.3080339836715
 20
-11054.385184696523
 10
3952.7717802260167
 20
-11054.572105596131
 10
3952.678296168456
 20
-11054.803969282866
1001
GREENCAD_EDIT_V1
1000
{"geometry_role":"OUTER_CONTOUR","id":"kul-tray:000230:f060d34cf453","properties":{"missing_external_references":["\u0410\u0421\u0423_\u041e\u0414\u0421_\u041a\u0443\u043b\u0438\u043a\u043e\u0432\u044
1000
1\u043a\u0430\u044f","\u04407989_\u041a\u0443\u043b\u0438\u043a\u043e\u0432\u0441\u043a\u0430\u044f \u0443\u043b._\u043f\u0440\u043e\u0435\u043a\u0442"],"normative":false,"professional_confirmation":f
1000
alse,"semantic_authority":"project layer-name evidence for diagnostic testing only","semantic_basis":"explicit project layer name; advisory classification","source_currentness_confirmed":false,"source
1000
_entity_type":"LWPOLYLINE","source_file":"cad_candidate.flattened.r2010.dxf","source_layer":"\u0414\u0412_\u0413\u041f_\u041f_\u0412\u043e\u0434\u043e\u043e\u0442\u0432\u043e\u0434\u043d\u044b\u0435_\
1000
u043b\u043e\u0442\u043a\u0438","source_project_id":"898ea8e86f4d","source_status":"partial prepared CAD: 45 of 47 external references embedded","street":"\u041a\u0443\u043b\u0438\u043a\u043e\u0432\u04
1000
41\u043a\u0430\u044f \u0443\u043b\u0438\u0446\u0430, \u041c\u043e\u0441\u043a\u0432\u0430","suggestion_confidence":"high"},"role":"asset","schema_version":1,"type_id":"net.tray"}
  0
LWPOLYLINE
  5
17A
330
17
100
AcDbEntity
  8
GC_DRAINAGE_TRAY
100
AcDbPolyline
 90
4
 70
1
 10
3952.6783197459445
 20
-11054.803978786193
 10
3952.7717801325516
 20
-11054.572105828016
 10
3953.235526374897
 20
-11054.759026727625
 10
3953.1420423173363
 20
-11054.99089041436
1001
GREENCAD_EDIT_V1
1000
{"geometry_role":"OUTER_CONTOUR","id":"kul-tray:000231:e6656f9563c4","properties":{"missing_external_references":["\u0410\u0421\u0423_\u041e\u0414\u0421_\u041a\u0443\u043b\u0438\u043a\u043e\u0432\u044
1000
1\u043a\u0430\u044f","\u04407989_\u041a\u0443\u043b\u0438\u043a\u043e\u0432\u0441\u043a\u0430\u044f \u0443\u043b._\u043f\u0440\u043e\u0435\u043a\u0442"],"normative":false,"professional_confirmation":f
1000
alse,"semantic_authority":"project layer-name evidence for diagnostic testing only","semantic_basis":"explicit project layer name; advisory classification","source_currentness_confirmed":false,"source
1000
_entity_type":"LWPOLYLINE","source_file":"cad_candidate.flattened.r2010.dxf","source_layer":"\u0414\u0412_\u0413\u041f_\u041f_\u0412\u043e\u0434\u043e\u043e\u0442\u0432\u043e\u0434\u043d\u044b\u0435_\
1000
u043b\u043e\u0442\u043a\u0438","source_project_id":"898ea8e86f4d","source_status":"partial prepared CAD: 45 of 47 external references embedded","street":"\u041a\u0443\u043b\u0438\u043a\u043e\u0432\u04
1000
41\u043a\u0430\u044f \u0443\u043b\u0438\u0446\u0430, \u041c\u043e\u0441\u043a\u0432\u0430","suggestion_confidence":"high"},"role":"asset","schema_version":1,"type_id":"net.tray"}
  0
LWPOLYLINE
  5
17B
330
17
100
AcDbEntity
  8
GC_DRAINAGE_TRAY
100
AcDbPolyline
 90
4
 70
1
 10
3953.142065894825
 20
-11054.990899917684
 10
3953.235526281432
 20
-11054.759026959508
 10
3953.6992725237774
 20
-11054.945947859116
 10
3953.605788466217
 20
-11055.177811545851
1001
GREENCAD_EDIT_V1
1000
{"geometry_role":"OUTER_CONTOUR","id":"kul-tray:000232:7677fed6c5a9","properties":{"missing_external_references":["\u0410\u0421\u0423_\u041e\u0414\u0421_\u041a\u0443\u043b\u0438\u043a\u043e\u0432\u044
1000
1\u043a\u0430\u044f","\u04407989_\u041a\u0443\u043b\u0438\u043a\u043e\u0432\u0441\u043a\u0430\u044f \u0443\u043b._\u043f\u0440\u043e\u0435\u043a\u0442"],"normative":false,"professional_confirmation":f
1000
alse,"semantic_authority":"project layer-name evidence for diagnostic testing only","semantic_basis":"explicit project layer name; advisory classification","source_currentness_confirmed":false,"source
1000
_entity_type":"LWPOLYLINE","source_file":"cad_candidate.flattened.r2010.dxf","source_layer":"\u0414\u0412_\u0413\u041f_\u041f_\u0412\u043e\u0434\u043e\u043e\u0442\u0432\u043e\u0434\u043d\u044b\u0435_\
1000
u043b\u043e\u0442\u043a\u0438","source_project_id":"898ea8e86f4d","source_status":"partial prepared CAD: 45 of 47 external references embedded","street":"\u041a\u0443\u043b\u0438\u043a\u043e\u0432\u04
1000
41\u043a\u0430\u044f \u0443\u043b\u0438\u0446\u0430, \u041c\u043e\u0441\u043a\u0432\u0430","suggestion_confidence":"high"},"role":"asset","schema_version":1,"type_id":"net.tray"}
  0
LWPOLYLINE
  5
17C
330
17
100
AcDbEntity
  8
GC_DRAINAGE_TRAY
100
AcDbPolyline
 90
4
 70
1
 10
3953.6058120437056
 20
-11055.177821049178
 10
3953.6992724303127
 20
-11054.945948091
 10
3954.163018672658
 20
-11055.13286899061
 10
3954.0695346150974
 20
-11055.364732677344
1001
GREENCAD_EDIT_V1
1000
{"geometry_role":"OUTER_CONTOUR","id":"kul-tray:000233:cd2836b73adf","properties":{"missing_external_references":["\u0410\u0421\u0423_\u041e\u0414\u0421_\u041a\u0443\u043b\u0438\u043a\u043e\u0432\u044
1000
1\u043a\u0430\u044f","\u04407989_\u041a\u0443\u043b\u0438\u043a\u043e\u0432\u0441\u043a\u0430\u044f \u0443\u043b._\u043f\u0440\u043e\u0435\u043a\u0442"],"normative":false,"professional_confirmation":f
1000
alse,"semantic_authority":"project layer-name evidence for diagnostic testing only","semantic_basis":"explicit project layer name; advisory classification","source_currentness_confirmed":false,"source
1000
_entity_type":"LWPOLYLINE","source_file":"cad_candidate.flattened.r2010.dxf","source_layer":"\u0414\u0412_\u0413\u041f_\u041f_\u0412\u043e\u0434\u043e\u043e\u0442\u0432\u043e\u0434\u043d\u044b\u0435_\
1000
u043b\u043e\u0442\u043a\u0438","source_project_id":"898ea8e86f4d","source_status":"partial prepared CAD: 45 of 47 external references embedded","street":"\u041a\u0443\u043b\u0438\u043a\u043e\u0432\u04
1000
41\u043a\u0430\u044f \u0443\u043b\u0438\u0446\u0430, \u041c\u043e\u0441\u043a\u0432\u0430","suggestion_confidence":"high"},"role":"asset","schema_version":1,"type_id":"net.tray"}
  0
LWPOLYLINE
  5
17D
330
17
100
AcDbEntity
  8
GC_DRAINAGE_TRAY
100
AcDbPolyline
 90
4
 70
1
 10
3954.069558192586
 20
-11055.36474218067
 10
3954.1630185791932
 20
-11055.132869222494
 10
3954.6267648215385
 20
-11055.319790122103
 10
3954.533280763978
 20
-11055.551653808838
1001
GREENCAD_EDIT_V1
1000
{"geometry_role":"OUTER_CONTOUR","id":"kul-tray:000234:982a2cf1ff98","properties":{"missing_external_references":["\u0410\u0421\u0423_\u041e\u0414\u0421_\u041a\u0443\u043b\u0438\u043a\u043e\u0432\u044
1000
1\u043a\u0430\u044f","\u04407989_\u041a\u0443\u043b\u0438\u043a\u043e\u0432\u0441\u043a\u0430\u044f \u0443\u043b._\u043f\u0440\u043e\u0435\u043a\u0442"],"normative":false,"professional_confirmation":f
1000
alse,"semantic_authority":"project layer-name evidence for diagnostic testing only","semantic_basis":"explicit project layer name; advisory classification","source_currentness_confirmed":false,"source
1000
_entity_type":"LWPOLYLINE","source_file":"cad_candidate.flattened.r2010.dxf","source_layer":"\u0414\u0412_\u0413\u041f_\u041f_\u0412\u043e\u0434\u043e\u043e\u0442\u0432\u043e\u0434\u043d\u044b\u0435_\
1000
u043b\u043e\u0442\u043a\u0438","source_project_id":"898ea8e86f4d","source_status":"partial prepared CAD: 45 of 47 external references embedded","street":"\u041a\u0443\u043b\u0438\u043a\u043e\u0432\u04
1000
41\u043a\u0430\u044f \u0443\u043b\u0438\u0446\u0430, \u041c\u043e\u0441\u043a\u0432\u0430","suggestion_confidence":"high"},"role":"asset","schema_version":1,"type_id":"net.tray"}
  0
LWPOLYLINE
  5
17E
330
17
100
AcDbEntity
  8
GC_DRAINAGE_TRAY
100
AcDbPolyline
 90
4
 70
1
 10
3954.5333043414666
 20
-11055.551663312162
 10
3954.626764728074
 20
-11055.319790353986
 10
3955.090510970419
 20
-11055.506711253594
 10
3954.9970269128585
 20
-11055.73857494033
1001
GREENCAD_EDIT_V1
1000
{"geometry_role":"OUTER_CONTOUR","id":"kul-tray:000235:860621eb60e3","properties":{"missing_external_references":["\u0410\u0421\u0423_\u041e\u0414\u0421_\u041a\u0443\u043b\u0438\u043a\u043e\u0432\u044
1000
1\u043a\u0430\u044f","\u04407989_\u041a\u0443\u043b\u0438\u043a\u043e\u0432\u0441\u043a\u0430\u044f \u0443\u043b._\u043f\u0440\u043e\u0435\u043a\u0442"],"normative":false,"professional_confirmation":f
1000
alse,"semantic_authority":"project layer-name evidence for diagnostic testing only","semantic_basis":"explicit project layer name; advisory classification","source_currentness_confirmed":false,"source
1000
_entity_type":"LWPOLYLINE","source_file":"cad_candidate.flattened.r2010.dxf","source_layer":"\u0414\u0412_\u0413\u041f_\u041f_\u0412\u043e\u0434\u043e\u043e\u0442\u0432\u043e\u0434\u043d\u044b\u0435_\
1000
u043b\u043e\u0442\u043a\u0438","source_project_id":"898ea8e86f4d","source_status":"partial prepared CAD: 45 of 47 external references embedded","street":"\u041a\u0443\u043b\u0438\u043a\u043e\u0432\u04
1000
41\u043a\u0430\u044f \u0443\u043b\u0438\u0446\u0430, \u041c\u043e\u0441\u043a\u0432\u0430","suggestion_confidence":"high"},"role":"asset","schema_version":1,"type_id":"net.tray"}
  0
LWPOLYLINE
  5
17F
330
17
100
AcDbEntity
  8
GC_DRAINAGE_TRAY
100
AcDbPolyline
 90
4
 70
1
 10
3954.997050490347
 20
-11055.738584443656
 10
3955.0905108769543
 20
-11055.50671148548
 10
3955.5542571192996
 20
-11055.693632385088
 10
3955.460773061739
 20
-11055.925496071823
1001
GREENCAD_EDIT_V1
1000
{"geometry_role":"OUTER_CONTOUR","id":"kul-tray:000236:74a53fb4d48a","properties":{"missing_external_references":["\u0410\u0421\u0423_\u041e\u0414\u0421_\u041a\u0443\u043b\u0438\u043a\u043e\u0432\u044
1000
1\u043a\u0430\u044f","\u04407989_\u041a\u0443\u043b\u0438\u043a\u043e\u0432\u0441\u043a\u0430\u044f \u0443\u043b._\u043f\u0440\u043e\u0435\u043a\u0442"],"normative":false,"professional_confirmation":f
1000
alse,"semantic_authority":"project layer-name evidence for diagnostic testing only","semantic_basis":"explicit project layer name; advisory classification","source_currentness_confirmed":false,"source
1000
_entity_type":"LWPOLYLINE","source_file":"cad_candidate.flattened.r2010.dxf","source_layer":"\u0414\u0412_\u0413\u041f_\u041f_\u0412\u043e\u0434\u043e\u043e\u0442\u0432\u043e\u0434\u043d\u044b\u0435_\
1000
u043b\u043e\u0442\u043a\u0438","source_project_id":"898ea8e86f4d","source_status":"partial prepared CAD: 45 of 47 external references embedded","street":"\u041a\u0443\u043b\u0438\u043a\u043e\u0432\u04
1000
41\u043a\u0430\u044f \u0443\u043b\u0438\u0446\u0430, \u041c\u043e\u0441\u043a\u0432\u0430","suggestion_confidence":"high"},"role":"asset","schema_version":1,"type_id":"net.tray"}
  0
LWPOLYLINE
  5
180
330
17
100
AcDbEntity
  8
GC_DRAINAGE_TRAY
100
AcDbPolyline
 90
2
 70
0
 10
3951.750827448183
 20
-11054.4301365232
 10
3955.449729163721
 20
-11055.92104463235
1001
GREENCAD_EDIT_V1
1000
{"geometry_role":"AXIS","id":"kul-tray:000237:c2f23fe8540b","properties":{"missing_external_references":["\u0410\u0421\u0423_\u041e\u0414\u0421_\u041a\u0443\u043b\u0438\u043a\u043e\u0432\u0441\u043a\u
1000
0430\u044f","\u04407989_\u041a\u0443\u043b\u0438\u043a\u043e\u0432\u0441\u043a\u0430\u044f \u0443\u043b._\u043f\u0440\u043e\u0435\u043a\u0442"],"normative":false,"professional_confirmation":false,"sem
1000
antic_authority":"project layer-name evidence for diagnostic testing only","semantic_basis":"explicit project layer name; advisory classification","source_currentness_confirmed":false,"source_entity_t
1000
ype":"LWPOLYLINE","source_file":"cad_candidate.flattened.r2010.dxf","source_layer":"\u0414\u0412_\u0413\u041f_\u041f_\u0412\u043e\u0434\u043e\u043e\u0442\u0432\u043e\u0434\u043d\u044b\u0435_\u043b\u04
1000
3e\u0442\u043a\u0438","source_project_id":"898ea8e86f4d","source_status":"partial prepared CAD: 45 of 47 external references embedded","street":"\u041a\u0443\u043b\u0438\u043a\u043e\u0432\u0441\u043a\
1000
u0430\u044f \u0443\u043b\u0438\u0446\u0430, \u041c\u043e\u0441\u043a\u0432\u0430","suggestion_confidence":"high"},"role":"asset","schema_version":1,"type_id":"net.tray"}
  0
LWPOLYLINE
  5
181
330
17
100
AcDbEntity
  8
GC_DRAINAGE_TRAY
100
AcDbPolyline
 90
4
 70
1
 10
3969.6998502047536
 20
-11011.975588356927
 10
3969.7933105913608
 20
-11011.74371539875
 10
3970.257056833706
 20
-11011.930636298359
 10
3970.1635727761454
 20
-11012.162499985094
1001
GREENCAD_EDIT_V1
1000
{"geometry_role":"OUTER_CONTOUR","id":"kul-tray:000238:512ed5c05945","properties":{"missing_external_references":["\u0410\u0421\u0423_\u041e\u0414\u0421_\u041a\u0443\u043b\u0438\u043a\u043e\u0432\u044
1000
1\u043a\u0430\u044f","\u04407989_\u041a\u0443\u043b\u0438\u043a\u043e\u0432\u0441\u043a\u0430\u044f \u0443\u043b._\u043f\u0440\u043e\u0435\u043a\u0442"],"normative":false,"professional_confirmation":f
1000
alse,"semantic_authority":"project layer-name evidence for diagnostic testing only","semantic_basis":"explicit project layer name; advisory classification","source_currentness_confirmed":false,"source
1000
_entity_type":"LWPOLYLINE","source_file":"cad_candidate.flattened.r2010.dxf","source_layer":"\u0414\u0412_\u0413\u041f_\u041f_\u0412\u043e\u0434\u043e\u043e\u0442\u0432\u043e\u0434\u043d\u044b\u0435_\
1000
u043b\u043e\u0442\u043a\u0438","source_project_id":"898ea8e86f4d","source_status":"partial prepared CAD: 45 of 47 external references embedded","street":"\u041a\u0443\u043b\u0438\u043a\u043e\u0432\u04
1000
41\u043a\u0430\u044f \u0443\u043b\u0438\u0446\u0430, \u041c\u043e\u0441\u043a\u0432\u0430","suggestion_confidence":"high"},"role":"asset","schema_version":1,"type_id":"net.tray"}
  0
LWPOLYLINE
  5
182
330
17
100
AcDbEntity
  8
GC_DRAINAGE_TRAY
100
AcDbPolyline
 90
4
 70
1
 10
3970.1635963536337
 20
-11012.16250948842
 10
3970.257056740241
 20
-11011.930636530244
 10
3970.720802982586
 20
-11012.117557429852
 10
3970.6273189250255
 20
-11012.349421116587
1001
GREENCAD_EDIT_V1
1000
{"geometry_role":"OUTER_CONTOUR","id":"kul-tray:000239:cbd30f2c2bfa","properties":{"missing_external_references":["\u0410\u0421\u0423_\u041e\u0414\u0421_\u041a\u0443\u043b\u0438\u043a\u043e\u0432\u044
1000
1\u043a\u0430\u044f","\u04407989_\u041a\u0443\u043b\u0438\u043a\u043e\u0432\u0441\u043a\u0430\u044f \u0443\u043b._\u043f\u0440\u043e\u0435\u043a\u0442"],"normative":false,"professional_confirmation":f
1000
alse,"semantic_authority":"project layer-name evidence for diagnostic testing only","semantic_basis":"explicit project layer name; advisory classification","source_currentness_confirmed":false,"source
1000
_entity_type":"LWPOLYLINE","source_file":"cad_candidate.flattened.r2010.dxf","source_layer":"\u0414\u0412_\u0413\u041f_\u041f_\u0412\u043e\u0434\u043e\u043e\u0442\u0432\u043e\u0434\u043d\u044b\u0435_\
1000
u043b\u043e\u0442\u043a\u0438","source_project_id":"898ea8e86f4d","source_status":"partial prepared CAD: 45 of 47 external references embedded","street":"\u041a\u0443\u043b\u0438\u043a\u043e\u0432\u04
1000
41\u043a\u0430\u044f \u0443\u043b\u0438\u0446\u0430, \u041c\u043e\u0441\u043a\u0432\u0430","suggestion_confidence":"high"},"role":"asset","schema_version":1,"type_id":"net.tray"}
  0
LWPOLYLINE
  5
183
330
17
100
AcDbEntity
  8
GC_DRAINAGE_TRAY
100
AcDbPolyline
 90
4
 70
1
 10
3970.6273425025142
 20
-11012.349430619914
 10
3970.7208028891214
 20
-11012.117557661737
 10
3971.1845491314666
 20
-11012.304478561346
 10
3971.091065073906
 20
-11012.53634224808
1001
GREENCAD_EDIT_V1
1000
{"geometry_role":"OUTER_CONTOUR","id":"kul-tray:000240:abcadd16bacb","properties":{"missing_external_references":["\u0410\u0421\u0423_\u041e\u0414\u0421_\u041a\u0443\u043b\u0438\u043a\u043e\u0432\u044
1000
1\u043a\u0430\u044f","\u04407989_\u041a\u0443\u043b\u0438\u043a\u043e\u0432\u0441\u043a\u0430\u044f \u0443\u043b._\u043f\u0440\u043e\u0435\u043a\u0442"],"normative":false,"professional_confirmation":f
1000
alse,"semantic_authority":"project layer-name evidence for diagnostic testing only","semantic_basis":"explicit project layer name; advisory classification","source_currentness_confirmed":false,"source
1000
_entity_type":"LWPOLYLINE","source_file":"cad_candidate.flattened.r2010.dxf","source_layer":"\u0414\u0412_\u0413\u041f_\u041f_\u0412\u043e\u0434\u043e\u043e\u0442\u0432\u043e\u0434\u043d\u044b\u0435_\
1000
u043b\u043e\u0442\u043a\u0438","source_project_id":"898ea8e86f4d","source_status":"partial prepared CAD: 45 of 47 external references embedded","street":"\u041a\u0443\u043b\u0438\u043a\u043e\u0432\u04
1000
41\u043a\u0430\u044f \u0443\u043b\u0438\u0446\u0430, \u041c\u043e\u0441\u043a\u0432\u0430","suggestion_confidence":"high"},"role":"asset","schema_version":1,"type_id":"net.tray"}
  0
LWPOLYLINE
  5
184
330
17
100
AcDbEntity
  8
GC_DRAINAGE_TRAY
100
AcDbPolyline
 90
4
 70
1
 10
3971.091088651395
 20
-11012.536351751405
 10
3971.184549038002
 20
-11012.304478793229
 10
3971.648295280347
 20
-11012.491399692837
 10
3971.5548112227866
 20
-11012.723263379572
1001
GREENCAD_EDIT_V1
1000
{"geometry_role":"OUTER_CONTOUR","id":"kul-tray:000241:c285866c8f48","properties":{"missing_external_references":["\u0410\u0421\u0423_\u041e\u0414\u0421_\u041a\u0443\u043b\u0438\u043a\u043e\u0432\u044
1000
1\u043a\u0430\u044f","\u04407989_\u041a\u0443\u043b\u0438\u043a\u043e\u0432\u0441\u043a\u0430\u044f \u0443\u043b._\u043f\u0440\u043e\u0435\u043a\u0442"],"normative":false,"professional_confirmation":f
1000
alse,"semantic_authority":"project layer-name evidence for diagnostic testing only","semantic_basis":"explicit project layer name; advisory classification","source_currentness_confirmed":false,"source
1000
_entity_type":"LWPOLYLINE","source_file":"cad_candidate.flattened.r2010.dxf","source_layer":"\u0414\u0412_\u0413\u041f_\u041f_\u0412\u043e\u0434\u043e\u043e\u0442\u0432\u043e\u0434\u043d\u044b\u0435_\
1000
u043b\u043e\u0442\u043a\u0438","source_project_id":"898ea8e86f4d","source_status":"partial prepared CAD: 45 of 47 external references embedded","street":"\u041a\u0443\u043b\u0438\u043a\u043e\u0432\u04
1000
41\u043a\u0430\u044f \u0443\u043b\u0438\u0446\u0430, \u041c\u043e\u0441\u043a\u0432\u0430","suggestion_confidence":"high"},"role":"asset","schema_version":1,"type_id":"net.tray"}
  0
LWPOLYLINE
  5
185
330
17
100
AcDbEntity
  8
GC_DRAINAGE_TRAY
100
AcDbPolyline
 90
4
 70
1
 10
3971.5548348002753
 20
-11012.723272882899
 10
3971.6482951868825
 20
-11012.491399924722
 10
3972.1120414292277
 20
-11012.67832082433
 10
3972.018557371667
 20
-11012.910184511065
1001
GREENCAD_EDIT_V1
1000
{"geometry_role":"OUTER_CONTOUR","id":"kul-tray:000242:6acc538ff0fc","properties":{"missing_external_references":["\u0410\u0421\u0423_\u041e\u0414\u0421_\u041a\u0443\u043b\u0438\u043a\u043e\u0432\u044
1000
1\u043a\u0430\u044f","\u04407989_\u041a\u0443\u043b\u0438\u043a\u043e\u0432\u0441\u043a\u0430\u044f \u0443\u043b._\u043f\u0440\u043e\u0435\u043a\u0442"],"normative":false,"professional_confirmation":f
1000
alse,"semantic_authority":"project layer-name evidence for diagnostic testing only","semantic_basis":"explicit project layer name; advisory classification","source_currentness_confirmed":false,"source
1000
_entity_type":"LWPOLYLINE","source_file":"cad_candidate.flattened.r2010.dxf","source_layer":"\u0414\u0412_\u0413\u041f_\u041f_\u0412\u043e\u0434\u043e\u043e\u0442\u0432\u043e\u0434\u043d\u044b\u0435_\
1000
u043b\u043e\u0442\u043a\u0438","source_project_id":"898ea8e86f4d","source_status":"partial prepared CAD: 45 of 47 external references embedded","street":"\u041a\u0443\u043b\u0438\u043a\u043e\u0432\u04
1000
41\u043a\u0430\u044f \u0443\u043b\u0438\u0446\u0430, \u041c\u043e\u0441\u043a\u0432\u0430","suggestion_confidence":"high"},"role":"asset","schema_version":1,"type_id":"net.tray"}
  0
LWPOLYLINE
  5
186
330
17
100
AcDbEntity
  8
GC_DRAINAGE_TRAY
100
AcDbPolyline
 90
4
 70
1
 10
3972.018580949156
 20
-11012.910194014392
 10
3972.112041335763
 20
-11012.678321056215
 10
3972.5757875781082
 20
-11012.865241955824
 10
3972.4823035205477
 20
-11013.097105642559
1001
GREENCAD_EDIT_V1
1000
{"geometry_role":"OUTER_CONTOUR","id":"kul-tray:000243:eb034e9b093f","properties":{"missing_external_references":["\u0410\u0421\u0423_\u041e\u0414\u0421_\u041a\u0443\u043b\u0438\u043a\u043e\u0432\u044
1000
1\u043a\u0430\u044f","\u04407989_\u041a\u0443\u043b\u0438\u043a\u043e\u0432\u0441\u043a\u0430\u044f \u0443\u043b._\u043f\u0440\u043e\u0435\u043a\u0442"],"normative":false,"professional_confirmation":f
1000
alse,"semantic_authority":"project layer-name evidence for diagnostic testing only","semantic_basis":"explicit project layer name; advisory classification","source_currentness_confirmed":false,"source
1000
_entity_type":"LWPOLYLINE","source_file":"cad_candidate.flattened.r2010.dxf","source_layer":"\u0414\u0412_\u0413\u041f_\u041f_\u0412\u043e\u0434\u043e\u043e\u0442\u0432\u043e\u0434\u043d\u044b\u0435_\
1000
u043b\u043e\u0442\u043a\u0438","source_project_id":"898ea8e86f4d","source_status":"partial prepared CAD: 45 of 47 external references embedded","street":"\u041a\u0443\u043b\u0438\u043a\u043e\u0432\u04
1000
41\u043a\u0430\u044f \u0443\u043b\u0438\u0446\u0430, \u041c\u043e\u0441\u043a\u0432\u0430","suggestion_confidence":"high"},"role":"asset","schema_version":1,"type_id":"net.tray"}
  0
LWPOLYLINE
  5
187
330
17
100
AcDbEntity
  8
GC_DRAINAGE_TRAY
100
AcDbPolyline
 90
4
 70
1
 10
3972.4823270980364
 20
-11013.097115145883
 10
3972.5757874846436
 20
-11012.865242187707
 10
3973.039533726989
 20
-11013.052163087315
 10
3972.9460496694282
 20
-11013.28402677405
1001
GREENCAD_EDIT_V1
1000
{"geometry_role":"OUTER_CONTOUR","id":"kul-tray:000244:a02708e490ce","properties":{"missing_external_references":["\u0410\u0421\u0423_\u041e\u0414\u0421_\u041a\u0443\u043b\u0438\u043a\u043e\u0432\u044
1000
1\u043a\u0430\u044f","\u04407989_\u041a\u0443\u043b\u0438\u043a\u043e\u0432\u0441\u043a\u0430\u044f \u0443\u043b._\u043f\u0440\u043e\u0435\u043a\u0442"],"normative":false,"professional_confirmation":f
1000
alse,"semantic_authority":"project layer-name evidence for diagnostic testing only","semantic_basis":"explicit project layer name; advisory classification","source_currentness_confirmed":false,"source
1000
_entity_type":"LWPOLYLINE","source_file":"cad_candidate.flattened.r2010.dxf","source_layer":"\u0414\u0412_\u0413\u041f_\u041f_\u0412\u043e\u0434\u043e\u043e\u0442\u0432\u043e\u0434\u043d\u044b\u0435_\
1000
u043b\u043e\u0442\u043a\u0438","source_project_id":"898ea8e86f4d","source_status":"partial prepared CAD: 45 of 47 external references embedded","street":"\u041a\u0443\u043b\u0438\u043a\u043e\u0432\u04
1000
41\u043a\u0430\u044f \u0443\u043b\u0438\u0446\u0430, \u041c\u043e\u0441\u043a\u0432\u0430","suggestion_confidence":"high"},"role":"asset","schema_version":1,"type_id":"net.tray"}
  0
LWPOLYLINE
  5
188
330
17
100
AcDbEntity
  8
GC_DRAINAGE_TRAY
100
AcDbPolyline
 90
4
 70
1
 10
3972.946073246917
 20
-11013.284036277377
 10
3973.039533633524
 20
-11013.0521633192
 10
3973.5032798758693
 20
-11013.239084218809
 10
3973.409795818309
 20
-11013.470947905544
1001
GREENCAD_EDIT_V1
1000
{"geometry_role":"OUTER_CONTOUR","id":"kul-tray:000245:59bb50f6961b","properties":{"missing_external_references":["\u0410\u0421\u0423_\u041e\u0414\u0421_\u041a\u0443\u043b\u0438\u043a\u043e\u0432\u044
1000
1\u043a\u0430\u044f","\u04407989_\u041a\u0443\u043b\u0438\u043a\u043e\u0432\u0441\u043a\u0430\u044f \u0443\u043b._\u043f\u0440\u043e\u0435\u043a\u0442"],"normative":false,"professional_confirmation":f
1000
alse,"semantic_authority":"project layer-name evidence for diagnostic testing only","semantic_basis":"explicit project layer name; advisory classification","source_currentness_confirmed":false,"source
1000
_entity_type":"LWPOLYLINE","source_file":"cad_candidate.flattened.r2010.dxf","source_layer":"\u0414\u0412_\u0413\u041f_\u041f_\u0412\u043e\u0434\u043e\u043e\u0442\u0432\u043e\u0434\u043d\u044b\u0435_\
1000
u043b\u043e\u0442\u043a\u0438","source_project_id":"898ea8e86f4d","source_status":"partial prepared CAD: 45 of 47 external references embedded","street":"\u041a\u0443\u043b\u0438\u043a\u043e\u0432\u04
1000
41\u043a\u0430\u044f \u0443\u043b\u0438\u0446\u0430, \u041c\u043e\u0441\u043a\u0432\u0430","suggestion_confidence":"high"},"role":"asset","schema_version":1,"type_id":"net.tray"}
  0
LWPOLYLINE
  5
189
330
17
100
AcDbEntity
  8
GC_DRAINAGE_TRAY
100
AcDbPolyline
 90
2
 70
0
 10
3969.699850204752
 20
-11011.97558835693
 10
3973.39875192029
 20
-11013.46649646607
1001
GREENCAD_EDIT_V1
1000
{"geometry_role":"AXIS","id":"kul-tray:000246:4a7cf4b12931","properties":{"missing_external_references":["\u0410\u0421\u0423_\u041e\u0414\u0421_\u041a\u0443\u043b\u0438\u043a\u043e\u0432\u0441\u043a\u
1000
0430\u044f","\u04407989_\u041a\u0443\u043b\u0438\u043a\u043e\u0432\u0441\u043a\u0430\u044f \u0443\u043b._\u043f\u0440\u043e\u0435\u043a\u0442"],"normative":false,"professional_confirmation":false,"sem
1000
antic_authority":"project layer-name evidence for diagnostic testing only","semantic_basis":"explicit project layer name; advisory classification","source_currentness_confirmed":false,"source_entity_t
1000
ype":"LWPOLYLINE","source_file":"cad_candidate.flattened.r2010.dxf","source_layer":"\u0414\u0412_\u0413\u041f_\u041f_\u0412\u043e\u0434\u043e\u043e\u0442\u0432\u043e\u0434\u043d\u044b\u0435_\u043b\u04
1000
3e\u0442\u043a\u0438","source_project_id":"898ea8e86f4d","source_status":"partial prepared CAD: 45 of 47 external references embedded","street":"\u041a\u0443\u043b\u0438\u043a\u043e\u0432\u0441\u043a\
1000
u0430\u044f \u0443\u043b\u0438\u0446\u0430, \u041c\u043e\u0441\u043a\u0432\u0430","suggestion_confidence":"high"},"role":"asset","schema_version":1,"type_id":"net.tray"}
  0
LWPOLYLINE
  5
18A
330
17
100
AcDbEntity
  8
GC_DRAINAGE_TRAY
100
AcDbPolyline
 90
4
 70
1
 10
3948.859605302976
 20
-11178.901293378085
 10
3949.0928879033795
 20
-11178.991177419757
 10
3948.9131196986696
 20
-11179.457742948462
 10
3948.679846004645
 20
-11179.367835096076
1001
GREENCAD_EDIT_V1
1000
{"geometry_role":"OUTER_CONTOUR","id":"kul-tray:000247:c52577a62ab5","properties":{"missing_external_references":["\u0410\u0421\u0423_\u041e\u0414\u0421_\u041a\u0443\u043b\u0438\u043a\u043e\u0432\u044
1000
1\u043a\u0430\u044f","\u04407989_\u041a\u0443\u043b\u0438\u043a\u043e\u0432\u0441\u043a\u0430\u044f \u0443\u043b._\u043f\u0440\u043e\u0435\u043a\u0442"],"normative":false,"professional_confirmation":f
1000
alse,"semantic_authority":"project layer-name evidence for diagnostic testing only","semantic_basis":"explicit project layer name; advisory classification","source_currentness_confirmed":false,"source
1000
_entity_type":"LWPOLYLINE","source_file":"cad_candidate.flattened.r2010.dxf","source_layer":"\u0414\u0412_\u0413\u041f_\u041f_\u0412\u043e\u0434\u043e\u043e\u0442\u0432\u043e\u0434\u043d\u044b\u0435_\
1000
u043b\u043e\u0442\u043a\u0438","source_project_id":"898ea8e86f4d","source_status":"partial prepared CAD: 45 of 47 external references embedded","street":"\u041a\u0443\u043b\u0438\u043a\u043e\u0432\u04
1000
41\u043a\u0430\u044f \u0443\u043b\u0438\u0446\u0430, \u041c\u043e\u0441\u043a\u0432\u0430","suggestion_confidence":"high"},"role":"asset","schema_version":1,"type_id":"net.tray"}
  0
LWPOLYLINE
  5
18B
330
17
100
AcDbEntity
  8
GC_DRAINAGE_TRAY
100
AcDbPolyline
 90
4
 70
1
 10
3948.6798368649715
 20
-11179.3678588169
 10
3948.913119465375
 20
-11179.457742858573
 10
3948.733351260665
 20
-11179.924308387277
 10
3948.5000775666404
 20
-11179.834400534892
1001
GREENCAD_EDIT_V1
1000
{"geometry_role":"OUTER_CONTOUR","id":"kul-tray:000248:a54f1cfd63a8","properties":{"missing_external_references":["\u0410\u0421\u0423_\u041e\u0414\u0421_\u041a\u0443\u043b\u0438\u043a\u043e\u0432\u044
1000
1\u043a\u0430\u044f","\u04407989_\u041a\u0443\u043b\u0438\u043a\u043e\u0432\u0441\u043a\u0430\u044f \u0443\u043b._\u043f\u0440\u043e\u0435\u043a\u0442"],"normative":false,"professional_confirmation":f
1000
alse,"semantic_authority":"project layer-name evidence for diagnostic testing only","semantic_basis":"explicit project layer name; advisory classification","source_currentness_confirmed":false,"source
1000
_entity_type":"LWPOLYLINE","source_file":"cad_candidate.flattened.r2010.dxf","source_layer":"\u0414\u0412_\u0413\u041f_\u041f_\u0412\u043e\u0434\u043e\u043e\u0442\u0432\u043e\u0434\u043d\u044b\u0435_\
1000
u043b\u043e\u0442\u043a\u0438","source_project_id":"898ea8e86f4d","source_status":"partial prepared CAD: 45 of 47 external references embedded","street":"\u041a\u0443\u043b\u0438\u043a\u043e\u0432\u04
1000
41\u043a\u0430\u044f \u0443\u043b\u0438\u0446\u0430, \u041c\u043e\u0441\u043a\u0432\u0430","suggestion_confidence":"high"},"role":"asset","schema_version":1,"type_id":"net.tray"}
  0
LWPOLYLINE
  5
18C
330
17
100
AcDbEntity
  8
GC_DRAINAGE_TRAY
100
AcDbPolyline
 90
4
 70
1
 10
3948.500068426967
 20
-11179.834424255716
 10
3948.7333510273706
 20
-11179.924308297388
 10
3948.5535828226607
 20
-11180.390873826093
 10
3948.320309128636
 20
-11180.300965973707
1001
GREENCAD_EDIT_V1
1000
{"geometry_role":"OUTER_CONTOUR","id":"kul-tray:000249:d0b4c360b7a8","properties":{"missing_external_references":["\u0410\u0421\u0423_\u041e\u0414\u0421_\u041a\u0443\u043b\u0438\u043a\u043e\u0432\u044
1000
1\u043a\u0430\u044f","\u04407989_\u041a\u0443\u043b\u0438\u043a\u043e\u0432\u0441\u043a\u0430\u044f \u0443\u043b._\u043f\u0440\u043e\u0435\u043a\u0442"],"normative":false,"professional_confirmation":f
1000
alse,"semantic_authority":"project layer-name evidence for diagnostic testing only","semantic_basis":"explicit project layer name; advisory classification","source_currentness_confirmed":false,"source
1000
_entity_type":"LWPOLYLINE","source_file":"cad_candidate.flattened.r2010.dxf","source_layer":"\u0414\u0412_\u0413\u041f_\u041f_\u0412\u043e\u0434\u043e\u043e\u0442\u0432\u043e\u0434\u043d\u044b\u0435_\
1000
u043b\u043e\u0442\u043a\u0438","source_project_id":"898ea8e86f4d","source_status":"partial prepared CAD: 45 of 47 external references embedded","street":"\u041a\u0443\u043b\u0438\u043a\u043e\u0432\u04
1000
41\u043a\u0430\u044f \u0443\u043b\u0438\u0446\u0430, \u041c\u043e\u0441\u043a\u0432\u0430","suggestion_confidence":"high"},"role":"asset","schema_version":1,"type_id":"net.tray"}
  0
LWPOLYLINE
  5
18D
330
17
100
AcDbEntity
  8
GC_DRAINAGE_TRAY
100
AcDbPolyline
 90
4
 70
1
 10
3948.3202999889627
 20
-11180.300989694533
 10
3948.553582589366
 20
-11180.390873736205
 10
3948.3738143846563
 20
-11180.85743926491
 10
3948.1405406906315
 20
-11180.767531412524
1001
GREENCAD_EDIT_V1
1000
{"geometry_role":"OUTER_CONTOUR","id":"kul-tray:000250:6d1d74083af0","properties":{"missing_external_references":["\u0410\u0421\u0423_\u041e\u0414\u0421_\u041a\u0443\u043b\u0438\u043a\u043e\u0432\u044
1000
1\u043a\u0430\u044f","\u04407989_\u041a\u0443\u043b\u0438\u043a\u043e\u0432\u0441\u043a\u0430\u044f \u0443\u043b._\u043f\u0440\u043e\u0435\u043a\u0442"],"normative":false,"professional_confirmation":f
1000
alse,"semantic_authority":"project layer-name evidence for diagnostic testing only","semantic_basis":"explicit project layer name; advisory classification","source_currentness_confirmed":false,"source
1000
_entity_type":"LWPOLYLINE","source_file":"cad_candidate.flattened.r2010.dxf","source_layer":"\u0414\u0412_\u0413\u041f_\u041f_\u0412\u043e\u0434\u043e\u043e\u0442\u0432\u043e\u0434\u043d\u044b\u0435_\
1000
u043b\u043e\u0442\u043a\u0438","source_project_id":"898ea8e86f4d","source_status":"partial prepared CAD: 45 of 47 external references embedded","street":"\u041a\u0443\u043b\u0438\u043a\u043e\u0432\u04
1000
41\u043a\u0430\u044f \u0443\u043b\u0438\u0446\u0430, \u041c\u043e\u0441\u043a\u0432\u0430","suggestion_confidence":"high"},"role":"asset","schema_version":1,"type_id":"net.tray"}
  0
LWPOLYLINE
  5
18E
330
17
100
AcDbEntity
  8
GC_DRAINAGE_TRAY
100
AcDbPolyline
 90
4
 70
1
 10
3948.140531550958
 20
-11180.767555133349
 10
3948.3738141513613
 20
-11180.85743917502
 10
3948.1940459466514
 20
-11181.324004703725
 10
3947.9607722526266
 20
-11181.23409685134
1001
GREENCAD_EDIT_V1
1000
{"geometry_role":"OUTER_CONTOUR","id":"kul-tray:000251:360696aea9e4","properties":{"missing_external_references":["\u0410\u0421\u0423_\u041e\u0414\u0421_\u041a\u0443\u043b\u0438\u043a\u043e\u0432\u044
1000
1\u043a\u0430\u044f","\u04407989_\u041a\u0443\u043b\u0438\u043a\u043e\u0432\u0441\u043a\u0430\u044f \u0443\u043b._\u043f\u0440\u043e\u0435\u043a\u0442"],"normative":false,"professional_confirmation":f
1000
alse,"semantic_authority":"project layer-name evidence for diagnostic testing only","semantic_basis":"explicit project layer name; advisory classification","source_currentness_confirmed":false,"source
1000
_entity_type":"LWPOLYLINE","source_file":"cad_candidate.flattened.r2010.dxf","source_layer":"\u0414\u0412_\u0413\u041f_\u041f_\u0412\u043e\u0434\u043e\u043e\u0442\u0432\u043e\u0434\u043d\u044b\u0435_\
1000
u043b\u043e\u0442\u043a\u0438","source_project_id":"898ea8e86f4d","source_status":"partial prepared CAD: 45 of 47 external references embedded","street":"\u041a\u0443\u043b\u0438\u043a\u043e\u0432\u04
1000
41\u043a\u0430\u044f \u0443\u043b\u0438\u0446\u0430, \u041c\u043e\u0441\u043a\u0432\u0430","suggestion_confidence":"high"},"role":"asset","schema_version":1,"type_id":"net.tray"}
  0
LWPOLYLINE
  5
18F
330
17
100
AcDbEntity
  8
GC_DRAINAGE_TRAY
100
AcDbPolyline
 90
4
 70
1
 10
3947.9607631129534
 20
-11181.234120572164
 10
3948.194045713357
 20
-11181.324004613836
 10
3948.014277508647
 20
-11181.79057014254
 10
3947.781003814622
 20
-11181.700662290155
1001
GREENCAD_EDIT_V1
1000
{"geometry_role":"OUTER_CONTOUR","id":"kul-tray:000252:ca171213acb2","properties":{"missing_external_references":["\u0410\u0421\u0423_\u041e\u0414\u0421_\u041a\u0443\u043b\u0438\u043a\u043e\u0432\u044
1000
1\u043a\u0430\u044f","\u04407989_\u041a\u0443\u043b\u0438\u043a\u043e\u0432\u0441\u043a\u0430\u044f \u0443\u043b._\u043f\u0440\u043e\u0435\u043a\u0442"],"normative":false,"professional_confirmation":f
1000
alse,"semantic_authority":"project layer-name evidence for diagnostic testing only","semantic_basis":"explicit project layer name; advisory classification","source_currentness_confirmed":false,"source
1000
_entity_type":"LWPOLYLINE","source_file":"cad_candidate.flattened.r2010.dxf","source_layer":"\u0414\u0412_\u0413\u041f_\u041f_\u0412\u043e\u0434\u043e\u043e\u0442\u0432\u043e\u0434\u043d\u044b\u0435_\
1000
u043b\u043e\u0442\u043a\u0438","source_project_id":"898ea8e86f4d","source_status":"partial prepared CAD: 45 of 47 external references embedded","street":"\u041a\u0443\u043b\u0438\u043a\u043e\u0432\u04
1000
41\u043a\u0430\u044f \u0443\u043b\u0438\u0446\u0430, \u041c\u043e\u0441\u043a\u0432\u0430","suggestion_confidence":"high"},"role":"asset","schema_version":1,"type_id":"net.tray"}
  0
LWPOLYLINE
  5
190
330
17
100
AcDbEntity
  8
GC_DRAINAGE_TRAY
100
AcDbPolyline
 90
4
 70
1
 10
3947.780994674949
 20
-11181.70068601098
 10
3948.0142772753525
 20
-11181.790570052652
 10
3947.8345090706425
 20
-11182.257135581356
 10
3947.6012353766178
 20
-11182.16722772897
1001
GREENCAD_EDIT_V1
1000
{"geometry_role":"OUTER_CONTOUR","id":"kul-tray:000253:a85bdd09788c","properties":{"missing_external_references":["\u0410\u0421\u0423_\u041e\u0414\u0421_\u041a\u0443\u043b\u0438\u043a\u043e\u0432\u044
1000
1\u043a\u0430\u044f","\u04407989_\u041a\u0443\u043b\u0438\u043a\u043e\u0432\u0441\u043a\u0430\u044f \u0443\u043b._\u043f\u0440\u043e\u0435\u043a\u0442"],"normative":false,"professional_confirmation":f
1000
alse,"semantic_authority":"project layer-name evidence for diagnostic testing only","semantic_basis":"explicit project layer name; advisory classification","source_currentness_confirmed":false,"source
1000
_entity_type":"LWPOLYLINE","source_file":"cad_candidate.flattened.r2010.dxf","source_layer":"\u0414\u0412_\u0413\u041f_\u041f_\u0412\u043e\u0434\u043e\u043e\u0442\u0432\u043e\u0434\u043d\u044b\u0435_\
1000
u043b\u043e\u0442\u043a\u0438","source_project_id":"898ea8e86f4d","source_status":"partial prepared CAD: 45 of 47 external references embedded","street":"\u041a\u0443\u043b\u0438\u043a\u043e\u0432\u04
1000
41\u043a\u0430\u044f \u0443\u043b\u0438\u0446\u0430, \u041c\u043e\u0441\u043a\u0432\u0430","suggestion_confidence":"high"},"role":"asset","schema_version":1,"type_id":"net.tray"}
  0
LWPOLYLINE
  5
191
330
17
100
AcDbEntity
  8
GC_DRAINAGE_TRAY
100
AcDbPolyline
 90
4
 70
1
 10
3947.601226236944
 20
-11182.167251449795
 10
3947.8345088373476
 20
-11182.257135491467
 10
3947.6547406326376
 20
-11182.723701020172
 10
3947.421466938613
 20
-11182.633793167786
1001
GREENCAD_EDIT_V1
1000
{"geometry_role":"OUTER_CONTOUR","id":"kul-tray:000254:dce302e9ba16","properties":{"missing_external_references":["\u0410\u0421\u0423_\u041e\u0414\u0421_\u041a\u0443\u043b\u0438\u043a\u043e\u0432\u044
1000
1\u043a\u0430\u044f","\u04407989_\u041a\u0443\u043b\u0438\u043a\u043e\u0432\u0441\u043a\u0430\u044f \u0443\u043b._\u043f\u0440\u043e\u0435\u043a\u0442"],"normative":false,"professional_confirmation":f
1000
alse,"semantic_authority":"project layer-name evidence for diagnostic testing only","semantic_basis":"explicit project layer name; advisory classification","source_currentness_confirmed":false,"source
1000
_entity_type":"LWPOLYLINE","source_file":"cad_candidate.flattened.r2010.dxf","source_layer":"\u0414\u0412_\u0413\u041f_\u041f_\u0412\u043e\u0434\u043e\u043e\u0442\u0432\u043e\u0434\u043d\u044b\u0435_\
1000
u043b\u043e\u0442\u043a\u0438","source_project_id":"898ea8e86f4d","source_status":"partial prepared CAD: 45 of 47 external references embedded","street":"\u041a\u0443\u043b\u0438\u043a\u043e\u0432\u04
1000
41\u043a\u0430\u044f \u0443\u043b\u0438\u0446\u0430, \u041c\u043e\u0441\u043a\u0432\u0430","suggestion_confidence":"high"},"role":"asset","schema_version":1,"type_id":"net.tray"}
  0
LWPOLYLINE
  5
192
330
17
100
AcDbEntity
  8
GC_DRAINAGE_TRAY
100
AcDbPolyline
 90
4
 70
1
 10
3947.4214577989396
 20
-11182.63381688861
 10
3947.654740399343
 20
-11182.723700930283
 10
3947.474972194633
 20
-11183.190266458987
 10
3947.2416985006084
 20
-11183.100358606602
1001
GREENCAD_EDIT_V1
1000
{"geometry_role":"OUTER_CONTOUR","id":"kul-tray:000255:f808f01640a5","properties":{"missing_external_references":["\u0410\u0421\u0423_\u041e\u0414\u0421_\u041a\u0443\u043b\u0438\u043a\u043e\u0432\u044
1000
1\u043a\u0430\u044f","\u04407989_\u041a\u0443\u043b\u0438\u043a\u043e\u0432\u0441\u043a\u0430\u044f \u0443\u043b._\u043f\u0440\u043e\u0435\u043a\u0442"],"normative":false,"professional_confirmation":f
1000
alse,"semantic_authority":"project layer-name evidence for diagnostic testing only","semantic_basis":"explicit project layer name; advisory classification","source_currentness_confirmed":false,"source
1000
_entity_type":"LWPOLYLINE","source_file":"cad_candidate.flattened.r2010.dxf","source_layer":"\u0414\u0412_\u0413\u041f_\u041f_\u0412\u043e\u0434\u043e\u043e\u0442\u0432\u043e\u0434\u043d\u044b\u0435_\
1000
u043b\u043e\u0442\u043a\u0438","source_project_id":"898ea8e86f4d","source_status":"partial prepared CAD: 45 of 47 external references embedded","street":"\u041a\u0443\u043b\u0438\u043a\u043e\u0432\u04
1000
41\u043a\u0430\u044f \u0443\u043b\u0438\u0446\u0430, \u041c\u043e\u0441\u043a\u0432\u0430","suggestion_confidence":"high"},"role":"asset","schema_version":1,"type_id":"net.tray"}
  0
LWPOLYLINE
  5
193
330
17
100
AcDbEntity
  8
GC_DRAINAGE_TRAY
100
AcDbPolyline
 90
2
 70
0
 10
3948.859605302976
 20
-11178.90129337809
 10
3947.273290199693
 20
-11183.0183664888
1001
GREENCAD_EDIT_V1
1000
{"geometry_role":"AXIS","id":"kul-tray:000256:f6faab81f143","properties":{"missing_external_references":["\u0410\u0421\u0423_\u041e\u0414\u0421_\u041a\u0443\u043b\u0438\u043a\u043e\u0432\u0441\u043a\u
1000
0430\u044f","\u04407989_\u041a\u0443\u043b\u0438\u043a\u043e\u0432\u0441\u043a\u0430\u044f \u0443\u043b._\u043f\u0440\u043e\u0435\u043a\u0442"],"normative":false,"professional_confirmation":false,"sem
1000
antic_authority":"project layer-name evidence for diagnostic testing only","semantic_basis":"explicit project layer name; advisory classification","source_currentness_confirmed":false,"source_entity_t
1000
ype":"LWPOLYLINE","source_file":"cad_candidate.flattened.r2010.dxf","source_layer":"\u0414\u0412_\u0413\u041f_\u041f_\u0412\u043e\u0434\u043e\u043e\u0442\u0432\u043e\u0434\u043d\u044b\u0435_\u043b\u04
1000
3e\u0442\u043a\u0438","source_project_id":"898ea8e86f4d","source_status":"partial prepared CAD: 45 of 47 external references embedded","street":"\u041a\u0443\u043b\u0438\u043a\u043e\u0432\u0441\u043a\
1000
u0430\u044f \u0443\u043b\u0438\u0446\u0430, \u041c\u043e\u0441\u043a\u0432\u0430","suggestion_confidence":"high"},"role":"asset","schema_version":1,"type_id":"net.tray"}
  0
LWPOLYLINE
  5
194
330
17
100
AcDbEntity
  8
GC_SIDEWALK_EDGE
100
AcDbPolyline
 90
28
 70
0
 10
4051.422947778163
 20
-10921.80416719863
 10
4051.422947778163
 20
-10921.80416719863
 10
4050.882818220904
 20
-10923.1298602313
 10
4050.19438650857
 20
-10924.77142827051
 10
4046.76598163887
 20
-10932.83467602137
 10
4044.87167375876
 20
-10937.29837762596
 10
4043.438029660108
 20
-10940.8228263464
 10
4041.34926834744
 20
-10945.94295373184
 10
4039.170106224869
 20
-10951.24223222701
 10
4038.789349695733
 20
-10952.23958647248
 10
4036.95419967093
 20
-10956.8140457642
 10
4035.868744330781
 20
-10959.46332525609
 10
4035.61806610888
 20
-10959.99550348623
 10
4034.911663026106
 20
-10961.67480995536
 10
4033.666016520245
 20
-10964.71621767467
 10
4032.018841824109
 20
-10968.67955065062
 10
4031.265775990386
 20
-10970.52749413564
 10
4030.004858128523
 20
-10973.63235942957
 10
4028.576676464453
 20
-10977.11965498296
 10
4026.813481756588
 20
-10981.46707262733
 10
4025.336982049323
 20
-10985.12231188965
 10
4025.119534372895
 20
-10985.66723030457
 10
4023.70685618842
 20
-10989.23784200788
 10
4021.854988826586
 20
-10993.97694271833
 10
4021.349382386009
 20
-10995.27342330615
 10
4019.945634295781
 20
-10998.83054471652
 10
4019.080842606285
 20
-11001.04784931231
 10
4018.614494130466
 20
-11002.23975396317
1001
GREENCAD_EDIT_V1
1000
{"geometry_role":"EDGE","id":"kul-sidewalk_edge:000257:bd59dfbe7755","properties":{"missing_external_references":["\u0410\u0421\u0423_\u041e\u0414\u0421_\u041a\u0443\u043b\u0438\u043a\u043e\u0432\u044
1000
1\u043a\u0430\u044f","\u04407989_\u041a\u0443\u043b\u0438\u043a\u043e\u0432\u0441\u043a\u0430\u044f \u0443\u043b._\u043f\u0440\u043e\u0435\u043a\u0442"],"normative":false,"professional_confirmation":f
1000
alse,"semantic_authority":"project layer-name evidence for diagnostic testing only","semantic_basis":"explicit project layer name; advisory classification","source_currentness_confirmed":false,"source
1000
_entity_type":"LWPOLYLINE","source_file":"cad_candidate.flattened.r2010.dxf","source_layer":"\u0414\u0412_\u0413\u041f_\u041f_\u0411\u043e\u0440\u0442_\u0411\u0420_\u043d\u0430_\u0442\u0440\u043e\u044
1000
2\u0443\u0430\u0440\u0435_15\u0441\u043c","source_project_id":"898ea8e86f4d","source_status":"partial prepared CAD: 45 of 47 external references embedded","street":"\u041a\u0443\u043b\u0438\u043a\u043
1000
e\u0432\u0441\u043a\u0430\u044f \u0443\u043b\u0438\u0446\u0430, \u041c\u043e\u0441\u043a\u0432\u0430","suggestion_confidence":"medium"},"role":"asset","schema_version":1,"type_id":"traffic.sidewalk"}
  0
LWPOLYLINE
  5
195
330
17
100
AcDbEntity
  8
GC_DRAINAGE_TRAY
100
AcDbPolyline
 90
4
 70
1
 10
4168.563
 20
-10511.169999999996
 10
4168.465825450274
 20
-10511.400341093777
 10
4168.005142938795
 20
-10511.205991862707
 10
4168.102341007425
 20
-10510.975660419566
1001
GREENCAD_EDIT_V1
1000
{"geometry_role":"OUTER_CONTOUR","id":"kul-tray:000258:f9d8e81051c2","properties":{"missing_external_references":["\u0410\u0421\u0423_\u041e\u0414\u0421_\u041a\u0443\u043b\u0438\u043a\u043e\u0432\u044
1000
1\u043a\u0430\u044f","\u04407989_\u041a\u0443\u043b\u0438\u043a\u043e\u0432\u0441\u043a\u0430\u044f \u0443\u043b._\u043f\u0440\u043e\u0435\u043a\u0442"],"normative":false,"professional_confirmation":f
1000
alse,"semantic_authority":"project layer-name evidence for diagnostic testing only","semantic_basis":"explicit project layer name; advisory classification","source_currentness_confirmed":false,"source
1000
_entity_type":"LWPOLYLINE","source_file":"cad_candidate.flattened.r2010.dxf","source_layer":"\u0414\u0412_\u0413\u041f_\u041f_\u0412\u043e\u0434\u043e\u043e\u0442\u0432\u043e\u0434\u043d\u044b\u0435_\
1000
u043b\u043e\u0442\u043a\u0438","source_project_id":"898ea8e86f4d","source_status":"partial prepared CAD: 45 of 47 external references embedded","street":"\u041a\u0443\u043b\u0438\u043a\u043e\u0432\u04
1000
41\u043a\u0430\u044f \u0443\u043b\u0438\u0446\u0430, \u041c\u043e\u0441\u043a\u0432\u0430","suggestion_confidence":"high"},"role":"asset","schema_version":1,"type_id":"net.tray"}
  0
LWPOLYLINE
  5
196
330
17
100
AcDbEntity
  8
GC_DRAINAGE_TRAY
100
AcDbPolyline
 90
4
 70
1
 10
4168.102317585701
 20
-10510.975650538574
 10
4168.0051430359745
 20
-10511.205991632354
 10
4167.544460524496
 20
-10511.011642401285
 10
4167.641658593126
 20
-10510.781310958144
1001
GREENCAD_EDIT_V1
1000
{"geometry_role":"OUTER_CONTOUR","id":"kul-tray:000259:a472b16c2920","properties":{"missing_external_references":["\u0410\u0421\u0423_\u041e\u0414\u0421_\u041a\u0443\u043b\u0438\u043a\u043e\u0432\u044
1000
1\u043a\u0430\u044f","\u04407989_\u041a\u0443\u043b\u0438\u043a\u043e\u0432\u0441\u043a\u0430\u044f \u0443\u043b._\u043f\u0440\u043e\u0435\u043a\u0442"],"normative":false,"professional_confirmation":f
1000
alse,"semantic_authority":"project layer-name evidence for diagnostic testing only","semantic_basis":"explicit project layer name; advisory classification","source_currentness_confirmed":false,"source
1000
_entity_type":"LWPOLYLINE","source_file":"cad_candidate.flattened.r2010.dxf","source_layer":"\u0414\u0412_\u0413\u041f_\u041f_\u0412\u043e\u0434\u043e\u043e\u0442\u0432\u043e\u0434\u043d\u044b\u0435_\
1000
u043b\u043e\u0442\u043a\u0438","source_project_id":"898ea8e86f4d","source_status":"partial prepared CAD: 45 of 47 external references embedded","street":"\u041a\u0443\u043b\u0438\u043a\u043e\u0432\u04
1000
41\u043a\u0430\u044f \u0443\u043b\u0438\u0446\u0430, \u041c\u043e\u0441\u043a\u0432\u0430","suggestion_confidence":"high"},"role":"asset","schema_version":1,"type_id":"net.tray"}
  0
LWPOLYLINE
  5
197
330
17
100
AcDbEntity
  8
GC_DRAINAGE_TRAY
100
AcDbPolyline
 90
4
 70
1
 10
4167.6416351714015
 20
-10510.781301077152
 10
4167.544460621675
 20
-10511.011642170932
 10
4167.083778110196
 20
-10510.817292939862
 10
4167.180976178826
 20
-10510.586961496721
1001
GREENCAD_EDIT_V1
1000
{"geometry_role":"OUTER_CONTOUR","id":"kul-tray:000260:ba67c27984f7","properties":{"missing_external_references":["\u0410\u0421\u0423_\u041e\u0414\u0421_\u041a\u0443\u043b\u0438\u043a\u043e\u0432\u044
1000
1\u043a\u0430\u044f","\u04407989_\u041a\u0443\u043b\u0438\u043a\u043e\u0432\u0441\u043a\u0430\u044f \u0443\u043b._\u043f\u0440\u043e\u0435\u043a\u0442"],"normative":false,"professional_confirmation":f
1000
alse,"semantic_authority":"project layer-name evidence for diagnostic testing only","semantic_basis":"explicit project layer name; advisory classification","source_currentness_confirmed":false,"source
1000
_entity_type":"LWPOLYLINE","source_file":"cad_candidate.flattened.r2010.dxf","source_layer":"\u0414\u0412_\u0413\u041f_\u041f_\u0412\u043e\u0434\u043e\u043e\u0442\u0432\u043e\u0434\u043d\u044b\u0435_\
1000
u043b\u043e\u0442\u043a\u0438","source_project_id":"898ea8e86f4d","source_status":"partial prepared CAD: 45 of 47 external references embedded","street":"\u041a\u0443\u043b\u0438\u043a\u043e\u0432\u04
1000
41\u043a\u0430\u044f \u0443\u043b\u0438\u0446\u0430, \u041c\u043e\u0441\u043a\u0432\u0430","suggestion_confidence":"high"},"role":"asset","schema_version":1,"type_id":"net.tray"}
  0
LWPOLYLINE
  5
198
330
17
100
AcDbEntity
  8
GC_DRAINAGE_TRAY
100
AcDbPolyline
 90
4
 70
1
 10
4167.180952757101
 20
-10510.586951615729
 10
4167.083778207375
 20
-10510.81729270951
 10
4166.623095695896
 20
-10510.62294347844
 10
4166.720293764526
 20
-10510.392612035299
1001
GREENCAD_EDIT_V1
1000
{"geometry_role":"OUTER_CONTOUR","id":"kul-tray:000261:7b76db7d8803","properties":{"missing_external_references":["\u0410\u0421\u0423_\u041e\u0414\u0421_\u041a\u0443\u043b\u0438\u043a\u043e\u0432\u044
1000
1\u043a\u0430\u044f","\u04407989_\u041a\u0443\u043b\u0438\u043a\u043e\u0432\u0441\u043a\u0430\u044f \u0443\u043b._\u043f\u0440\u043e\u0435\u043a\u0442"],"normative":false,"professional_confirmation":f
1000
alse,"semantic_authority":"project layer-name evidence for diagnostic testing only","semantic_basis":"explicit project layer name; advisory classification","source_currentness_confirmed":false,"source
1000
_entity_type":"LWPOLYLINE","source_file":"cad_candidate.flattened.r2010.dxf","source_layer":"\u0414\u0412_\u0413\u041f_\u041f_\u0412\u043e\u0434\u043e\u043e\u0442\u0432\u043e\u0434\u043d\u044b\u0435_\
1000
u043b\u043e\u0442\u043a\u0438","source_project_id":"898ea8e86f4d","source_status":"partial prepared CAD: 45 of 47 external references embedded","street":"\u041a\u0443\u043b\u0438\u043a\u043e\u0432\u04
1000
41\u043a\u0430\u044f \u0443\u043b\u0438\u0446\u0430, \u041c\u043e\u0441\u043a\u0432\u0430","suggestion_confidence":"high"},"role":"asset","schema_version":1,"type_id":"net.tray"}
  0
LWPOLYLINE
  5
199
330
17
100
AcDbEntity
  8
GC_DRAINAGE_TRAY
100
AcDbPolyline
 90
4
 70
1
 10
4166.720270342802
 20
-10510.392602154307
 10
4166.623095793076
 20
-10510.622943248087
 10
4166.162413281597
 20
-10510.428594017018
 10
4166.259611350227
 20
-10510.198262573876
1001
GREENCAD_EDIT_V1
1000
{"geometry_role":"OUTER_CONTOUR","id":"kul-tray:000262:76de1e448d20","properties":{"missing_external_references":["\u0410\u0421\u0423_\u041e\u0414\u0421_\u041a\u0443\u043b\u0438\u043a\u043e\u0432\u044
1000
1\u043a\u0430\u044f","\u04407989_\u041a\u0443\u043b\u0438\u043a\u043e\u0432\u0441\u043a\u0430\u044f \u0443\u043b._\u043f\u0440\u043e\u0435\u043a\u0442"],"normative":false,"professional_confirmation":f
1000
alse,"semantic_authority":"project layer-name evidence for diagnostic testing only","semantic_basis":"explicit project layer name; advisory classification","source_currentness_confirmed":false,"source
1000
_entity_type":"LWPOLYLINE","source_file":"cad_candidate.flattened.r2010.dxf","source_layer":"\u0414\u0412_\u0413\u041f_\u041f_\u0412\u043e\u0434\u043e\u043e\u0442\u0432\u043e\u0434\u043d\u044b\u0435_\
1000
u043b\u043e\u0442\u043a\u0438","source_project_id":"898ea8e86f4d","source_status":"partial prepared CAD: 45 of 47 external references embedded","street":"\u041a\u0443\u043b\u0438\u043a\u043e\u0432\u04
1000
41\u043a\u0430\u044f \u0443\u043b\u0438\u0446\u0430, \u041c\u043e\u0441\u043a\u0432\u0430","suggestion_confidence":"high"},"role":"asset","schema_version":1,"type_id":"net.tray"}
  0
LWPOLYLINE
  5
19A
330
17
100
AcDbEntity
  8
GC_DRAINAGE_TRAY
100
AcDbPolyline
 90
4
 70
1
 10
4166.259587928503
 20
-10510.198252692884
 10
4166.162413378776
 20
-10510.428593786664
 10
4165.701730867298
 20
-10510.234244555595
 10
4165.7989289359275
 20
-10510.003913112454
1001
GREENCAD_EDIT_V1
1000
{"geometry_role":"OUTER_CONTOUR","id":"kul-tray:000263:803acb84f74d","properties":{"missing_external_references":["\u0410\u0421\u0423_\u041e\u0414\u0421_\u041a\u0443\u043b\u0438\u043a\u043e\u0432\u044
1000
1\u043a\u0430\u044f","\u04407989_\u041a\u0443\u043b\u0438\u043a\u043e\u0432\u0441\u043a\u0430\u044f \u0443\u043b._\u043f\u0440\u043e\u0435\u043a\u0442"],"normative":false,"professional_confirmation":f
1000
alse,"semantic_authority":"project layer-name evidence for diagnostic testing only","semantic_basis":"explicit project layer name; advisory classification","source_currentness_confirmed":false,"source
1000
_entity_type":"LWPOLYLINE","source_file":"cad_candidate.flattened.r2010.dxf","source_layer":"\u0414\u0412_\u0413\u041f_\u041f_\u0412\u043e\u0434\u043e\u043e\u0442\u0432\u043e\u0434\u043d\u044b\u0435_\
1000
u043b\u043e\u0442\u043a\u0438","source_project_id":"898ea8e86f4d","source_status":"partial prepared CAD: 45 of 47 external references embedded","street":"\u041a\u0443\u043b\u0438\u043a\u043e\u0432\u04
1000
41\u043a\u0430\u044f \u0443\u043b\u0438\u0446\u0430, \u041c\u043e\u0441\u043a\u0432\u0430","suggestion_confidence":"high"},"role":"asset","schema_version":1,"type_id":"net.tray"}
  0
LWPOLYLINE
  5
19B
330
17
100
AcDbEntity
  8
GC_DRAINAGE_TRAY
100
AcDbPolyline
 90
4
 70
1
 10
4165.798905514203
 20
-10510.003903231462
 10
4165.701730964477
 20
-10510.234244325242
 10
4165.241048452998
 20
-10510.039895094173
 10
4165.338246521628
 20
-10509.809563651032
1001
GREENCAD_EDIT_V1
1000
{"geometry_role":"OUTER_CONTOUR","id":"kul-tray:000264:5bd69f70468b","properties":{"missing_external_references":["\u0410\u0421\u0423_\u041e\u0414\u0421_\u041a\u0443\u043b\u0438\u043a\u043e\u0432\u044
1000
1\u043a\u0430\u044f","\u04407989_\u041a\u0443\u043b\u0438\u043a\u043e\u0432\u0441\u043a\u0430\u044f \u0443\u043b._\u043f\u0440\u043e\u0435\u043a\u0442"],"normative":false,"professional_confirmation":f
1000
alse,"semantic_authority":"project layer-name evidence for diagnostic testing only","semantic_basis":"explicit project layer name; advisory classification","source_currentness_confirmed":false,"source
1000
_entity_type":"LWPOLYLINE","source_file":"cad_candidate.flattened.r2010.dxf","source_layer":"\u0414\u0412_\u0413\u041f_\u041f_\u0412\u043e\u0434\u043e\u043e\u0442\u0432\u043e\u0434\u043d\u044b\u0435_\
1000
u043b\u043e\u0442\u043a\u0438","source_project_id":"898ea8e86f4d","source_status":"partial prepared CAD: 45 of 47 external references embedded","street":"\u041a\u0443\u043b\u0438\u043a\u043e\u0432\u04
1000
41\u043a\u0430\u044f \u0443\u043b\u0438\u0446\u0430, \u041c\u043e\u0441\u043a\u0432\u0430","suggestion_confidence":"high"},"role":"asset","schema_version":1,"type_id":"net.tray"}
  0
LWPOLYLINE
  5
19C
330
17
100
AcDbEntity
  8
GC_DRAINAGE_TRAY
100
AcDbPolyline
 90
4
 70
1
 10
4165.338223099903
 20
-10509.80955377004
 10
4165.241048550177
 20
-10510.03989486382
 10
4164.780366038698
 20
-10509.84554563275
 10
4164.877564107328
 20
-10509.61521418961
1001
GREENCAD_EDIT_V1
1000
{"geometry_role":"OUTER_CONTOUR","id":"kul-tray:000265:0e914abd6322","properties":{"missing_external_references":["\u0410\u0421\u0423_\u041e\u0414\u0421_\u041a\u0443\u043b\u0438\u043a\u043e\u0432\u044
1000
1\u043a\u0430\u044f","\u04407989_\u041a\u0443\u043b\u0438\u043a\u043e\u0432\u0441\u043a\u0430\u044f \u0443\u043b._\u043f\u0440\u043e\u0435\u043a\u0442"],"normative":false,"professional_confirmation":f
1000
alse,"semantic_authority":"project layer-name evidence for diagnostic testing only","semantic_basis":"explicit project layer name; advisory classification","source_currentness_confirmed":false,"source
1000
_entity_type":"LWPOLYLINE","source_file":"cad_candidate.flattened.r2010.dxf","source_layer":"\u0414\u0412_\u0413\u041f_\u041f_\u0412\u043e\u0434\u043e\u043e\u0442\u0432\u043e\u0434\u043d\u044b\u0435_\
1000
u043b\u043e\u0442\u043a\u0438","source_project_id":"898ea8e86f4d","source_status":"partial prepared CAD: 45 of 47 external references embedded","street":"\u041a\u0443\u043b\u0438\u043a\u043e\u0432\u04
1000
41\u043a\u0430\u044f \u0443\u043b\u0438\u0446\u0430, \u041c\u043e\u0441\u043a\u0432\u0430","suggestion_confidence":"high"},"role":"asset","schema_version":1,"type_id":"net.tray"}
  0
LWPOLYLINE
  5
19D
330
17
100
AcDbEntity
  8
GC_DRAINAGE_TRAY
100
AcDbPolyline
 90
4
 70
1
 10
4164.877540685604
 20
-10509.615204308617
 10
4164.780366135878
 20
-10509.845545402397
 10
4164.319683624399
 20
-10509.651196171328
 10
4164.416881693029
 20
-10509.420864728187
1001
GREENCAD_EDIT_V1
1000
{"geometry_role":"OUTER_CONTOUR","id":"kul-tray:000266:41710524a671","properties":{"missing_external_references":["\u0410\u0421\u0423_\u041e\u0414\u0421_\u041a\u0443\u043b\u0438\u043a\u043e\u0432\u044
1000
1\u043a\u0430\u044f","\u04407989_\u041a\u0443\u043b\u0438\u043a\u043e\u0432\u0441\u043a\u0430\u044f \u0443\u043b._\u043f\u0440\u043e\u0435\u043a\u0442"],"normative":false,"professional_confirmation":f
1000
alse,"semantic_authority":"project layer-name evidence for diagnostic testing only","semantic_basis":"explicit project layer name; advisory classification","source_currentness_confirmed":false,"source
1000
_entity_type":"LWPOLYLINE","source_file":"cad_candidate.flattened.r2010.dxf","source_layer":"\u0414\u0412_\u0413\u041f_\u041f_\u0412\u043e\u0434\u043e\u043e\u0442\u0432\u043e\u0434\u043d\u044b\u0435_\
1000
u043b\u043e\u0442\u043a\u0438","source_project_id":"898ea8e86f4d","source_status":"partial prepared CAD: 45 of 47 external references embedded","street":"\u041a\u0443\u043b\u0438\u043a\u043e\u0432\u04
1000
41\u043a\u0430\u044f \u0443\u043b\u0438\u0446\u0430, \u041c\u043e\u0441\u043a\u0432\u0430","suggestion_confidence":"high"},"role":"asset","schema_version":1,"type_id":"net.tray"}
  0
LWPOLYLINE
  5
19E
330
17
100
AcDbEntity
  8
GC_DRAINAGE_TRAY
100
AcDbPolyline
 90
4
 70
1
 10
4164.416858271305
 20
-10509.420854847194
 10
4164.319683721578
 20
-10509.651195940975
 10
4163.859001210099
 20
-10509.456846709905
 10
4163.956199278729
 20
-10509.226515266764
1001
GREENCAD_EDIT_V1
1000
{"geometry_role":"OUTER_CONTOUR","id":"kul-tray:000267:4df632590780","properties":{"missing_external_references":["\u0410\u0421\u0423_\u041e\u0414\u0421_\u041a\u0443\u043b\u0438\u043a\u043e\u0432\u044
1000
1\u043a\u0430\u044f","\u04407989_\u041a\u0443\u043b\u0438\u043a\u043e\u0432\u0441\u043a\u0430\u044f \u0443\u043b._\u043f\u0440\u043e\u0435\u043a\u0442"],"normative":false,"professional_confirmation":f
1000
alse,"semantic_authority":"project layer-name evidence for diagnostic testing only","semantic_basis":"explicit project layer name; advisory classification","source_currentness_confirmed":false,"source
1000
_entity_type":"LWPOLYLINE","source_file":"cad_candidate.flattened.r2010.dxf","source_layer":"\u0414\u0412_\u0413\u041f_\u041f_\u0412\u043e\u0434\u043e\u043e\u0442\u0432\u043e\u0434\u043d\u044b\u0435_\
1000
u043b\u043e\u0442\u043a\u0438","source_project_id":"898ea8e86f4d","source_status":"partial prepared CAD: 45 of 47 external references embedded","street":"\u041a\u0443\u043b\u0438\u043a\u043e\u0432\u04
1000
41\u043a\u0430\u044f \u0443\u043b\u0438\u0446\u0430, \u041c\u043e\u0441\u043a\u0432\u0430","suggestion_confidence":"high"},"role":"asset","schema_version":1,"type_id":"net.tray"}
  0
LWPOLYLINE
  5
19F
330
17
100
AcDbEntity
  8
GC_DRAINAGE_TRAY
100
AcDbPolyline
 90
4
 70
1
 10
4163.956175857005
 20
-10509.226505385772
 10
4163.859001307279
 20
-10509.456846479552
 10
4163.3983187958
 20
-10509.262497248483
 10
4163.49551686443
 20
-10509.032165805342
1001
GREENCAD_EDIT_V1
1000
{"geometry_role":"OUTER_CONTOUR","id":"kul-tray:000268:11caf17ef735","properties":{"missing_external_references":["\u0410\u0421\u0423_\u041e\u0414\u0421_\u041a\u0443\u043b\u0438\u043a\u043e\u0432\u044
1000
1\u043a\u0430\u044f","\u04407989_\u041a\u0443\u043b\u0438\u043a\u043e\u0432\u0441\u043a\u0430\u044f \u0443\u043b._\u043f\u0440\u043e\u0435\u043a\u0442"],"normative":false,"professional_confirmation":f
1000
alse,"semantic_authority":"project layer-name evidence for diagnostic testing only","semantic_basis":"explicit project layer name; advisory classification","source_currentness_confirmed":false,"source
1000
_entity_type":"LWPOLYLINE","source_file":"cad_candidate.flattened.r2010.dxf","source_layer":"\u0414\u0412_\u0413\u041f_\u041f_\u0412\u043e\u0434\u043e\u043e\u0442\u0432\u043e\u0434\u043d\u044b\u0435_\
1000
u043b\u043e\u0442\u043a\u0438","source_project_id":"898ea8e86f4d","source_status":"partial prepared CAD: 45 of 47 external references embedded","street":"\u041a\u0443\u043b\u0438\u043a\u043e\u0432\u04
1000
41\u043a\u0430\u044f \u0443\u043b\u0438\u0446\u0430, \u041c\u043e\u0441\u043a\u0432\u0430","suggestion_confidence":"high"},"role":"asset","schema_version":1,"type_id":"net.tray"}
  0
LWPOLYLINE
  5
1A0
330
17
100
AcDbEntity
  8
GC_DRAINAGE_TRAY
100
AcDbPolyline
 90
4
 70
1
 10
4163.495493442705
 20
-10509.03215592435
 10
4163.398318892979
 20
-10509.26249701813
 10
4162.9376363815
 20
-10509.06814778706
 10
4163.03483445013
 20
-10508.83781634392
1001
GREENCAD_EDIT_V1
1000
{"geometry_role":"OUTER_CONTOUR","id":"kul-tray:000269:a20db683913a","properties":{"missing_external_references":["\u0410\u0421\u0423_\u041e\u0414\u0421_\u041a\u0443\u043b\u0438\u043a\u043e\u0432\u044
1000
1\u043a\u0430\u044f","\u04407989_\u041a\u0443\u043b\u0438\u043a\u043e\u0432\u0441\u043a\u0430\u044f \u0443\u043b._\u043f\u0440\u043e\u0435\u043a\u0442"],"normative":false,"professional_confirmation":f
1000
alse,"semantic_authority":"project layer-name evidence for diagnostic testing only","semantic_basis":"explicit project layer name; advisory classification","source_currentness_confirmed":false,"source
1000
_entity_type":"LWPOLYLINE","source_file":"cad_candidate.flattened.r2010.dxf","source_layer":"\u0414\u0412_\u0413\u041f_\u041f_\u0412\u043e\u0434\u043e\u043e\u0442\u0432\u043e\u0434\u043d\u044b\u0435_\
1000
u043b\u043e\u0442\u043a\u0438","source_project_id":"898ea8e86f4d","source_status":"partial prepared CAD: 45 of 47 external references embedded","street":"\u041a\u0443\u043b\u0438\u043a\u043e\u0432\u04
1000
41\u043a\u0430\u044f \u0443\u043b\u0438\u0446\u0430, \u041c\u043e\u0441\u043a\u0432\u0430","suggestion_confidence":"high"},"role":"asset","schema_version":1,"type_id":"net.tray"}
  0
LWPOLYLINE
  5
1A1
330
17
100
AcDbEntity
  8
GC_DRAINAGE_TRAY
100
AcDbPolyline
 90
4
 70
1
 10
4163.034811028406
 20
-10508.837806462927
 10
4162.937636478679
 20
-10509.068147556707
 10
4162.476953967201
 20
-10508.873798325638
 10
4162.574152035831
 20
-10508.643466882497
1001
GREENCAD_EDIT_V1
1000
{"geometry_role":"OUTER_CONTOUR","id":"kul-tray:000270:7236089e3583","properties":{"missing_external_references":["\u0410\u0421\u0423_\u041e\u0414\u0421_\u041a\u0443\u043b\u0438\u043a\u043e\u0432\u044
1000
1\u043a\u0430\u044f","\u04407989_\u041a\u0443\u043b\u0438\u043a\u043e\u0432\u0441\u043a\u0430\u044f \u0443\u043b._\u043f\u0440\u043e\u0435\u043a\u0442"],"normative":false,"professional_confirmation":f
1000
alse,"semantic_authority":"project layer-name evidence for diagnostic testing only","semantic_basis":"explicit project layer name; advisory classification","source_currentness_confirmed":false,"source
1000
_entity_type":"LWPOLYLINE","source_file":"cad_candidate.flattened.r2010.dxf","source_layer":"\u0414\u0412_\u0413\u041f_\u041f_\u0412\u043e\u0434\u043e\u043e\u0442\u0432\u043e\u0434\u043d\u044b\u0435_\
1000
u043b\u043e\u0442\u043a\u0438","source_project_id":"898ea8e86f4d","source_status":"partial prepared CAD: 45 of 47 external references embedded","street":"\u041a\u0443\u043b\u0438\u043a\u043e\u0432\u04
1000
41\u043a\u0430\u044f \u0443\u043b\u0438\u0446\u0430, \u041c\u043e\u0441\u043a\u0432\u0430","suggestion_confidence":"high"},"role":"asset","schema_version":1,"type_id":"net.tray"}
  0
LWPOLYLINE
  5
1A2
330
17
100
AcDbEntity
  8
GC_DRAINAGE_TRAY
100
AcDbPolyline
 90
4
 70
1
 10
4162.5741286141065
 20
-10508.643457001504
 10
4162.47695406438
 20
-10508.873798095285
 10
4162.016271552901
 20
-10508.679448864215
 10
4162.113469621531
 20
-10508.449117421074
1001
GREENCAD_EDIT_V1
1000
{"geometry_role":"OUTER_CONTOUR","id":"kul-tray:000271:b5544936a12e","properties":{"missing_external_references":["\u0410\u0421\u0423_\u041e\u0414\u0421_\u041a\u0443\u043b\u0438\u043a\u043e\u0432\u044
1000
1\u043a\u0430\u044f","\u04407989_\u041a\u0443\u043b\u0438\u043a\u043e\u0432\u0441\u043a\u0430\u044f \u0443\u043b._\u043f\u0440\u043e\u0435\u043a\u0442"],"normative":false,"professional_confirmation":f
1000
alse,"semantic_authority":"project layer-name evidence for diagnostic testing only","semantic_basis":"explicit project layer name; advisory classification","source_currentness_confirmed":false,"source
1000
_entity_type":"LWPOLYLINE","source_file":"cad_candidate.flattened.r2010.dxf","source_layer":"\u0414\u0412_\u0413\u041f_\u041f_\u0412\u043e\u0434\u043e\u043e\u0442\u0432\u043e\u0434\u043d\u044b\u0435_\
1000
u043b\u043e\u0442\u043a\u0438","source_project_id":"898ea8e86f4d","source_status":"partial prepared CAD: 45 of 47 external references embedded","street":"\u041a\u0443\u043b\u0438\u043a\u043e\u0432\u04
1000
41\u043a\u0430\u044f \u0443\u043b\u0438\u0446\u0430, \u041c\u043e\u0441\u043a\u0432\u0430","suggestion_confidence":"high"},"role":"asset","schema_version":1,"type_id":"net.tray"}
  0
LWPOLYLINE
  5
1A3
330
17
100
AcDbEntity
  8
GC_DRAINAGE_TRAY
100
AcDbPolyline
 90
4
 70
1
 10
4162.113446199807
 20
-10508.449107540084
 10
4162.016271650081
 20
-10508.679448633864
 10
4161.555589138602
 20
-10508.485099402795
 10
4161.652787207232
 20
-10508.254767959654
1001
GREENCAD_EDIT_V1
1000
{"geometry_role":"OUTER_CONTOUR","id":"kul-tray:000272:6ff7753605c9","properties":{"missing_external_references":["\u0410\u0421\u0423_\u041e\u0414\u0421_\u041a\u0443\u043b\u0438\u043a\u043e\u0432\u044
1000
1\u043a\u0430\u044f","\u04407989_\u041a\u0443\u043b\u0438\u043a\u043e\u0432\u0441\u043a\u0430\u044f \u0443\u043b._\u043f\u0440\u043e\u0435\u043a\u0442"],"normative":false,"professional_confirmation":f
1000
alse,"semantic_authority":"project layer-name evidence for diagnostic testing only","semantic_basis":"explicit project layer name; advisory classification","source_currentness_confirmed":false,"source
1000
_entity_type":"LWPOLYLINE","source_file":"cad_candidate.flattened.r2010.dxf","source_layer":"\u0414\u0412_\u0413\u041f_\u041f_\u0412\u043e\u0434\u043e\u043e\u0442\u0432\u043e\u0434\u043d\u044b\u0435_\
1000
u043b\u043e\u0442\u043a\u0438","source_project_id":"898ea8e86f4d","source_status":"partial prepared CAD: 45 of 47 external references embedded","street":"\u041a\u0443\u043b\u0438\u043a\u043e\u0432\u04
1000
41\u043a\u0430\u044f \u0443\u043b\u0438\u0446\u0430, \u041c\u043e\u0441\u043a\u0432\u0430","suggestion_confidence":"high"},"role":"asset","schema_version":1,"type_id":"net.tray"}
  0
LWPOLYLINE
  5
1A4
330
17
100
AcDbEntity
  8
GC_DRAINAGE_TRAY
100
AcDbPolyline
 90
4
 70
1
 10
4161.652763785507
 20
-10508.25475807866
 10
4161.555589235781
 20
-10508.48509917244
 10
4161.094906724302
 20
-10508.29074994137
 10
4161.192104792932
 20
-10508.06041849823
1001
GREENCAD_EDIT_V1
1000
{"geometry_role":"OUTER_CONTOUR","id":"kul-tray:000273:ca63774c1379","properties":{"missing_external_references":["\u0410\u0421\u0423_\u041e\u0414\u0421_\u041a\u0443\u043b\u0438\u043a\u043e\u0432\u044
1000
1\u043a\u0430\u044f","\u04407989_\u041a\u0443\u043b\u0438\u043a\u043e\u0432\u0441\u043a\u0430\u044f \u0443\u043b._\u043f\u0440\u043e\u0435\u043a\u0442"],"normative":false,"professional_confirmation":f
1000
alse,"semantic_authority":"project layer-name evidence for diagnostic testing only","semantic_basis":"explicit project layer name; advisory classification","source_currentness_confirmed":false,"source
1000
_entity_type":"LWPOLYLINE","source_file":"cad_candidate.flattened.r2010.dxf","source_layer":"\u0414\u0412_\u0413\u041f_\u041f_\u0412\u043e\u0434\u043e\u043e\u0442\u0432\u043e\u0434\u043d\u044b\u0435_\
1000
u043b\u043e\u0442\u043a\u0438","source_project_id":"898ea8e86f4d","source_status":"partial prepared CAD: 45 of 47 external references embedded","street":"\u041a\u0443\u043b\u0438\u043a\u043e\u0432\u04
1000
41\u043a\u0430\u044f \u0443\u043b\u0438\u0446\u0430, \u041c\u043e\u0441\u043a\u0432\u0430","suggestion_confidence":"high"},"role":"asset","schema_version":1,"type_id":"net.tray"}
  0
LWPOLYLINE
  5
1A5
330
17
100
AcDbEntity
  8
GC_DRAINAGE_TRAY
100
AcDbPolyline
 90
4
 70
1
 10
4161.192081371208
 20
-10508.060408617239
 10
4161.094906821481
 20
-10508.290749711019
 10
4160.6342243100025
 20
-10508.09640047995
 10
4160.7314223786325
 20
-10507.866069036809
1001
GREENCAD_EDIT_V1
1000
{"geometry_role":"OUTER_CONTOUR","id":"kul-tray:000274:554eda9da935","properties":{"missing_external_references":["\u0410\u0421\u0423_\u041e\u0414\u0421_\u041a\u0443\u043b\u0438\u043a\u043e\u0432\u044
1000
1\u043a\u0430\u044f","\u04407989_\u041a\u0443\u043b\u0438\u043a\u043e\u0432\u0441\u043a\u0430\u044f \u0443\u043b._\u043f\u0440\u043e\u0435\u043a\u0442"],"normative":false,"professional_confirmation":f
1000
alse,"semantic_authority":"project layer-name evidence for diagnostic testing only","semantic_basis":"explicit project layer name; advisory classification","source_currentness_confirmed":false,"source
1000
_entity_type":"LWPOLYLINE","source_file":"cad_candidate.flattened.r2010.dxf","source_layer":"\u0414\u0412_\u0413\u041f_\u041f_\u0412\u043e\u0434\u043e\u043e\u0442\u0432\u043e\u0434\u043d\u044b\u0435_\
1000
u043b\u043e\u0442\u043a\u0438","source_project_id":"898ea8e86f4d","source_status":"partial prepared CAD: 45 of 47 external references embedded","street":"\u041a\u0443\u043b\u0438\u043a\u043e\u0432\u04
1000
41\u043a\u0430\u044f \u0443\u043b\u0438\u0446\u0430, \u041c\u043e\u0441\u043a\u0432\u0430","suggestion_confidence":"high"},"role":"asset","schema_version":1,"type_id":"net.tray"}
  0
LWPOLYLINE
  5
1A6
330
17
100
AcDbEntity
  8
GC_DRAINAGE_TRAY
100
AcDbPolyline
 90
4
 70
1
 10
4160.731398956908
 20
-10507.866059155816
 10
4160.634224407182
 20
-10508.096400249597
 10
4160.173541895703
 20
-10507.902051018527
 10
4160.270739964333
 20
-10507.671719575386
1001
GREENCAD_EDIT_V1
1000
{"geometry_role":"OUTER_CONTOUR","id":"kul-tray:000275:4b57b8c98846","properties":{"missing_external_references":["\u0410\u0421\u0423_\u041e\u0414\u0421_\u041a\u0443\u043b\u0438\u043a\u043e\u0432\u044
1000
1\u043a\u0430\u044f","\u04407989_\u041a\u0443\u043b\u0438\u043a\u043e\u0432\u0441\u043a\u0430\u044f \u0443\u043b._\u043f\u0440\u043e\u0435\u043a\u0442"],"normative":false,"professional_confirmation":f
1000
alse,"semantic_authority":"project layer-name evidence for diagnostic testing only","semantic_basis":"explicit project layer name; advisory classification","source_currentness_confirmed":false,"source
1000
_entity_type":"LWPOLYLINE","source_file":"cad_candidate.flattened.r2010.dxf","source_layer":"\u0414\u0412_\u0413\u041f_\u041f_\u0412\u043e\u0434\u043e\u043e\u0442\u0432\u043e\u0434\u043d\u044b\u0435_\
1000
u043b\u043e\u0442\u043a\u0438","source_project_id":"898ea8e86f4d","source_status":"partial prepared CAD: 45 of 47 external references embedded","street":"\u041a\u0443\u043b\u0438\u043a\u043e\u0432\u04
1000
41\u043a\u0430\u044f \u0443\u043b\u0438\u0446\u0430, \u041c\u043e\u0441\u043a\u0432\u0430","suggestion_confidence":"high"},"role":"asset","schema_version":1,"type_id":"net.tray"}
  0
LWPOLYLINE
  5
1A7
330
17
100
AcDbEntity
  8
GC_DRAINAGE_TRAY
100
AcDbPolyline
 90
4
 70
1
 10
4160.270716542609
 20
-10507.671709694394
 10
4160.173541992883
 20
-10507.902050788174
 10
4159.712859481404
 20
-10507.707701557105
 10
4159.810057550034
 20
-10507.477370113964
1001
GREENCAD_EDIT_V1
1000
{"geometry_role":"OUTER_CONTOUR","id":"kul-tray:000276:e583e5d469d2","properties":{"missing_external_references":["\u0410\u0421\u0423_\u041e\u0414\u0421_\u041a\u0443\u043b\u0438\u043a\u043e\u0432\u044
1000
1\u043a\u0430\u044f","\u04407989_\u041a\u0443\u043b\u0438\u043a\u043e\u0432\u0441\u043a\u0430\u044f \u0443\u043b._\u043f\u0440\u043e\u0435\u043a\u0442"],"normative":false,"professional_confirmation":f
1000
alse,"semantic_authority":"project layer-name evidence for diagnostic testing only","semantic_basis":"explicit project layer name; advisory classification","source_currentness_confirmed":false,"source
1000
_entity_type":"LWPOLYLINE","source_file":"cad_candidate.flattened.r2010.dxf","source_layer":"\u0414\u0412_\u0413\u041f_\u041f_\u0412\u043e\u0434\u043e\u043e\u0442\u0432\u043e\u0434\u043d\u044b\u0435_\
1000
u043b\u043e\u0442\u043a\u0438","source_project_id":"898ea8e86f4d","source_status":"partial prepared CAD: 45 of 47 external references embedded","street":"\u041a\u0443\u043b\u0438\u043a\u043e\u0432\u04
1000
41\u043a\u0430\u044f \u0443\u043b\u0438\u0446\u0430, \u041c\u043e\u0441\u043a\u0432\u0430","suggestion_confidence":"high"},"role":"asset","schema_version":1,"type_id":"net.tray"}
  0
LWPOLYLINE
  5
1A8
330
17
100
AcDbEntity
  8
GC_DRAINAGE_TRAY
100
AcDbPolyline
 90
4
 70
1
 10
4159.81003412831
 20
-10507.477360232971
 10
4159.712859578583
 20
-10507.707701326752
 10
4159.252177067105
 20
-10507.513352095682
 10
4159.349375135735
 20
-10507.283020652541
1001
GREENCAD_EDIT_V1
1000
{"geometry_role":"OUTER_CONTOUR","id":"kul-tray:000277:f091170ef9c8","properties":{"missing_external_references":["\u0410\u0421\u0423_\u041e\u0414\u0421_\u041a\u0443\u043b\u0438\u043a\u043e\u0432\u044
1000
1\u043a\u0430\u044f","\u04407989_\u041a\u0443\u043b\u0438\u043a\u043e\u0432\u0441\u043a\u0430\u044f \u0443\u043b._\u043f\u0440\u043e\u0435\u043a\u0442"],"normative":false,"professional_confirmation":f
1000
alse,"semantic_authority":"project layer-name evidence for diagnostic testing only","semantic_basis":"explicit project layer name; advisory classification","source_currentness_confirmed":false,"source
1000
_entity_type":"LWPOLYLINE","source_file":"cad_candidate.flattened.r2010.dxf","source_layer":"\u0414\u0412_\u0413\u041f_\u041f_\u0412\u043e\u0434\u043e\u043e\u0442\u0432\u043e\u0434\u043d\u044b\u0435_\
1000
u043b\u043e\u0442\u043a\u0438","source_project_id":"898ea8e86f4d","source_status":"partial prepared CAD: 45 of 47 external references embedded","street":"\u041a\u0443\u043b\u0438\u043a\u043e\u0432\u04
1000
41\u043a\u0430\u044f \u0443\u043b\u0438\u0446\u0430, \u041c\u043e\u0441\u043a\u0432\u0430","suggestion_confidence":"high"},"role":"asset","schema_version":1,"type_id":"net.tray"}
  0
LWPOLYLINE
  5
1A9
330
17
100
AcDbEntity
  8
GC_DRAINAGE_TRAY
100
AcDbPolyline
 90
4
 70
1
 10
4159.34935171401
 20
-10507.283010771549
 10
4159.252177164283
 20
-10507.51335186533
 10
4158.791494652804
 20
-10507.31900263426
 10
4158.888692721434
 20
-10507.088671191119
1001
GREENCAD_EDIT_V1
1000
{"geometry_role":"OUTER_CONTOUR","id":"kul-tray:000278:99aa145399bc","properties":{"missing_external_references":["\u0410\u0421\u0423_\u041e\u0414\u0421_\u041a\u0443\u043b\u0438\u043a\u043e\u0432\u044
1000
1\u043a\u0430\u044f","\u04407989_\u041a\u0443\u043b\u0438\u043a\u043e\u0432\u0441\u043a\u0430\u044f \u0443\u043b._\u043f\u0440\u043e\u0435\u043a\u0442"],"normative":false,"professional_confirmation":f
1000
alse,"semantic_authority":"project layer-name evidence for diagnostic testing only","semantic_basis":"explicit project layer name; advisory classification","source_currentness_confirmed":false,"source
1000
_entity_type":"LWPOLYLINE","source_file":"cad_candidate.flattened.r2010.dxf","source_layer":"\u0414\u0412_\u0413\u041f_\u041f_\u0412\u043e\u0434\u043e\u043e\u0442\u0432\u043e\u0434\u043d\u044b\u0435_\
1000
u043b\u043e\u0442\u043a\u0438","source_project_id":"898ea8e86f4d","source_status":"partial prepared CAD: 45 of 47 external references embedded","street":"\u041a\u0443\u043b\u0438\u043a\u043e\u0432\u04
1000
41\u043a\u0430\u044f \u0443\u043b\u0438\u0446\u0430, \u041c\u043e\u0441\u043a\u0432\u0430","suggestion_confidence":"high"},"role":"asset","schema_version":1,"type_id":"net.tray"}
  0
LWPOLYLINE
  5
1AA
330
17
100
AcDbEntity
  8
GC_DRAINAGE_TRAY
100
AcDbPolyline
 90
4
 70
1
 10
4158.88866929971
 20
-10507.088661310127
 10
4158.791494749984
 20
-10507.319002403907
 10
4158.330812238505
 20
-10507.124653172837
 10
4158.428010307135
 20
-10506.894321729696
1001
GREENCAD_EDIT_V1
1000
{"geometry_role":"OUTER_CONTOUR","id":"kul-tray:000279:1147f076af68","properties":{"missing_external_references":["\u0410\u0421\u0423_\u041e\u0414\u0421_\u041a\u0443\u043b\u0438\u043a\u043e\u0432\u044
1000
1\u043a\u0430\u044f","\u04407989_\u041a\u0443\u043b\u0438\u043a\u043e\u0432\u0441\u043a\u0430\u044f \u0443\u043b._\u043f\u0440\u043e\u0435\u043a\u0442"],"normative":false,"professional_confirmation":f
1000
alse,"semantic_authority":"project layer-name evidence for diagnostic testing only","semantic_basis":"explicit project layer name; advisory classification","source_currentness_confirmed":false,"source
1000
_entity_type":"LWPOLYLINE","source_file":"cad_candidate.flattened.r2010.dxf","source_layer":"\u0414\u0412_\u0413\u041f_\u041f_\u0412\u043e\u0434\u043e\u043e\u0442\u0432\u043e\u0434\u043d\u044b\u0435_\
1000
u043b\u043e\u0442\u043a\u0438","source_project_id":"898ea8e86f4d","source_status":"partial prepared CAD: 45 of 47 external references embedded","street":"\u041a\u0443\u043b\u0438\u043a\u043e\u0432\u04
1000
41\u043a\u0430\u044f \u0443\u043b\u0438\u0446\u0430, \u041c\u043e\u0441\u043a\u0432\u0430","suggestion_confidence":"high"},"role":"asset","schema_version":1,"type_id":"net.tray"}
  0
LWPOLYLINE
  5
1AB
330
17
100
AcDbEntity
  8
GC_DRAINAGE_TRAY
100
AcDbPolyline
 90
4
 70
1
 10
4158.427986885411
 20
-10506.894311848704
 10
4158.330812335685
 20
-10507.124652942484
 10
4157.870129824206
 20
-10506.930303711415
 10
4157.967327892836
 20
-10506.699972268274
1001
GREENCAD_EDIT_V1
1000
{"geometry_role":"OUTER_CONTOUR","id":"kul-tray:000280:0036a3d6d809","properties":{"missing_external_references":["\u0410\u0421\u0423_\u041e\u0414\u0421_\u041a\u0443\u043b\u0438\u043a\u043e\u0432\u044
1000
1\u043a\u0430\u044f","\u04407989_\u041a\u0443\u043b\u0438\u043a\u043e\u0432\u0441\u043a\u0430\u044f \u0443\u043b._\u043f\u0440\u043e\u0435\u043a\u0442"],"normative":false,"professional_confirmation":f
1000
alse,"semantic_authority":"project layer-name evidence for diagnostic testing only","semantic_basis":"explicit project layer name; advisory classification","source_currentness_confirmed":false,"source
1000
_entity_type":"LWPOLYLINE","source_file":"cad_candidate.flattened.r2010.dxf","source_layer":"\u0414\u0412_\u0413\u041f_\u041f_\u0412\u043e\u0434\u043e\u043e\u0442\u0432\u043e\u0434\u043d\u044b\u0435_\
1000
u043b\u043e\u0442\u043a\u0438","source_project_id":"898ea8e86f4d","source_status":"partial prepared CAD: 45 of 47 external references embedded","street":"\u041a\u0443\u043b\u0438\u043a\u043e\u0432\u04
1000
41\u043a\u0430\u044f \u0443\u043b\u0438\u0446\u0430, \u041c\u043e\u0441\u043a\u0432\u0430","suggestion_confidence":"high"},"role":"asset","schema_version":1,"type_id":"net.tray"}
  0
LWPOLYLINE
  5
1AC
330
17
100
AcDbEntity
  8
GC_DRAINAGE_TRAY
100
AcDbPolyline
 90
4
 70
1
 10
4157.967304471112
 20
-10506.699962387282
 10
4157.870129921385
 20
-10506.930303481062
 10
4157.4094474099065
 20
-10506.735954249993
 10
4157.5066454785365
 20
-10506.505622806852
1001
GREENCAD_EDIT_V1
1000
{"geometry_role":"OUTER_CONTOUR","id":"kul-tray:000281:8674276486f3","properties":{"missing_external_references":["\u0410\u0421\u0423_\u041e\u0414\u0421_\u041a\u0443\u043b\u0438\u043a\u043e\u0432\u044
1000
1\u043a\u0430\u044f","\u04407989_\u041a\u0443\u043b\u0438\u043a\u043e\u0432\u0441\u043a\u0430\u044f \u0443\u043b._\u043f\u0440\u043e\u0435\u043a\u0442"],"normative":false,"professional_confirmation":f
1000
alse,"semantic_authority":"project layer-name evidence for diagnostic testing only","semantic_basis":"explicit project layer name; advisory classification","source_currentness_confirmed":false,"source
1000
_entity_type":"LWPOLYLINE","source_file":"cad_candidate.flattened.r2010.dxf","source_layer":"\u0414\u0412_\u0413\u041f_\u041f_\u0412\u043e\u0434\u043e\u043e\u0442\u0432\u043e\u0434\u043d\u044b\u0435_\
1000
u043b\u043e\u0442\u043a\u0438","source_project_id":"898ea8e86f4d","source_status":"partial prepared CAD: 45 of 47 external references embedded","street":"\u041a\u0443\u043b\u0438\u043a\u043e\u0432\u04
1000
41\u043a\u0430\u044f \u0443\u043b\u0438\u0446\u0430, \u041c\u043e\u0441\u043a\u0432\u0430","suggestion_confidence":"high"},"role":"asset","schema_version":1,"type_id":"net.tray"}
  0
LWPOLYLINE
  5
1AD
330
17
100
AcDbEntity
  8
GC_DRAINAGE_TRAY
100
AcDbPolyline
 90
4
 70
1
 10
4157.5066220568115
 20
-10506.50561292586
 10
4157.409447507085
 20
-10506.73595401964
 10
4156.948764995606
 20
-10506.54160478857
 10
4157.045963064236
 20
-10506.311273345429
1001
GREENCAD_EDIT_V1
1000
{"geometry_role":"OUTER_CONTOUR","id":"kul-tray:000282:51238d2b85d3","properties":{"missing_external_references":["\u0410\u0421\u0423_\u041e\u0414\u0421_\u041a\u0443\u043b\u0438\u043a\u043e\u0432\u044
1000
1\u043a\u0430\u044f","\u04407989_\u041a\u0443\u043b\u0438\u043a\u043e\u0432\u0441\u043a\u0430\u044f \u0443\u043b._\u043f\u0440\u043e\u0435\u043a\u0442"],"normative":false,"professional_confirmation":f
1000
alse,"semantic_authority":"project layer-name evidence for diagnostic testing only","semantic_basis":"explicit project layer name; advisory classification","source_currentness_confirmed":false,"source
1000
_entity_type":"LWPOLYLINE","source_file":"cad_candidate.flattened.r2010.dxf","source_layer":"\u0414\u0412_\u0413\u041f_\u041f_\u0412\u043e\u0434\u043e\u043e\u0442\u0432\u043e\u0434\u043d\u044b\u0435_\
1000
u043b\u043e\u0442\u043a\u0438","source_project_id":"898ea8e86f4d","source_status":"partial prepared CAD: 45 of 47 external references embedded","street":"\u041a\u0443\u043b\u0438\u043a\u043e\u0432\u04
1000
41\u043a\u0430\u044f \u0443\u043b\u0438\u0446\u0430, \u041c\u043e\u0441\u043a\u0432\u0430","suggestion_confidence":"high"},"role":"asset","schema_version":1,"type_id":"net.tray"}
  0
LWPOLYLINE
  5
1AE
330
17
100
AcDbEntity
  8
GC_DRAINAGE_TRAY
100
AcDbPolyline
 90
4
 70
1
 10
4157.045939642512
 20
-10506.311263464437
 10
4156.948765092786
 20
-10506.541604558217
 10
4156.488082581307
 20
-10506.347255327148
 10
4156.585280649937
 20
-10506.116923884007
1001
GREENCAD_EDIT_V1
1000
{"geometry_role":"OUTER_CONTOUR","id":"kul-tray:000283:759db07b415e","properties":{"missing_external_references":["\u0410\u0421\u0423_\u041e\u0414\u0421_\u041a\u0443\u043b\u0438\u043a\u043e\u0432\u044
1000
1\u043a\u0430\u044f","\u04407989_\u041a\u0443\u043b\u0438\u043a\u043e\u0432\u0441\u043a\u0430\u044f \u0443\u043b._\u043f\u0440\u043e\u0435\u043a\u0442"],"normative":false,"professional_confirmation":f
1000
alse,"semantic_authority":"project layer-name evidence for diagnostic testing only","semantic_basis":"explicit project layer name; advisory classification","source_currentness_confirmed":false,"source
1000
_entity_type":"LWPOLYLINE","source_file":"cad_candidate.flattened.r2010.dxf","source_layer":"\u0414\u0412_\u0413\u041f_\u041f_\u0412\u043e\u0434\u043e\u043e\u0442\u0432\u043e\u0434\u043d\u044b\u0435_\
1000
u043b\u043e\u0442\u043a\u0438","source_project_id":"898ea8e86f4d","source_status":"partial prepared CAD: 45 of 47 external references embedded","street":"\u041a\u0443\u043b\u0438\u043a\u043e\u0432\u04
1000
41\u043a\u0430\u044f \u0443\u043b\u0438\u0446\u0430, \u041c\u043e\u0441\u043a\u0432\u0430","suggestion_confidence":"high"},"role":"asset","schema_version":1,"type_id":"net.tray"}
  0
LWPOLYLINE
  5
1AF
330
17
100
AcDbEntity
  8
GC_DRAINAGE_TRAY
100
AcDbPolyline
 90
2
 70
0
 10
4168.563
 20
-10511.17
 10
4156.926819994251
 20
-10506.26101010385
1001
GREENCAD_EDIT_V1
1000
{"geometry_role":"AXIS","id":"kul-tray:000284:74598fee6563","properties":{"missing_external_references":["\u0410\u0421\u0423_\u041e\u0414\u0421_\u041a\u0443\u043b\u0438\u043a\u043e\u0432\u0441\u043a\u
1000
0430\u044f","\u04407989_\u041a\u0443\u043b\u0438\u043a\u043e\u0432\u0441\u043a\u0430\u044f \u0443\u043b._\u043f\u0440\u043e\u0435\u043a\u0442"],"normative":false,"professional_confirmation":false,"sem
1000
antic_authority":"project layer-name evidence for diagnostic testing only","semantic_basis":"explicit project layer name; advisory classification","source_currentness_confirmed":false,"source_entity_t
1000
ype":"LWPOLYLINE","source_file":"cad_candidate.flattened.r2010.dxf","source_layer":"\u0414\u0412_\u0413\u041f_\u041f_\u0412\u043e\u0434\u043e\u043e\u0442\u0432\u043e\u0434\u043d\u044b\u0435_\u043b\u04
1000
3e\u0442\u043a\u0438","source_project_id":"898ea8e86f4d","source_status":"partial prepared CAD: 45 of 47 external references embedded","street":"\u041a\u0443\u043b\u0438\u043a\u043e\u0432\u0441\u043a\
1000
u0430\u044f \u0443\u043b\u0438\u0446\u0430, \u041c\u043e\u0441\u043a\u0432\u0430","suggestion_confidence":"high"},"role":"asset","schema_version":1,"type_id":"net.tray"}
  0
LWPOLYLINE
  5
1B0
330
17
100
AcDbEntity
  8
GC_DRAINAGE_TRAY
100
AcDbPolyline
 90
4
 70
1
 10
4172.25811999916
 20
-10512.752130009012
 10
4172.161443165175
 20
-10512.982680442474
 10
4171.700341974051
 20
-10512.789326643588
 10
4171.797042347728
 20
-10512.558785809948
1001
GREENCAD_EDIT_V1
1000
{"geometry_role":"OUTER_CONTOUR","id":"kul-tray:000285:95a0ba9b5c95","properties":{"missing_external_references":["\u0410\u0421\u0423_\u041e\u0414\u0421_\u041a\u0443\u043b\u0438\u043a\u043e\u0432\u044
1000
1\u043a\u0430\u044f","\u04407989_\u041a\u0443\u043b\u0438\u043a\u043e\u0432\u0441\u043a\u0430\u044f \u0443\u043b._\u043f\u0440\u043e\u0435\u043a\u0442"],"normative":false,"professional_confirmation":f
1000
alse,"semantic_authority":"project layer-name evidence for diagnostic testing only","semantic_basis":"explicit project layer name; advisory classification","source_currentness_confirmed":false,"source
1000
_entity_type":"LWPOLYLINE","source_file":"cad_candidate.flattened.r2010.dxf","source_layer":"\u0414\u0412_\u0413\u041f_\u041f_\u0412\u043e\u0434\u043e\u043e\u0442\u0432\u043e\u0434\u043d\u044b\u0435_\
1000
u043b\u043e\u0442\u043a\u0438","source_project_id":"898ea8e86f4d","source_status":"partial prepared CAD: 45 of 47 external references embedded","street":"\u041a\u0443\u043b\u0438\u043a\u043e\u0432\u04
1000
41\u043a\u0430\u044f \u0443\u043b\u0438\u0446\u0430, \u041c\u043e\u0441\u043a\u0432\u0430","suggestion_confidence":"high"},"role":"asset","schema_version":1,"type_id":"net.tray"}
  0
LWPOLYLINE
  5
1B1
330
17
100
AcDbEntity
  8
GC_DRAINAGE_TRAY
100
AcDbPolyline
 90
4
 70
1
 10
4171.797018904717
 20
-10512.558775979565
 10
4171.700342070732
 20
-10512.789326413027
 10
4171.239240879609
 20
-10512.595972614141
 10
4171.3359412532855
 20
-10512.365431780501
1001
GREENCAD_EDIT_V1
1000
{"geometry_role":"OUTER_CONTOUR","id":"kul-tray:000286:4cdcc99f32da","properties":{"missing_external_references":["\u0410\u0421\u0423_\u041e\u0414\u0421_\u041a\u0443\u043b\u0438\u043a\u043e\u0432\u044
1000
1\u043a\u0430\u044f","\u04407989_\u041a\u0443\u043b\u0438\u043a\u043e\u0432\u0441\u043a\u0430\u044f \u0443\u043b._\u043f\u0440\u043e\u0435\u043a\u0442"],"normative":false,"professional_confirmation":f
1000
alse,"semantic_authority":"project layer-name evidence for diagnostic testing only","semantic_basis":"explicit project layer name; advisory classification","source_currentness_confirmed":false,"source
1000
_entity_type":"LWPOLYLINE","source_file":"cad_candidate.flattened.r2010.dxf","source_layer":"\u0414\u0412_\u0413\u041f_\u041f_\u0412\u043e\u0434\u043e\u043e\u0442\u0432\u043e\u0434\u043d\u044b\u0435_\
1000
u043b\u043e\u0442\u043a\u0438","source_project_id":"898ea8e86f4d","source_status":"partial prepared CAD: 45 of 47 external references embedded","street":"\u041a\u0443\u043b\u0438\u043a\u043e\u0432\u04
1000
41\u043a\u0430\u044f \u0443\u043b\u0438\u0446\u0430, \u041c\u043e\u0441\u043a\u0432\u0430","suggestion_confidence":"high"},"role":"asset","schema_version":1,"type_id":"net.tray"}
  0
LWPOLYLINE
  5
1B2
330
17
100
AcDbEntity
  8
GC_DRAINAGE_TRAY
100
AcDbPolyline
 90
4
 70
1
 10
4171.335917810275
 20
-10512.365421950117
 10
4171.23924097629
 20
-10512.595972383579
 10
4170.778139785166
 20
-10512.402618584692
 10
4170.874840158843
 20
-10512.172077751053
1001
GREENCAD_EDIT_V1
1000
{"geometry_role":"OUTER_CONTOUR","id":"kul-tray:000287:77d7d745c66c","properties":{"missing_external_references":["\u0410\u0421\u0423_\u041e\u0414\u0421_\u041a\u0443\u043b\u0438\u043a\u043e\u0432\u044
1000
1\u043a\u0430\u044f","\u04407989_\u041a\u0443\u043b\u0438\u043a\u043e\u0432\u0441\u043a\u0430\u044f \u0443\u043b._\u043f\u0440\u043e\u0435\u043a\u0442"],"normative":false,"professional_confirmation":f
1000
alse,"semantic_authority":"project layer-name evidence for diagnostic testing only","semantic_basis":"explicit project layer name; advisory classification","source_currentness_confirmed":false,"source
1000
_entity_type":"LWPOLYLINE","source_file":"cad_candidate.flattened.r2010.dxf","source_layer":"\u0414\u0412_\u0413\u041f_\u041f_\u0412\u043e\u0434\u043e\u043e\u0442\u0432\u043e\u0434\u043d\u044b\u0435_\
1000
u043b\u043e\u0442\u043a\u0438","source_project_id":"898ea8e86f4d","source_status":"partial prepared CAD: 45 of 47 external references embedded","street":"\u041a\u0443\u043b\u0438\u043a\u043e\u0432\u04
1000
41\u043a\u0430\u044f \u0443\u043b\u0438\u0446\u0430, \u041c\u043e\u0441\u043a\u0432\u0430","suggestion_confidence":"high"},"role":"asset","schema_version":1,"type_id":"net.tray"}
  0
LWPOLYLINE
  5
1B3
330
17
100
AcDbEntity
  8
GC_DRAINAGE_TRAY
100
AcDbPolyline
 90
4
 70
1
 10
4170.874816715832
 20
-10512.17206792067
 10
4170.778139881847
 20
-10512.402618354132
 10
4170.317038690723
 20
-10512.209264555246
 10
4170.4137390644
 20
-10511.978723721606
1001
GREENCAD_EDIT_V1
1000
{"geometry_role":"OUTER_CONTOUR","id":"kul-tray:000288:7fce25241f4d","properties":{"missing_external_references":["\u0410\u0421\u0423_\u041e\u0414\u0421_\u041a\u0443\u043b\u0438\u043a\u043e\u0432\u044
1000
1\u043a\u0430\u044f","\u04407989_\u041a\u0443\u043b\u0438\u043a\u043e\u0432\u0441\u043a\u0430\u044f \u0443\u043b._\u043f\u0440\u043e\u0435\u043a\u0442"],"normative":false,"professional_confirmation":f
1000
alse,"semantic_authority":"project layer-name evidence for diagnostic testing only","semantic_basis":"explicit project layer name; advisory classification","source_currentness_confirmed":false,"source
1000
_entity_type":"LWPOLYLINE","source_file":"cad_candidate.flattened.r2010.dxf","source_layer":"\u0414\u0412_\u0413\u041f_\u041f_\u0412\u043e\u0434\u043e\u043e\u0442\u0432\u043e\u0434\u043d\u044b\u0435_\
1000
u043b\u043e\u0442\u043a\u0438","source_project_id":"898ea8e86f4d","source_status":"partial prepared CAD: 45 of 47 external references embedded","street":"\u041a\u0443\u043b\u0438\u043a\u043e\u0432\u04
1000
41\u043a\u0430\u044f \u0443\u043b\u0438\u0446\u0430, \u041c\u043e\u0441\u043a\u0432\u0430","suggestion_confidence":"high"},"role":"asset","schema_version":1,"type_id":"net.tray"}
  0
LWPOLYLINE
  5
1B4
330
17
100
AcDbEntity
  8
GC_DRAINAGE_TRAY
100
AcDbPolyline
 90
4
 70
1
 10
4170.413715621389
 20
-10511.978713891222
 10
4170.317038787404
 20
-10512.209264324683
 10
4169.8559375962805
 20
-10512.015910525797
 10
4169.952637969957
 20
-10511.785369692157
1001
GREENCAD_EDIT_V1
1000
{"geometry_role":"OUTER_CONTOUR","id":"kul-tray:000289:313b7a21f9e2","properties":{"missing_external_references":["\u0410\u0421\u0423_\u041e\u0414\u0421_\u041a\u0443\u043b\u0438\u043a\u043e\u0432\u044
1000
1\u043a\u0430\u044f","\u04407989_\u041a\u0443\u043b\u0438\u043a\u043e\u0432\u0441\u043a\u0430\u044f \u0443\u043b._\u043f\u0440\u043e\u0435\u043a\u0442"],"normative":false,"professional_confirmation":f
1000
alse,"semantic_authority":"project layer-name evidence for diagnostic testing only","semantic_basis":"explicit project layer name; advisory classification","source_currentness_confirmed":false,"source
1000
_entity_type":"LWPOLYLINE","source_file":"cad_candidate.flattened.r2010.dxf","source_layer":"\u0414\u0412_\u0413\u041f_\u041f_\u0412\u043e\u0434\u043e\u043e\u0442\u0432\u043e\u0434\u043d\u044b\u0435_\
1000
u043b\u043e\u0442\u043a\u0438","source_project_id":"898ea8e86f4d","source_status":"partial prepared CAD: 45 of 47 external references embedded","street":"\u041a\u0443\u043b\u0438\u043a\u043e\u0432\u04
1000
41\u043a\u0430\u044f \u0443\u043b\u0438\u0446\u0430, \u041c\u043e\u0441\u043a\u0432\u0430","suggestion_confidence":"high"},"role":"asset","schema_version":1,"type_id":"net.tray"}
  0
LWPOLYLINE
  5
1B5
330
17
100
AcDbEntity
  8
GC_DRAINAGE_TRAY
100
AcDbPolyline
 90
4
 70
1
 10
4169.9526145269465
 20
-10511.785359861775
 10
4169.855937692962
 20
-10512.015910295237
 10
4169.394836501838
 20
-10511.82255649635
 10
4169.491536875515
 20
-10511.59201566271
1001
GREENCAD_EDIT_V1
1000
{"geometry_role":"OUTER_CONTOUR","id":"kul-tray:000290:3e378df5fd16","properties":{"missing_external_references":["\u0410\u0421\u0423_\u041e\u0414\u0421_\u041a\u0443\u043b\u0438\u043a\u043e\u0432\u044
1000
1\u043a\u0430\u044f","\u04407989_\u041a\u0443\u043b\u0438\u043a\u043e\u0432\u0441\u043a\u0430\u044f \u0443\u043b._\u043f\u0440\u043e\u0435\u043a\u0442"],"normative":false,"professional_confirmation":f
1000
alse,"semantic_authority":"project layer-name evidence for diagnostic testing only","semantic_basis":"explicit project layer name; advisory classification","source_currentness_confirmed":false,"source
1000
_entity_type":"LWPOLYLINE","source_file":"cad_candidate.flattened.r2010.dxf","source_layer":"\u0414\u0412_\u0413\u041f_\u041f_\u0412\u043e\u0434\u043e\u043e\u0442\u0432\u043e\u0434\u043d\u044b\u0435_\
1000
u043b\u043e\u0442\u043a\u0438","source_project_id":"898ea8e86f4d","source_status":"partial prepared CAD: 45 of 47 external references embedded","street":"\u041a\u0443\u043b\u0438\u043a\u043e\u0432\u04
1000
41\u043a\u0430\u044f \u0443\u043b\u0438\u0446\u0430, \u041c\u043e\u0441\u043a\u0432\u0430","suggestion_confidence":"high"},"role":"asset","schema_version":1,"type_id":"net.tray"}
  0
LWPOLYLINE
  5
1B6
330
17
100
AcDbEntity
  8
GC_DRAINAGE_TRAY
100
AcDbPolyline
 90
2
 70
0
 10
4172.258119999162
 20
-10512.75213000901
 10
4169.72207570123
 20
-10511.68868776224
1001
GREENCAD_EDIT_V1
1000
{"geometry_role":"AXIS","id":"kul-tray:000291:02383de9f2d2","properties":{"missing_external_references":["\u0410\u0421\u0423_\u041e\u0414\u0421_\u041a\u0443\u043b\u0438\u043a\u043e\u0432\u0441\u043a\u
1000
0430\u044f","\u04407989_\u041a\u0443\u043b\u0438\u043a\u043e\u0432\u0441\u043a\u0430\u044f \u0443\u043b._\u043f\u0440\u043e\u0435\u043a\u0442"],"normative":false,"professional_confirmation":false,"sem
1000
antic_authority":"project layer-name evidence for diagnostic testing only","semantic_basis":"explicit project layer name; advisory classification","source_currentness_confirmed":false,"source_entity_t
1000
ype":"LWPOLYLINE","source_file":"cad_candidate.flattened.r2010.dxf","source_layer":"\u0414\u0412_\u0413\u041f_\u041f_\u0412\u043e\u0434\u043e\u043e\u0442\u0432\u043e\u0434\u043d\u044b\u0435_\u043b\u04
1000
3e\u0442\u043a\u0438","source_project_id":"898ea8e86f4d","source_status":"partial prepared CAD: 45 of 47 external references embedded","street":"\u041a\u0443\u043b\u0438\u043a\u043e\u0432\u0441\u043a\
1000
u0430\u044f \u0443\u043b\u0438\u0446\u0430, \u041c\u043e\u0441\u043a\u0432\u0430","suggestion_confidence":"high"},"role":"asset","schema_version":1,"type_id":"net.tray"}
  0
LWPOLYLINE
  5
1B7
330
17
100
AcDbEntity
  8
GC_DRAINAGE_TRAY
100
AcDbPolyline
 90
4
 70
1
 10
4193.457284035768
 20
-10513.450061952577
 10
4193.687297217461
 20
-10513.548010147282
 10
4193.491400695347
 20
-10514.008036834142
 10
4193.261397243287
 20
-10513.910065153103
1001
GREENCAD_EDIT_V1
1000
{"geometry_role":"OUTER_CONTOUR","id":"kul-tray:000292:62832217cf20","properties":{"missing_external_references":["\u0410\u0421\u0423_\u041e\u0414\u0421_\u041a\u0443\u043b\u0438\u043a\u043e\u0432\u044
1000
1\u043a\u0430\u044f","\u04407989_\u041a\u0443\u043b\u0438\u043a\u043e\u0432\u0441\u043a\u0430\u044f \u0443\u043b._\u043f\u0440\u043e\u0435\u043a\u0442"],"normative":false,"professional_confirmation":f
1000
alse,"semantic_authority":"project layer-name evidence for diagnostic testing only","semantic_basis":"explicit project layer name; advisory classification","source_currentness_confirmed":false,"source
1000
_entity_type":"LWPOLYLINE","source_file":"cad_candidate.flattened.r2010.dxf","source_layer":"\u0414\u0412_\u0413\u041f_\u041f_\u0412\u043e\u0434\u043e\u043e\u0442\u0432\u043e\u0434\u043d\u044b\u0435_\
1000
u043b\u043e\u0442\u043a\u0438","source_project_id":"898ea8e86f4d","source_status":"partial prepared CAD: 45 of 47 external references embedded","street":"\u041a\u0443\u043b\u0438\u043a\u043e\u0432\u04
1000
41\u043a\u0430\u044f \u0443\u043b\u0438\u0446\u0430, \u041c\u043e\u0441\u043a\u0432\u0430","suggestion_confidence":"high"},"role":"asset","schema_version":1,"type_id":"net.tray"}
  0
LWPOLYLINE
  5
1B8
330
17
100
AcDbEntity
  8
GC_DRAINAGE_TRAY
100
AcDbPolyline
 90
4
 70
1
 10
4193.261387283629
 20
-10513.910088541485
 10
4193.491400465322
 20
-10514.00803673619
 10
4193.295503943208
 20
-10514.46806342305
 10
4193.065500491149
 20
-10514.37009174201
1001
GREENCAD_EDIT_V1
1000
{"geometry_role":"OUTER_CONTOUR","id":"kul-tray:000293:6664884f4515","properties":{"missing_external_references":["\u0410\u0421\u0423_\u041e\u0414\u0421_\u041a\u0443\u043b\u0438\u043a\u043e\u0432\u044
1000
1\u043a\u0430\u044f","\u04407989_\u041a\u0443\u043b\u0438\u043a\u043e\u0432\u0441\u043a\u0430\u044f \u0443\u043b._\u043f\u0440\u043e\u0435\u043a\u0442"],"normative":false,"professional_confirmation":f
1000
alse,"semantic_authority":"project layer-name evidence for diagnostic testing only","semantic_basis":"explicit project layer name; advisory classification","source_currentness_confirmed":false,"source
1000
_entity_type":"LWPOLYLINE","source_file":"cad_candidate.flattened.r2010.dxf","source_layer":"\u0414\u0412_\u0413\u041f_\u041f_\u0412\u043e\u0434\u043e\u043e\u0442\u0432\u043e\u0434\u043d\u044b\u0435_\
1000
u043b\u043e\u0442\u043a\u0438","source_project_id":"898ea8e86f4d","source_status":"partial prepared CAD: 45 of 47 external references embedded","street":"\u041a\u0443\u043b\u0438\u043a\u043e\u0432\u04
1000
41\u043a\u0430\u044f \u0443\u043b\u0438\u0446\u0430, \u041c\u043e\u0441\u043a\u0432\u0430","suggestion_confidence":"high"},"role":"asset","schema_version":1,"type_id":"net.tray"}
  0
LWPOLYLINE
  5
1B9
330
17
100
AcDbEntity
  8
GC_DRAINAGE_TRAY
100
AcDbPolyline
 90
4
 70
1
 10
4193.06549053149
 20
-10514.37011513039
 10
4193.295503713182
 20
-10514.468063325095
 10
4193.099607191069
 20
-10514.928090011956
 10
4192.869603739009
 20
-10514.830118330916
1001
GREENCAD_EDIT_V1
1000
{"geometry_role":"OUTER_CONTOUR","id":"kul-tray:000294:8da5acb1d600","properties":{"missing_external_references":["\u0410\u0421\u0423_\u041e\u0414\u0421_\u041a\u0443\u043b\u0438\u043a\u043e\u0432\u044
1000
1\u043a\u0430\u044f","\u04407989_\u041a\u0443\u043b\u0438\u043a\u043e\u0432\u0441\u043a\u0430\u044f \u0443\u043b._\u043f\u0440\u043e\u0435\u043a\u0442"],"normative":false,"professional_confirmation":f
1000
alse,"semantic_authority":"project layer-name evidence for diagnostic testing only","semantic_basis":"explicit project layer name; advisory classification","source_currentness_confirmed":false,"source
1000
_entity_type":"LWPOLYLINE","source_file":"cad_candidate.flattened.r2010.dxf","source_layer":"\u0414\u0412_\u0413\u041f_\u041f_\u0412\u043e\u0434\u043e\u043e\u0442\u0432\u043e\u0434\u043d\u044b\u0435_\
1000
u043b\u043e\u0442\u043a\u0438","source_project_id":"898ea8e86f4d","source_status":"partial prepared CAD: 45 of 47 external references embedded","street":"\u041a\u0443\u043b\u0438\u043a\u043e\u0432\u04
1000
41\u043a\u0430\u044f \u0443\u043b\u0438\u0446\u0430, \u041c\u043e\u0441\u043a\u0432\u0430","suggestion_confidence":"high"},"role":"asset","schema_version":1,"type_id":"net.tray"}
  0
LWPOLYLINE
  5
1BA
330
17
100
AcDbEntity
  8
GC_DRAINAGE_TRAY
100
AcDbPolyline
 90
4
 70
1
 10
4192.869593779351
 20
-10514.830141719298
 10
4193.099606961044
 20
-10514.928089914003
 10
4192.90371043893
 20
-10515.388116600863
 10
4192.6737069868705
 20
-10515.290144919823
1001
GREENCAD_EDIT_V1
1000
{"geometry_role":"OUTER_CONTOUR","id":"kul-tray:000295:ce7849df176b","properties":{"missing_external_references":["\u0410\u0421\u0423_\u041e\u0414\u0421_\u041a\u0443\u043b\u0438\u043a\u043e\u0432\u044
1000
1\u043a\u0430\u044f","\u04407989_\u041a\u0443\u043b\u0438\u043a\u043e\u0432\u0441\u043a\u0430\u044f \u0443\u043b._\u043f\u0440\u043e\u0435\u043a\u0442"],"normative":false,"professional_confirmation":f
1000
alse,"semantic_authority":"project layer-name evidence for diagnostic testing only","semantic_basis":"explicit project layer name; advisory classification","source_currentness_confirmed":false,"source
1000
_entity_type":"LWPOLYLINE","source_file":"cad_candidate.flattened.r2010.dxf","source_layer":"\u0414\u0412_\u0413\u041f_\u041f_\u0412\u043e\u0434\u043e\u043e\u0442\u0432\u043e\u0434\u043d\u044b\u0435_\
1000
u043b\u043e\u0442\u043a\u0438","source_project_id":"898ea8e86f4d","source_status":"partial prepared CAD: 45 of 47 external references embedded","street":"\u041a\u0443\u043b\u0438\u043a\u043e\u0432\u04
1000
41\u043a\u0430\u044f \u0443\u043b\u0438\u0446\u0430, \u041c\u043e\u0441\u043a\u0432\u0430","suggestion_confidence":"high"},"role":"asset","schema_version":1,"type_id":"net.tray"}
  0
LWPOLYLINE
  5
1BB
330
17
100
AcDbEntity
  8
GC_DRAINAGE_TRAY
100
AcDbPolyline
 90
4
 70
1
 10
4192.673697027212
 20
-10515.290168308205
 10
4192.903710208905
 20
-10515.38811650291
 10
4192.707813686791
 20
-10515.84814318977
 10
4192.477810234732
 20
-10515.750171508731
1001
GREENCAD_EDIT_V1
1000
{"geometry_role":"OUTER_CONTOUR","id":"kul-tray:000296:aedf84f6f258","properties":{"missing_external_references":["\u0410\u0421\u0423_\u041e\u0414\u0421_\u041a\u0443\u043b\u0438\u043a\u043e\u0432\u044
1000
1\u043a\u0430\u044f","\u04407989_\u041a\u0443\u043b\u0438\u043a\u043e\u0432\u0441\u043a\u0430\u044f \u0443\u043b._\u043f\u0440\u043e\u0435\u043a\u0442"],"normative":false,"professional_confirmation":f
1000
alse,"semantic_authority":"project layer-name evidence for diagnostic testing only","semantic_basis":"explicit project layer name; advisory classification","source_currentness_confirmed":false,"source
1000
_entity_type":"LWPOLYLINE","source_file":"cad_candidate.flattened.r2010.dxf","source_layer":"\u0414\u0412_\u0413\u041f_\u041f_\u0412\u043e\u0434\u043e\u043e\u0442\u0432\u043e\u0434\u043d\u044b\u0435_\
1000
u043b\u043e\u0442\u043a\u0438","source_project_id":"898ea8e86f4d","source_status":"partial prepared CAD: 45 of 47 external references embedded","street":"\u041a\u0443\u043b\u0438\u043a\u043e\u0432\u04
1000
41\u043a\u0430\u044f \u0443\u043b\u0438\u0446\u0430, \u041c\u043e\u0441\u043a\u0432\u0430","suggestion_confidence":"high"},"role":"asset","schema_version":1,"type_id":"net.tray"}
  0
LWPOLYLINE
  5
1BC
330
17
100
AcDbEntity
  8
GC_DRAINAGE_TRAY
100
AcDbPolyline
 90
4
 70
1
 10
4192.477800275074
 20
-10515.750194897113
 10
4192.707813456766
 20
-10515.848143091818
 10
4192.511916934653
 20
-10516.308169778678
 10
4192.281913482593
 20
-10516.210198097639
1001
GREENCAD_EDIT_V1
1000
{"geometry_role":"OUTER_CONTOUR","id":"kul-tray:000297:83302e5353a5","properties":{"missing_external_references":["\u0410\u0421\u0423_\u041e\u0414\u0421_\u041a\u0443\u043b\u0438\u043a\u043e\u0432\u044
1000
1\u043a\u0430\u044f","\u04407989_\u041a\u0443\u043b\u0438\u043a\u043e\u0432\u0441\u043a\u0430\u044f \u0443\u043b._\u043f\u0440\u043e\u0435\u043a\u0442"],"normative":false,"professional_confirmation":f
1000
alse,"semantic_authority":"project layer-name evidence for diagnostic testing only","semantic_basis":"explicit project layer name; advisory classification","source_currentness_confirmed":false,"source
1000
_entity_type":"LWPOLYLINE","source_file":"cad_candidate.flattened.r2010.dxf","source_layer":"\u0414\u0412_\u0413\u041f_\u041f_\u0412\u043e\u0434\u043e\u043e\u0442\u0432\u043e\u0434\u043d\u044b\u0435_\
1000
u043b\u043e\u0442\u043a\u0438","source_project_id":"898ea8e86f4d","source_status":"partial prepared CAD: 45 of 47 external references embedded","street":"\u041a\u0443\u043b\u0438\u043a\u043e\u0432\u04
1000
41\u043a\u0430\u044f \u0443\u043b\u0438\u0446\u0430, \u041c\u043e\u0441\u043a\u0432\u0430","suggestion_confidence":"high"},"role":"asset","schema_version":1,"type_id":"net.tray"}
  0
LWPOLYLINE
  5
1BD
330
17
100
AcDbEntity
  8
GC_DRAINAGE_TRAY
100
AcDbPolyline
 90
4
 70
1
 10
4192.281903522935
 20
-10516.210221486019
 10
4192.511916704628
 20
-10516.308169680724
 10
4192.316020182514
 20
-10516.768196367584
 10
4192.0860167304545
 20
-10516.670224686544
1001
GREENCAD_EDIT_V1
1000
{"geometry_role":"OUTER_CONTOUR","id":"kul-tray:000298:d1816164249b","properties":{"missing_external_references":["\u0410\u0421\u0423_\u041e\u0414\u0421_\u041a\u0443\u043b\u0438\u043a\u043e\u0432\u044
1000
1\u043a\u0430\u044f","\u04407989_\u041a\u0443\u043b\u0438\u043a\u043e\u0432\u0441\u043a\u0430\u044f \u0443\u043b._\u043f\u0440\u043e\u0435\u043a\u0442"],"normative":false,"professional_confirmation":f
1000
alse,"semantic_authority":"project layer-name evidence for diagnostic testing only","semantic_basis":"explicit project layer name; advisory classification","source_currentness_confirmed":false,"source
1000
_entity_type":"LWPOLYLINE","source_file":"cad_candidate.flattened.r2010.dxf","source_layer":"\u0414\u0412_\u0413\u041f_\u041f_\u0412\u043e\u0434\u043e\u043e\u0442\u0432\u043e\u0434\u043d\u044b\u0435_\
1000
u043b\u043e\u0442\u043a\u0438","source_project_id":"898ea8e86f4d","source_status":"partial prepared CAD: 45 of 47 external references embedded","street":"\u041a\u0443\u043b\u0438\u043a\u043e\u0432\u04
1000
41\u043a\u0430\u044f \u0443\u043b\u0438\u0446\u0430, \u041c\u043e\u0441\u043a\u0432\u0430","suggestion_confidence":"high"},"role":"asset","schema_version":1,"type_id":"net.tray"}
  0
LWPOLYLINE
  5
1BE
330
17
100
AcDbEntity
  8
GC_DRAINAGE_TRAY
100
AcDbPolyline
 90
4
 70
1
 10
4192.086006770796
 20
-10516.670248074926
 10
4192.316019952489
 20
-10516.768196269632
 10
4192.120123430375
 20
-10517.228222956492
 10
4191.890119978316
 20
-10517.130251275452
1001
GREENCAD_EDIT_V1
1000
{"geometry_role":"OUTER_CONTOUR","id":"kul-tray:000299:c6ae2731e076","properties":{"missing_external_references":["\u0410\u0421\u0423_\u041e\u0414\u0421_\u041a\u0443\u043b\u0438\u043a\u043e\u0432\u044
1000
1\u043a\u0430\u044f","\u04407989_\u041a\u0443\u043b\u0438\u043a\u043e\u0432\u0441\u043a\u0430\u044f \u0443\u043b._\u043f\u0440\u043e\u0435\u043a\u0442"],"normative":false,"professional_confirmation":f
1000
alse,"semantic_authority":"project layer-name evidence for diagnostic testing only","semantic_basis":"explicit project layer name; advisory classification","source_currentness_confirmed":false,"source
1000
_entity_type":"LWPOLYLINE","source_file":"cad_candidate.flattened.r2010.dxf","source_layer":"\u0414\u0412_\u0413\u041f_\u041f_\u0412\u043e\u0434\u043e\u043e\u0442\u0432\u043e\u0434\u043d\u044b\u0435_\
1000
u043b\u043e\u0442\u043a\u0438","source_project_id":"898ea8e86f4d","source_status":"partial prepared CAD: 45 of 47 external references embedded","street":"\u041a\u0443\u043b\u0438\u043a\u043e\u0432\u04
1000
41\u043a\u0430\u044f \u0443\u043b\u0438\u0446\u0430, \u041c\u043e\u0441\u043a\u0432\u0430","suggestion_confidence":"high"},"role":"asset","schema_version":1,"type_id":"net.tray"}
  0
LWPOLYLINE
  5
1BF
330
17
100
AcDbEntity
  8
GC_DRAINAGE_TRAY
100
AcDbPolyline
 90
4
 70
1
 10
4191.890110018658
 20
-10517.130274663834
 10
4192.1201232003505
 20
-10517.228222858539
 10
4191.924226678237
 20
-10517.6882495454
 10
4191.694223226177
 20
-10517.59027786436
1001
GREENCAD_EDIT_V1
1000
{"geometry_role":"OUTER_CONTOUR","id":"kul-tray:000300:897547d9d38e","properties":{"missing_external_references":["\u0410\u0421\u0423_\u041e\u0414\u0421_\u041a\u0443\u043b\u0438\u043a\u043e\u0432\u044
1000
1\u043a\u0430\u044f","\u04407989_\u041a\u0443\u043b\u0438\u043a\u043e\u0432\u0441\u043a\u0430\u044f \u0443\u043b._\u043f\u0440\u043e\u0435\u043a\u0442"],"normative":false,"professional_confirmation":f
1000
alse,"semantic_authority":"project layer-name evidence for diagnostic testing only","semantic_basis":"explicit project layer name; advisory classification","source_currentness_confirmed":false,"source
1000
_entity_type":"LWPOLYLINE","source_file":"cad_candidate.flattened.r2010.dxf","source_layer":"\u0414\u0412_\u0413\u041f_\u041f_\u0412\u043e\u0434\u043e\u043e\u0442\u0432\u043e\u0434\u043d\u044b\u0435_\
1000
u043b\u043e\u0442\u043a\u0438","source_project_id":"898ea8e86f4d","source_status":"partial prepared CAD: 45 of 47 external references embedded","street":"\u041a\u0443\u043b\u0438\u043a\u043e\u0432\u04
1000
41\u043a\u0430\u044f \u0443\u043b\u0438\u0446\u0430, \u041c\u043e\u0441\u043a\u0432\u0430","suggestion_confidence":"high"},"role":"asset","schema_version":1,"type_id":"net.tray"}
  0
LWPOLYLINE
  5
1C0
330
17
100
AcDbEntity
  8
GC_DRAINAGE_TRAY
100
AcDbPolyline
 90
4
 70
1
 10
4191.694213266519
 20
-10517.590301252741
 10
4191.924226448212
 20
-10517.688249447447
 10
4191.728329926098
 20
-10518.148276134307
 10
4191.498326474039
 20
-10518.050304453267
1001
GREENCAD_EDIT_V1
1000
{"geometry_role":"OUTER_CONTOUR","id":"kul-tray:000301:40e41095909d","properties":{"missing_external_references":["\u0410\u0421\u0423_\u041e\u0414\u0421_\u041a\u0443\u043b\u0438\u043a\u043e\u0432\u044
1000
1\u043a\u0430\u044f","\u04407989_\u041a\u0443\u043b\u0438\u043a\u043e\u0432\u0441\u043a\u0430\u044f \u0443\u043b._\u043f\u0440\u043e\u0435\u043a\u0442"],"normative":false,"professional_confirmation":f
1000
alse,"semantic_authority":"project layer-name evidence for diagnostic testing only","semantic_basis":"explicit project layer name; advisory classification","source_currentness_confirmed":false,"source
1000
_entity_type":"LWPOLYLINE","source_file":"cad_candidate.flattened.r2010.dxf","source_layer":"\u0414\u0412_\u0413\u041f_\u041f_\u0412\u043e\u0434\u043e\u043e\u0442\u0432\u043e\u0434\u043d\u044b\u0435_\
1000
u043b\u043e\u0442\u043a\u0438","source_project_id":"898ea8e86f4d","source_status":"partial prepared CAD: 45 of 47 external references embedded","street":"\u041a\u0443\u043b\u0438\u043a\u043e\u0432\u04
1000
41\u043a\u0430\u044f \u0443\u043b\u0438\u0446\u0430, \u041c\u043e\u0441\u043a\u0432\u0430","suggestion_confidence":"high"},"role":"asset","schema_version":1,"type_id":"net.tray"}
  0
LWPOLYLINE
  5
1C1
330
17
100
AcDbEntity
  8
GC_DRAINAGE_TRAY
100
AcDbPolyline
 90
4
 70
1
 10
4191.49831651438
 20
-10518.050327841647
 10
4191.728329696073
 20
-10518.148276036352
 10
4191.532433173959
 20
-10518.608302723213
 10
4191.3024297219
 20
-10518.510331042173
1001
GREENCAD_EDIT_V1
1000
{"geometry_role":"OUTER_CONTOUR","id":"kul-tray:000302:772a311868f3","properties":{"missing_external_references":["\u0410\u0421\u0423_\u041e\u0414\u0421_\u041a\u0443\u043b\u0438\u043a\u043e\u0432\u044
1000
1\u043a\u0430\u044f","\u04407989_\u041a\u0443\u043b\u0438\u043a\u043e\u0432\u0441\u043a\u0430\u044f \u0443\u043b._\u043f\u0440\u043e\u0435\u043a\u0442"],"normative":false,"professional_confirmation":f
1000
alse,"semantic_authority":"project layer-name evidence for diagnostic testing only","semantic_basis":"explicit project layer name; advisory classification","source_currentness_confirmed":false,"source
1000
_entity_type":"LWPOLYLINE","source_file":"cad_candidate.flattened.r2010.dxf","source_layer":"\u0414\u0412_\u0413\u041f_\u041f_\u0412\u043e\u0434\u043e\u043e\u0442\u0432\u043e\u0434\u043d\u044b\u0435_\
1000
u043b\u043e\u0442\u043a\u0438","source_project_id":"898ea8e86f4d","source_status":"partial prepared CAD: 45 of 47 external references embedded","street":"\u041a\u0443\u043b\u0438\u043a\u043e\u0432\u04
1000
41\u043a\u0430\u044f \u0443\u043b\u0438\u0446\u0430, \u041c\u043e\u0441\u043a\u0432\u0430","suggestion_confidence":"high"},"role":"asset","schema_version":1,"type_id":"net.tray"}
  0
LWPOLYLINE
  5
1C2
330
17
100
AcDbEntity
  8
GC_DRAINAGE_TRAY
100
AcDbPolyline
 90
2
 70
0
 10
4193.457284035768
 20
-10513.45006195258
 10
4191.318164036988
 20
-10518.47338196966
1001
GREENCAD_EDIT_V1
1000
{"geometry_role":"AXIS","id":"kul-tray:000303:610a6c9ee681","properties":{"missing_external_references":["\u0410\u0421\u0423_\u041e\u0414\u0421_\u041a\u0443\u043b\u0438\u043a\u043e\u0432\u0441\u043a\u
1000
0430\u044f","\u04407989_\u041a\u0443\u043b\u0438\u043a\u043e\u0432\u0441\u043a\u0430\u044f \u0443\u043b._\u043f\u0440\u043e\u0435\u043a\u0442"],"normative":false,"professional_confirmation":false,"sem
1000
antic_authority":"project layer-name evidence for diagnostic testing only","semantic_basis":"explicit project layer name; advisory classification","source_currentness_confirmed":false,"source_entity_t
1000
ype":"LWPOLYLINE","source_file":"cad_candidate.flattened.r2010.dxf","source_layer":"\u0414\u0412_\u0413\u041f_\u041f_\u0412\u043e\u0434\u043e\u043e\u0442\u0432\u043e\u0434\u043d\u044b\u0435_\u043b\u04
1000
3e\u0442\u043a\u0438","source_project_id":"898ea8e86f4d","source_status":"partial prepared CAD: 45 of 47 external references embedded","street":"\u041a\u0443\u043b\u0438\u043a\u043e\u0432\u0441\u043a\
1000
u0430\u044f \u0443\u043b\u0438\u0446\u0430, \u041c\u043e\u0441\u043a\u0432\u0430","suggestion_confidence":"high"},"role":"asset","schema_version":1,"type_id":"net.tray"}
  0
LWPOLYLINE
  5
1C3
330
17
100
AcDbEntity
  8
GC_SIDEWALK_EDGE
100
AcDbPolyline
 90
5
 70
0
 10
4189.257998857118
 20
-11118.81336773994
 10
4186.626806898224
 20
-11117.55609855257
 10
4178.445051052891
 20
-11114.71793459971
 10
4176.950945349949
 20
-11114.11112864398
 10
4173.178369724552
 20
-11112.78149307764
1001
GREENCAD_EDIT_V1
1000
{"geometry_role":"EDGE","id":"kul-sidewalk_edge:000304:ee350e32931a","properties":{"missing_external_references":["\u0410\u0421\u0423_\u041e\u0414\u0421_\u041a\u0443\u043b\u0438\u043a\u043e\u0432\u044
1000
1\u043a\u0430\u044f","\u04407989_\u041a\u0443\u043b\u0438\u043a\u043e\u0432\u0441\u043a\u0430\u044f \u0443\u043b._\u043f\u0440\u043e\u0435\u043a\u0442"],"normative":false,"professional_confirmation":f
1000
alse,"semantic_authority":"project layer-name evidence for diagnostic testing only","semantic_basis":"explicit project layer name; advisory classification","source_currentness_confirmed":false,"source
1000
_entity_type":"LWPOLYLINE","source_file":"cad_candidate.flattened.r2010.dxf","source_layer":"\u0414\u0412_\u0413\u041f_\u041f_\u0411\u043e\u0440\u0442_\u0411\u0420_\u043d\u0430_\u0442\u0440\u043e\u044
1000
2\u0443\u0430\u0440\u0435_15\u0441\u043c","source_project_id":"898ea8e86f4d","source_status":"partial prepared CAD: 45 of 47 external references embedded","street":"\u041a\u0443\u043b\u0438\u043a\u043
1000
e\u0432\u0441\u043a\u0430\u044f \u0443\u043b\u0438\u0446\u0430, \u041c\u043e\u0441\u043a\u0432\u0430","suggestion_confidence":"medium"},"role":"asset","schema_version":1,"type_id":"traffic.sidewalk"}
  0
LWPOLYLINE
  5
1C4
330
17
100
AcDbEntity
  8
GC_DRAINAGE_TRAY
100
AcDbPolyline
 90
4
 70
1
 10
4087.643568948316
 20
-10761.505377761028
 10
4087.414363380218
 20
-10761.40555431613
 10
4087.6140104053557
 20
-10760.947142857554
 10
4087.8432060523314
 20
-10761.046989708542
1001
GREENCAD_EDIT_V1
1000
{"geometry_role":"OUTER_CONTOUR","id":"kul-tray:000305:045cf8f2b0db","properties":{"missing_external_references":["\u0410\u0421\u0423_\u041e\u0414\u0421_\u041a\u0443\u043b\u0438\u043a\u043e\u0432\u044
1000
1\u043a\u0430\u044f","\u04407989_\u041a\u0443\u043b\u0438\u043a\u043e\u0432\u0441\u043a\u0430\u044f \u0443\u043b._\u043f\u0440\u043e\u0435\u043a\u0442"],"normative":false,"professional_confirmation":f
1000
alse,"semantic_authority":"project layer-name evidence for diagnostic testing only","semantic_basis":"explicit project layer name; advisory classification","source_currentness_confirmed":false,"source
1000
_entity_type":"LWPOLYLINE","source_file":"cad_candidate.flattened.r2010.dxf","source_layer":"\u0414\u0412_\u0413\u041f_\u041f_\u0412\u043e\u0434\u043e\u043e\u0442\u0432\u043e\u0434\u043d\u044b\u0435_\
1000
u043b\u043e\u0442\u043a\u0438","source_project_id":"898ea8e86f4d","source_status":"partial prepared CAD: 45 of 47 external references embedded","street":"\u041a\u0443\u043b\u0438\u043a\u043e\u0432\u04
1000
41\u043a\u0430\u044f \u0443\u043b\u0438\u0446\u0430, \u041c\u043e\u0441\u043a\u0432\u0430","suggestion_confidence":"high"},"role":"asset","schema_version":1,"type_id":"net.tray"}
  0
LWPOLYLINE
  5
1C5
330
17
100
AcDbEntity
  8
GC_DRAINAGE_TRAY
100
AcDbPolyline
 90
4
 70
1
 10
4087.8432162026706
 20
-10761.046966402282
 10
4087.614010634573
 20
-10760.947142957384
 10
4087.8136576597103
 20
-10760.488731498808
 10
4088.042853306686
 20
-10760.588578349796
1001
GREENCAD_EDIT_V1
1000
{"geometry_role":"OUTER_CONTOUR","id":"kul-tray:000306:fe769ea8806a","properties":{"missing_external_references":["\u0410\u0421\u0423_\u041e\u0414\u0421_\u041a\u0443\u043b\u0438\u043a\u043e\u0432\u044
1000
1\u043a\u0430\u044f","\u04407989_\u041a\u0443\u043b\u0438\u043a\u043e\u0432\u0441\u043a\u0430\u044f \u0443\u043b._\u043f\u0440\u043e\u0435\u043a\u0442"],"normative":false,"professional_confirmation":f
1000
alse,"semantic_authority":"project layer-name evidence for diagnostic testing only","semantic_basis":"explicit project layer name; advisory classification","source_currentness_confirmed":false,"source
1000
_entity_type":"LWPOLYLINE","source_file":"cad_candidate.flattened.r2010.dxf","source_layer":"\u0414\u0412_\u0413\u041f_\u041f_\u0412\u043e\u0434\u043e\u043e\u0442\u0432\u043e\u0434\u043d\u044b\u0435_\
1000
u043b\u043e\u0442\u043a\u0438","source_project_id":"898ea8e86f4d","source_status":"partial prepared CAD: 45 of 47 external references embedded","street":"\u041a\u0443\u043b\u0438\u043a\u043e\u0432\u04
1000
41\u043a\u0430\u044f \u0443\u043b\u0438\u0446\u0430, \u041c\u043e\u0441\u043a\u0432\u0430","suggestion_confidence":"high"},"role":"asset","schema_version":1,"type_id":"net.tray"}
  0
LWPOLYLINE
  5
1C6
330
17
100
AcDbEntity
  8
GC_DRAINAGE_TRAY
100
AcDbPolyline
 90
4
 70
1
 10
4088.0428634570253
 20
-10760.588555043534
 10
4087.8136578889275
 20
-10760.488731598636
 10
4088.013304914065
 20
-10760.03032014006
 10
4088.2425005610407
 20
-10760.130166991048
1001
GREENCAD_EDIT_V1
1000
{"geometry_role":"OUTER_CONTOUR","id":"kul-tray:000307:0f0cb6d2111f","properties":{"missing_external_references":["\u0410\u0421\u0423_\u041e\u0414\u0421_\u041a\u0443\u043b\u0438\u043a\u043e\u0432\u044
1000
1\u043a\u0430\u044f","\u04407989_\u041a\u0443\u043b\u0438\u043a\u043e\u0432\u0441\u043a\u0430\u044f \u0443\u043b._\u043f\u0440\u043e\u0435\u043a\u0442"],"normative":false,"professional_confirmation":f
1000
alse,"semantic_authority":"project layer-name evidence for diagnostic testing only","semantic_basis":"explicit project layer name; advisory classification","source_currentness_confirmed":false,"source
1000
_entity_type":"LWPOLYLINE","source_file":"cad_candidate.flattened.r2010.dxf","source_layer":"\u0414\u0412_\u0413\u041f_\u041f_\u0412\u043e\u0434\u043e\u043e\u0442\u0432\u043e\u0434\u043d\u044b\u0435_\
1000
u043b\u043e\u0442\u043a\u0438","source_project_id":"898ea8e86f4d","source_status":"partial prepared CAD: 45 of 47 external references embedded","street":"\u041a\u0443\u043b\u0438\u043a\u043e\u0432\u04
1000
41\u043a\u0430\u044f \u0443\u043b\u0438\u0446\u0430, \u041c\u043e\u0441\u043a\u0432\u0430","suggestion_confidence":"high"},"role":"asset","schema_version":1,"type_id":"net.tray"}
  0
LWPOLYLINE
  5
1C7
330
17
100
AcDbEntity
  8
GC_DRAINAGE_TRAY
100
AcDbPolyline
 90
4
 70
1
 10
4088.24251071138
 20
-10760.130143684786
 10
4088.013305143282
 20
-10760.030320239888
 10
4088.2129521684196
 20
-10759.571908781312
 10
4088.4421478153954
 20
-10759.6717556323
1001
GREENCAD_EDIT_V1
1000
{"geometry_role":"OUTER_CONTOUR","id":"kul-tray:000308:4cddddacf9ab","properties":{"missing_external_references":["\u0410\u0421\u0423_\u041e\u0414\u0421_\u041a\u0443\u043b\u0438\u043a\u043e\u0432\u044
1000
1\u043a\u0430\u044f","\u04407989_\u041a\u0443\u043b\u0438\u043a\u043e\u0432\u0441\u043a\u0430\u044f \u0443\u043b._\u043f\u0440\u043e\u0435\u043a\u0442"],"normative":false,"professional_confirmation":f
1000
alse,"semantic_authority":"project layer-name evidence for diagnostic testing only","semantic_basis":"explicit project layer name; advisory classification","source_currentness_confirmed":false,"source
1000
_entity_type":"LWPOLYLINE","source_file":"cad_candidate.flattened.r2010.dxf","source_layer":"\u0414\u0412_\u0413\u041f_\u041f_\u0412\u043e\u0434\u043e\u043e\u0442\u0432\u043e\u0434\u043d\u044b\u0435_\
1000
u043b\u043e\u0442\u043a\u0438","source_project_id":"898ea8e86f4d","source_status":"partial prepared CAD: 45 of 47 external references embedded","street":"\u041a\u0443\u043b\u0438\u043a\u043e\u0432\u04
1000
41\u043a\u0430\u044f \u0443\u043b\u0438\u0446\u0430, \u041c\u043e\u0441\u043a\u0432\u0430","suggestion_confidence":"high"},"role":"asset","schema_version":1,"type_id":"net.tray"}
  0
LWPOLYLINE
  5
1C8
330
17
100
AcDbEntity
  8
GC_DRAINAGE_TRAY
100
AcDbPolyline
 90
4
 70
1
 10
4088.4421579657346
 20
-10759.67173232604
 10
4088.212952397637
 20
-10759.571908881142
 10
4088.4125994227743
 20
-10759.113497422566
 10
4088.64179506975
 20
-10759.213344273554
1001
GREENCAD_EDIT_V1
1000
{"geometry_role":"OUTER_CONTOUR","id":"kul-tray:000309:30a626bfdf2d","properties":{"missing_external_references":["\u0410\u0421\u0423_\u041e\u0414\u0421_\u041a\u0443\u043b\u0438\u043a\u043e\u0432\u044
1000
1\u043a\u0430\u044f","\u04407989_\u041a\u0443\u043b\u0438\u043a\u043e\u0432\u0441\u043a\u0430\u044f \u0443\u043b._\u043f\u0440\u043e\u0435\u043a\u0442"],"normative":false,"professional_confirmation":f
1000
alse,"semantic_authority":"project layer-name evidence for diagnostic testing only","semantic_basis":"explicit project layer name; advisory classification","source_currentness_confirmed":false,"source
1000
_entity_type":"LWPOLYLINE","source_file":"cad_candidate.flattened.r2010.dxf","source_layer":"\u0414\u0412_\u0413\u041f_\u041f_\u0412\u043e\u0434\u043e\u043e\u0442\u0432\u043e\u0434\u043d\u044b\u0435_\
1000
u043b\u043e\u0442\u043a\u0438","source_project_id":"898ea8e86f4d","source_status":"partial prepared CAD: 45 of 47 external references embedded","street":"\u041a\u0443\u043b\u0438\u043a\u043e\u0432\u04
1000
41\u043a\u0430\u044f \u0443\u043b\u0438\u0446\u0430, \u041c\u043e\u0441\u043a\u0432\u0430","suggestion_confidence":"high"},"role":"asset","schema_version":1,"type_id":"net.tray"}
  0
LWPOLYLINE
  5
1C9
330
17
100
AcDbEntity
  8
GC_DRAINAGE_TRAY
100
AcDbPolyline
 90
4
 70
1
 10
4088.6418052200893
 20
-10759.213320967292
 10
4088.4125996519915
 20
-10759.113497522394
 10
4088.612246677129
 20
-10758.655086063818
 10
4088.8414423241047
 20
-10758.754932914806
1001
GREENCAD_EDIT_V1
1000
{"geometry_role":"OUTER_CONTOUR","id":"kul-tray:000310:e61c43a58bd7","properties":{"missing_external_references":["\u0410\u0421\u0423_\u041e\u0414\u0421_\u041a\u0443\u043b\u0438\u043a\u043e\u0432\u044
1000
1\u043a\u0430\u044f","\u04407989_\u041a\u0443\u043b\u0438\u043a\u043e\u0432\u0441\u043a\u0430\u044f \u0443\u043b._\u043f\u0440\u043e\u0435\u043a\u0442"],"normative":false,"professional_confirmation":f
1000
alse,"semantic_authority":"project layer-name evidence for diagnostic testing only","semantic_basis":"explicit project layer name; advisory classification","source_currentness_confirmed":false,"source
1000
_entity_type":"LWPOLYLINE","source_file":"cad_candidate.flattened.r2010.dxf","source_layer":"\u0414\u0412_\u0413\u041f_\u041f_\u0412\u043e\u0434\u043e\u043e\u0442\u0432\u043e\u0434\u043d\u044b\u0435_\
1000
u043b\u043e\u0442\u043a\u0438","source_project_id":"898ea8e86f4d","source_status":"partial prepared CAD: 45 of 47 external references embedded","street":"\u041a\u0443\u043b\u0438\u043a\u043e\u0432\u04
1000
41\u043a\u0430\u044f \u0443\u043b\u0438\u0446\u0430, \u041c\u043e\u0441\u043a\u0432\u0430","suggestion_confidence":"high"},"role":"asset","schema_version":1,"type_id":"net.tray"}
  0
LWPOLYLINE
  5
1CA
330
17
100
AcDbEntity
  8
GC_DRAINAGE_TRAY
100
AcDbPolyline
 90
4
 70
1
 10
4088.8414524744444
 20
-10758.754909608544
 10
4088.6122469063466
 20
-10758.655086163646
 10
4088.811893931484
 20
-10758.19667470507
 10
4089.04108957846
 20
-10758.296521556058
1001
GREENCAD_EDIT_V1
1000
{"geometry_role":"OUTER_CONTOUR","id":"kul-tray:000311:2c036445ad61","properties":{"missing_external_references":["\u0410\u0421\u0423_\u041e\u0414\u0421_\u041a\u0443\u043b\u0438\u043a\u043e\u0432\u044
1000
1\u043a\u0430\u044f","\u04407989_\u041a\u0443\u043b\u0438\u043a\u043e\u0432\u0441\u043a\u0430\u044f \u0443\u043b._\u043f\u0440\u043e\u0435\u043a\u0442"],"normative":false,"professional_confirmation":f
1000
alse,"semantic_authority":"project layer-name evidence for diagnostic testing only","semantic_basis":"explicit project layer name; advisory classification","source_currentness_confirmed":false,"source
1000
_entity_type":"LWPOLYLINE","source_file":"cad_candidate.flattened.r2010.dxf","source_layer":"\u0414\u0412_\u0413\u041f_\u041f_\u0412\u043e\u0434\u043e\u043e\u0442\u0432\u043e\u0434\u043d\u044b\u0435_\
1000
u043b\u043e\u0442\u043a\u0438","source_project_id":"898ea8e86f4d","source_status":"partial prepared CAD: 45 of 47 external references embedded","street":"\u041a\u0443\u043b\u0438\u043a\u043e\u0432\u04
1000
41\u043a\u0430\u044f \u0443\u043b\u0438\u0446\u0430, \u041c\u043e\u0441\u043a\u0432\u0430","suggestion_confidence":"high"},"role":"asset","schema_version":1,"type_id":"net.tray"}
  0
LWPOLYLINE
  5
1CB
330
17
100
AcDbEntity
  8
GC_DRAINAGE_TRAY
100
AcDbPolyline
 90
4
 70
1
 10
4089.041099728799
 20
-10758.296498249798
 10
4088.8118941607013
 20
-10758.1966748049
 10
4089.0115411858387
 20
-10757.738263346324
 10
4089.2407368328145
 20
-10757.838110197312
1001
GREENCAD_EDIT_V1
1000
{"geometry_role":"OUTER_CONTOUR","id":"kul-tray:000312:0e3e04ad2355","properties":{"missing_external_references":["\u0410\u0421\u0423_\u041e\u0414\u0421_\u041a\u0443\u043b\u0438\u043a\u043e\u0432\u044
1000
1\u043a\u0430\u044f","\u04407989_\u041a\u0443\u043b\u0438\u043a\u043e\u0432\u0441\u043a\u0430\u044f \u0443\u043b._\u043f\u0440\u043e\u0435\u043a\u0442"],"normative":false,"professional_confirmation":f
1000
alse,"semantic_authority":"project layer-name evidence for diagnostic testing only","semantic_basis":"explicit project layer name; advisory classification","source_currentness_confirmed":false,"source
1000
_entity_type":"LWPOLYLINE","source_file":"cad_candidate.flattened.r2010.dxf","source_layer":"\u0414\u0412_\u0413\u041f_\u041f_\u0412\u043e\u0434\u043e\u043e\u0442\u0432\u043e\u0434\u043d\u044b\u0435_\
1000
u043b\u043e\u0442\u043a\u0438","source_project_id":"898ea8e86f4d","source_status":"partial prepared CAD: 45 of 47 external references embedded","street":"\u041a\u0443\u043b\u0438\u043a\u043e\u0432\u04
1000
41\u043a\u0430\u044f \u0443\u043b\u0438\u0446\u0430, \u041c\u043e\u0441\u043a\u0432\u0430","suggestion_confidence":"high"},"role":"asset","schema_version":1,"type_id":"net.tray"}
  0
LWPOLYLINE
  5
1CC
330
17
100
AcDbEntity
  8
GC_DRAINAGE_TRAY
100
AcDbPolyline
 90
4
 70
1
 10
4089.2407469831537
 20
-10757.83808689105
 10
4089.011541415056
 20
-10757.738263446152
 10
4089.2111884401934
 20
-10757.279851987576
 10
4089.440384087169
 20
-10757.379698838564
1001
GREENCAD_EDIT_V1
1000
{"geometry_role":"OUTER_CONTOUR","id":"kul-tray:000313:c12378476cfe","properties":{"missing_external_references":["\u0410\u0421\u0423_\u041e\u0414\u0421_\u041a\u0443\u043b\u0438\u043a\u043e\u0432\u044
1000
1\u043a\u0430\u044f","\u04407989_\u041a\u0443\u043b\u0438\u043a\u043e\u0432\u0441\u043a\u0430\u044f \u0443\u043b._\u043f\u0440\u043e\u0435\u043a\u0442"],"normative":false,"professional_confirmation":f
1000
alse,"semantic_authority":"project layer-name evidence for diagnostic testing only","semantic_basis":"explicit project layer name; advisory classification","source_currentness_confirmed":false,"source
1000
_entity_type":"LWPOLYLINE","source_file":"cad_candidate.flattened.r2010.dxf","source_layer":"\u0414\u0412_\u0413\u041f_\u041f_\u0412\u043e\u0434\u043e\u043e\u0442\u0432\u043e\u0434\u043d\u044b\u0435_\
1000
u043b\u043e\u0442\u043a\u0438","source_project_id":"898ea8e86f4d","source_status":"partial prepared CAD: 45 of 47 external references embedded","street":"\u041a\u0443\u043b\u0438\u043a\u043e\u0432\u04
1000
41\u043a\u0430\u044f \u0443\u043b\u0438\u0446\u0430, \u041c\u043e\u0441\u043a\u0432\u0430","suggestion_confidence":"high"},"role":"asset","schema_version":1,"type_id":"net.tray"}
  0
LWPOLYLINE
  5
1CD
330
17
100
AcDbEntity
  8
GC_DRAINAGE_TRAY
100
AcDbPolyline
 90
4
 70
1
 10
4089.4403942375084
 20
-10757.379675532302
 10
4089.2111886694106
 20
-10757.279852087404
 10
4089.410835694548
 20
-10756.821440628828
 10
4089.640031341524
 20
-10756.921287479816
1001
GREENCAD_EDIT_V1
1000
{"geometry_role":"OUTER_CONTOUR","id":"kul-tray:000314:ad98b6ff0d2b","properties":{"missing_external_references":["\u0410\u0421\u0423_\u041e\u0414\u0421_\u041a\u0443\u043b\u0438\u043a\u043e\u0432\u044
1000
1\u043a\u0430\u044f","\u04407989_\u041a\u0443\u043b\u0438\u043a\u043e\u0432\u0441\u043a\u0430\u044f \u0443\u043b._\u043f\u0440\u043e\u0435\u043a\u0442"],"normative":false,"professional_confirmation":f
1000
alse,"semantic_authority":"project layer-name evidence for diagnostic testing only","semantic_basis":"explicit project layer name; advisory classification","source_currentness_confirmed":false,"source
1000
_entity_type":"LWPOLYLINE","source_file":"cad_candidate.flattened.r2010.dxf","source_layer":"\u0414\u0412_\u0413\u041f_\u041f_\u0412\u043e\u0434\u043e\u043e\u0442\u0432\u043e\u0434\u043d\u044b\u0435_\
1000
u043b\u043e\u0442\u043a\u0438","source_project_id":"898ea8e86f4d","source_status":"partial prepared CAD: 45 of 47 external references embedded","street":"\u041a\u0443\u043b\u0438\u043a\u043e\u0432\u04
1000
41\u043a\u0430\u044f \u0443\u043b\u0438\u0446\u0430, \u041c\u043e\u0441\u043a\u0432\u0430","suggestion_confidence":"high"},"role":"asset","schema_version":1,"type_id":"net.tray"}
  0
LWPOLYLINE
  5
1CE
330
17
100
AcDbEntity
  8
GC_DRAINAGE_TRAY
100
AcDbPolyline
 90
4
 70
1
 10
4089.640041491863
 20
-10756.921264173554
 10
4089.4108359237653
 20
-10756.821440728656
 10
4089.6104829489027
 20
-10756.36302927008
 10
4089.8396785958785
 20
-10756.462876121068
1001
GREENCAD_EDIT_V1
1000
{"geometry_role":"OUTER_CONTOUR","id":"kul-tray:000315:ddf463f99882","properties":{"missing_external_references":["\u0410\u0421\u0423_\u041e\u0414\u0421_\u041a\u0443\u043b\u0438\u043a\u043e\u0432\u044
1000
1\u043a\u0430\u044f","\u04407989_\u041a\u0443\u043b\u0438\u043a\u043e\u0432\u0441\u043a\u0430\u044f \u0443\u043b._\u043f\u0440\u043e\u0435\u043a\u0442"],"normative":false,"professional_confirmation":f
1000
alse,"semantic_authority":"project layer-name evidence for diagnostic testing only","semantic_basis":"explicit project layer name; advisory classification","source_currentness_confirmed":false,"source
1000
_entity_type":"LWPOLYLINE","source_file":"cad_candidate.flattened.r2010.dxf","source_layer":"\u0414\u0412_\u0413\u041f_\u041f_\u0412\u043e\u0434\u043e\u043e\u0442\u0432\u043e\u0434\u043d\u044b\u0435_\
1000
u043b\u043e\u0442\u043a\u0438","source_project_id":"898ea8e86f4d","source_status":"partial prepared CAD: 45 of 47 external references embedded","street":"\u041a\u0443\u043b\u0438\u043a\u043e\u0432\u04
1000
41\u043a\u0430\u044f \u0443\u043b\u0438\u0446\u0430, \u041c\u043e\u0441\u043a\u0432\u0430","suggestion_confidence":"high"},"role":"asset","schema_version":1,"type_id":"net.tray"}
  0
LWPOLYLINE
  5
1CF
330
17
100
AcDbEntity
  8
GC_DRAINAGE_TRAY
100
AcDbPolyline
 90
4
 70
1
 10
4089.8396887462177
 20
-10756.462852814808
 10
4089.61048317812
 20
-10756.36302936991
 10
4089.8101302032574
 20
-10755.904617911334
 10
4090.039325850233
 20
-10756.004464762322
1001
GREENCAD_EDIT_V1
1000
{"geometry_role":"OUTER_CONTOUR","id":"kul-tray:000316:2f888c4182b9","properties":{"missing_external_references":["\u0410\u0421\u0423_\u041e\u0414\u0421_\u041a\u0443\u043b\u0438\u043a\u043e\u0432\u044
1000
1\u043a\u0430\u044f","\u04407989_\u041a\u0443\u043b\u0438\u043a\u043e\u0432\u0441\u043a\u0430\u044f \u0443\u043b._\u043f\u0440\u043e\u0435\u043a\u0442"],"normative":false,"professional_confirmation":f
1000
alse,"semantic_authority":"project layer-name evidence for diagnostic testing only","semantic_basis":"explicit project layer name; advisory classification","source_currentness_confirmed":false,"source
1000
_entity_type":"LWPOLYLINE","source_file":"cad_candidate.flattened.r2010.dxf","source_layer":"\u0414\u0412_\u0413\u041f_\u041f_\u0412\u043e\u0434\u043e\u043e\u0442\u0432\u043e\u0434\u043d\u044b\u0435_\
1000
u043b\u043e\u0442\u043a\u0438","source_project_id":"898ea8e86f4d","source_status":"partial prepared CAD: 45 of 47 external references embedded","street":"\u041a\u0443\u043b\u0438\u043a\u043e\u0432\u04
1000
41\u043a\u0430\u044f \u0443\u043b\u0438\u0446\u0430, \u041c\u043e\u0441\u043a\u0432\u0430","suggestion_confidence":"high"},"role":"asset","schema_version":1,"type_id":"net.tray"}
  0
LWPOLYLINE
  5
1D0
330
17
100
AcDbEntity
  8
GC_DRAINAGE_TRAY
100
AcDbPolyline
 90
4
 70
1
 10
4090.0393360005723
 20
-10756.00444145606
 10
4089.8101304324746
 20
-10755.904618011162
 10
4090.009777457612
 20
-10755.446206552586
 10
4090.238973104588
 20
-10755.546053403574
1001
GREENCAD_EDIT_V1
1000
{"geometry_role":"OUTER_CONTOUR","id":"kul-tray:000317:c87eceeb280b","properties":{"missing_external_references":["\u0410\u0421\u0423_\u041e\u0414\u0421_\u041a\u0443\u043b\u0438\u043a\u043e\u0432\u044
1000
1\u043a\u0430\u044f","\u04407989_\u041a\u0443\u043b\u0438\u043a\u043e\u0432\u0441\u043a\u0430\u044f \u0443\u043b._\u043f\u0440\u043e\u0435\u043a\u0442"],"normative":false,"professional_confirmation":f
1000
alse,"semantic_authority":"project layer-name evidence for diagnostic testing only","semantic_basis":"explicit project layer name; advisory classification","source_currentness_confirmed":false,"source
1000
_entity_type":"LWPOLYLINE","source_file":"cad_candidate.flattened.r2010.dxf","source_layer":"\u0414\u0412_\u0413\u041f_\u041f_\u0412\u043e\u0434\u043e\u043e\u0442\u0432\u043e\u0434\u043d\u044b\u0435_\
1000
u043b\u043e\u0442\u043a\u0438","source_project_id":"898ea8e86f4d","source_status":"partial prepared CAD: 45 of 47 external references embedded","street":"\u041a\u0443\u043b\u0438\u043a\u043e\u0432\u04
1000
41\u043a\u0430\u044f \u0443\u043b\u0438\u0446\u0430, \u041c\u043e\u0441\u043a\u0432\u0430","suggestion_confidence":"high"},"role":"asset","schema_version":1,"type_id":"net.tray"}
  0
LWPOLYLINE
  5
1D1
330
17
100
AcDbEntity
  8
GC_DRAINAGE_TRAY
100
AcDbPolyline
 90
4
 70
1
 10
4090.238983254927
 20
-10755.546030097314
 10
4090.0097776868292
 20
-10755.446206652416
 10
4090.2094247119667
 20
-10754.98779519384
 10
4090.4386203589424
 20
-10755.087642044828
1001
GREENCAD_EDIT_V1
1000
{"geometry_role":"OUTER_CONTOUR","id":"kul-tray:000318:fcf613c05d2c","properties":{"missing_external_references":["\u0410\u0421\u0423_\u041e\u0414\u0421_\u041a\u0443\u043b\u0438\u043a\u043e\u0432\u044
1000
1\u043a\u0430\u044f","\u04407989_\u041a\u0443\u043b\u0438\u043a\u043e\u0432\u0441\u043a\u0430\u044f \u0443\u043b._\u043f\u0440\u043e\u0435\u043a\u0442"],"normative":false,"professional_confirmation":f
1000
alse,"semantic_authority":"project layer-name evidence for diagnostic testing only","semantic_basis":"explicit project layer name; advisory classification","source_currentness_confirmed":false,"source
1000
_entity_type":"LWPOLYLINE","source_file":"cad_candidate.flattened.r2010.dxf","source_layer":"\u0414\u0412_\u0413\u041f_\u041f_\u0412\u043e\u0434\u043e\u043e\u0442\u0432\u043e\u0434\u043d\u044b\u0435_\
1000
u043b\u043e\u0442\u043a\u0438","source_project_id":"898ea8e86f4d","source_status":"partial prepared CAD: 45 of 47 external references embedded","street":"\u041a\u0443\u043b\u0438\u043a\u043e\u0432\u04
1000
41\u043a\u0430\u044f \u0443\u043b\u0438\u0446\u0430, \u041c\u043e\u0441\u043a\u0432\u0430","suggestion_confidence":"high"},"role":"asset","schema_version":1,"type_id":"net.tray"}
  0
LWPOLYLINE
  5
1D2
330
17
100
AcDbEntity
  8
GC_DRAINAGE_TRAY
100
AcDbPolyline
 90
4
 70
1
 10
4090.4386305092817
 20
-10755.087618738566
 10
4090.209424941184
 20
-10754.987795293668
 10
4090.4090719663213
 20
-10754.529383835092
 10
4090.638267613297
 20
-10754.62923068608
1001
GREENCAD_EDIT_V1
1000
{"geometry_role":"OUTER_CONTOUR","id":"kul-tray:000319:3adce4c4610e","properties":{"missing_external_references":["\u0410\u0421\u0423_\u041e\u0414\u0421_\u041a\u0443\u043b\u0438\u043a\u043e\u0432\u044
1000
1\u043a\u0430\u044f","\u04407989_\u041a\u0443\u043b\u0438\u043a\u043e\u0432\u0441\u043a\u0430\u044f \u0443\u043b._\u043f\u0440\u043e\u0435\u043a\u0442"],"normative":false,"professional_confirmation":f
1000
alse,"semantic_authority":"project layer-name evidence for diagnostic testing only","semantic_basis":"explicit project layer name; advisory classification","source_currentness_confirmed":false,"source
1000
_entity_type":"LWPOLYLINE","source_file":"cad_candidate.flattened.r2010.dxf","source_layer":"\u0414\u0412_\u0413\u041f_\u041f_\u0412\u043e\u0434\u043e\u043e\u0442\u0432\u043e\u0434\u043d\u044b\u0435_\
1000
u043b\u043e\u0442\u043a\u0438","source_project_id":"898ea8e86f4d","source_status":"partial prepared CAD: 45 of 47 external references embedded","street":"\u041a\u0443\u043b\u0438\u043a\u043e\u0432\u04
1000
41\u043a\u0430\u044f \u0443\u043b\u0438\u0446\u0430, \u041c\u043e\u0441\u043a\u0432\u0430","suggestion_confidence":"high"},"role":"asset","schema_version":1,"type_id":"net.tray"}
  0
LWPOLYLINE
  5
1D3
330
17
100
AcDbEntity
  8
GC_DRAINAGE_TRAY
100
AcDbPolyline
 90
4
 70
1
 10
4090.6382777636363
 20
-10754.629207379818
 10
4090.4090721955386
 20
-10754.52938393492
 10
4090.608719220676
 20
-10754.070972476344
 10
4090.8379148676518
 20
-10754.170819327332
1001
GREENCAD_EDIT_V1
1000
{"geometry_role":"OUTER_CONTOUR","id":"kul-tray:000320:503f734a64c9","properties":{"missing_external_references":["\u0410\u0421\u0423_\u041e\u0414\u0421_\u041a\u0443\u043b\u0438\u043a\u043e\u0432\u044
1000
1\u043a\u0430\u044f","\u04407989_\u041a\u0443\u043b\u0438\u043a\u043e\u0432\u0441\u043a\u0430\u044f \u0443\u043b._\u043f\u0440\u043e\u0435\u043a\u0442"],"normative":false,"professional_confirmation":f
1000
alse,"semantic_authority":"project layer-name evidence for diagnostic testing only","semantic_basis":"explicit project layer name; advisory classification","source_currentness_confirmed":false,"source
1000
_entity_type":"LWPOLYLINE","source_file":"cad_candidate.flattened.r2010.dxf","source_layer":"\u0414\u0412_\u0413\u041f_\u041f_\u0412\u043e\u0434\u043e\u043e\u0442\u0432\u043e\u0434\u043d\u044b\u0435_\
1000
u043b\u043e\u0442\u043a\u0438","source_project_id":"898ea8e86f4d","source_status":"partial prepared CAD: 45 of 47 external references embedded","street":"\u041a\u0443\u043b\u0438\u043a\u043e\u0432\u04
1000
41\u043a\u0430\u044f \u0443\u043b\u0438\u0446\u0430, \u041c\u043e\u0441\u043a\u0432\u0430","suggestion_confidence":"high"},"role":"asset","schema_version":1,"type_id":"net.tray"}
  0
LWPOLYLINE
  5
1D4
330
17
100
AcDbEntity
  8
GC_DRAINAGE_TRAY
100
AcDbPolyline
 90
4
 70
1
 10
4090.837925017991
 20
-10754.17079602107
 10
4090.608719449893
 20
-10754.070972576172
 10
4090.8083664750307
 20
-10753.612561117596
 10
4091.0375621220064
 20
-10753.712407968584
1001
GREENCAD_EDIT_V1
1000
{"geometry_role":"OUTER_CONTOUR","id":"kul-tray:000321:b83bf48cc1b8","properties":{"missing_external_references":["\u0410\u0421\u0423_\u041e\u0414\u0421_\u041a\u0443\u043b\u0438\u043a\u043e\u0432\u044
1000
1\u043a\u0430\u044f","\u04407989_\u041a\u0443\u043b\u0438\u043a\u043e\u0432\u0441\u043a\u0430\u044f \u0443\u043b._\u043f\u0440\u043e\u0435\u043a\u0442"],"normative":false,"professional_confirmation":f
1000
alse,"semantic_authority":"project layer-name evidence for diagnostic testing only","semantic_basis":"explicit project layer name; advisory classification","source_currentness_confirmed":false,"source
1000
_entity_type":"LWPOLYLINE","source_file":"cad_candidate.flattened.r2010.dxf","source_layer":"\u0414\u0412_\u0413\u041f_\u041f_\u0412\u043e\u0434\u043e\u043e\u0442\u0432\u043e\u0434\u043d\u044b\u0435_\
1000
u043b\u043e\u0442\u043a\u0438","source_project_id":"898ea8e86f4d","source_status":"partial prepared CAD: 45 of 47 external references embedded","street":"\u041a\u0443\u043b\u0438\u043a\u043e\u0432\u04
1000
41\u043a\u0430\u044f \u0443\u043b\u0438\u0446\u0430, \u041c\u043e\u0441\u043a\u0432\u0430","suggestion_confidence":"high"},"role":"asset","schema_version":1,"type_id":"net.tray"}
  0
LWPOLYLINE
  5
1D5
330
17
100
AcDbEntity
  8
GC_DRAINAGE_TRAY
100
AcDbPolyline
 90
4
 70
1
 10
4091.037572272346
 20
-10753.712384662324
 10
4090.8083667042483
 20
-10753.612561217426
 10
4091.0080137293858
 20
-10753.15414975885
 10
4091.2372093763615
 20
-10753.253996609837
1001
GREENCAD_EDIT_V1
1000
{"geometry_role":"OUTER_CONTOUR","id":"kul-tray:000322:a16f31bb73f6","properties":{"missing_external_references":["\u0410\u0421\u0423_\u041e\u0414\u0421_\u041a\u0443\u043b\u0438\u043a\u043e\u0432\u044
1000
1\u043a\u0430\u044f","\u04407989_\u041a\u0443\u043b\u0438\u043a\u043e\u0432\u0441\u043a\u0430\u044f \u0443\u043b._\u043f\u0440\u043e\u0435\u043a\u0442"],"normative":false,"professional_confirmation":f
1000
alse,"semantic_authority":"project layer-name evidence for diagnostic testing only","semantic_basis":"explicit project layer name; advisory classification","source_currentness_confirmed":false,"source
1000
_entity_type":"LWPOLYLINE","source_file":"cad_candidate.flattened.r2010.dxf","source_layer":"\u0414\u0412_\u0413\u041f_\u041f_\u0412\u043e\u0434\u043e\u043e\u0442\u0432\u043e\u0434\u043d\u044b\u0435_\
1000
u043b\u043e\u0442\u043a\u0438","source_project_id":"898ea8e86f4d","source_status":"partial prepared CAD: 45 of 47 external references embedded","street":"\u041a\u0443\u043b\u0438\u043a\u043e\u0432\u04
1000
41\u043a\u0430\u044f \u0443\u043b\u0438\u0446\u0430, \u041c\u043e\u0441\u043a\u0432\u0430","suggestion_confidence":"high"},"role":"asset","schema_version":1,"type_id":"net.tray"}
  0
LWPOLYLINE
  5
1D6
330
17
100
AcDbEntity
  8
GC_DRAINAGE_TRAY
100
AcDbPolyline
 90
4
 70
1
 10
4091.2372195267008
 20
-10753.253973303576
 10
4091.008013958603
 20
-10753.154149858678
 10
4091.2076609837404
 20
-10752.695738400102
 10
4091.436856630716
 20
-10752.79558525109
1001
GREENCAD_EDIT_V1
1000
{"geometry_role":"OUTER_CONTOUR","id":"kul-tray:000323:d2897629a094","properties":{"missing_external_references":["\u0410\u0421\u0423_\u041e\u0414\u0421_\u041a\u0443\u043b\u0438\u043a\u043e\u0432\u044
1000
1\u043a\u0430\u044f","\u04407989_\u041a\u0443\u043b\u0438\u043a\u043e\u0432\u0441\u043a\u0430\u044f \u0443\u043b._\u043f\u0440\u043e\u0435\u043a\u0442"],"normative":false,"professional_confirmation":f
1000
alse,"semantic_authority":"project layer-name evidence for diagnostic testing only","semantic_basis":"explicit project layer name; advisory classification","source_currentness_confirmed":false,"source
1000
_entity_type":"LWPOLYLINE","source_file":"cad_candidate.flattened.r2010.dxf","source_layer":"\u0414\u0412_\u0413\u041f_\u041f_\u0412\u043e\u0434\u043e\u043e\u0442\u0432\u043e\u0434\u043d\u044b\u0435_\
1000
u043b\u043e\u0442\u043a\u0438","source_project_id":"898ea8e86f4d","source_status":"partial prepared CAD: 45 of 47 external references embedded","street":"\u041a\u0443\u043b\u0438\u043a\u043e\u0432\u04
1000
41\u043a\u0430\u044f \u0443\u043b\u0438\u0446\u0430, \u041c\u043e\u0441\u043a\u0432\u0430","suggestion_confidence":"high"},"role":"asset","schema_version":1,"type_id":"net.tray"}
  0
LWPOLYLINE
  5
1D7
330
17
100
AcDbEntity
  8
GC_DRAINAGE_TRAY
100
AcDbPolyline
 90
4
 70
1
 10
4091.4368667810554
 20
-10752.79556194483
 10
4091.2076612129576
 20
-10752.695738499931
 10
4091.407308238095
 20
-10752.237327041355
 10
4091.636503885071
 20
-10752.337173892343
1001
GREENCAD_EDIT_V1
1000
{"geometry_role":"OUTER_CONTOUR","id":"kul-tray:000324:c6d45543041c","properties":{"missing_external_references":["\u0410\u0421\u0423_\u041e\u0414\u0421_\u041a\u0443\u043b\u0438\u043a\u043e\u0432\u044
1000
1\u043a\u0430\u044f","\u04407989_\u041a\u0443\u043b\u0438\u043a\u043e\u0432\u0441\u043a\u0430\u044f \u0443\u043b._\u043f\u0440\u043e\u0435\u043a\u0442"],"normative":false,"professional_confirmation":f
1000
alse,"semantic_authority":"project layer-name evidence for diagnostic testing only","semantic_basis":"explicit project layer name; advisory classification","source_currentness_confirmed":false,"source
1000
_entity_type":"LWPOLYLINE","source_file":"cad_candidate.flattened.r2010.dxf","source_layer":"\u0414\u0412_\u0413\u041f_\u041f_\u0412\u043e\u0434\u043e\u043e\u0442\u0432\u043e\u0434\u043d\u044b\u0435_\
1000
u043b\u043e\u0442\u043a\u0438","source_project_id":"898ea8e86f4d","source_status":"partial prepared CAD: 45 of 47 external references embedded","street":"\u041a\u0443\u043b\u0438\u043a\u043e\u0432\u04
1000
41\u043a\u0430\u044f \u0443\u043b\u0438\u0446\u0430, \u041c\u043e\u0441\u043a\u0432\u0430","suggestion_confidence":"high"},"role":"asset","schema_version":1,"type_id":"net.tray"}
  0
LWPOLYLINE
  5
1D8
330
17
100
AcDbEntity
  8
GC_DRAINAGE_TRAY
100
AcDbPolyline
 90
4
 70
1
 10
4091.63651403541
 20
-10752.337150586081
 10
4091.4073084673123
 20
-10752.237327141183
 10
4091.6069554924497
 20
-10751.778915682607
 10
4091.8361511394255
 20
-10751.878762533595
1001
GREENCAD_EDIT_V1
1000
{"geometry_role":"OUTER_CONTOUR","id":"kul-tray:000325:1378181bb649","properties":{"missing_external_references":["\u0410\u0421\u0423_\u041e\u0414\u0421_\u041a\u0443\u043b\u0438\u043a\u043e\u0432\u044
1000
1\u043a\u0430\u044f","\u04407989_\u041a\u0443\u043b\u0438\u043a\u043e\u0432\u0441\u043a\u0430\u044f \u0443\u043b._\u043f\u0440\u043e\u0435\u043a\u0442"],"normative":false,"professional_confirmation":f
1000
alse,"semantic_authority":"project layer-name evidence for diagnostic testing only","semantic_basis":"explicit project layer name; advisory classification","source_currentness_confirmed":false,"source
1000
_entity_type":"LWPOLYLINE","source_file":"cad_candidate.flattened.r2010.dxf","source_layer":"\u0414\u0412_\u0413\u041f_\u041f_\u0412\u043e\u0434\u043e\u043e\u0442\u0432\u043e\u0434\u043d\u044b\u0435_\
1000
u043b\u043e\u0442\u043a\u0438","source_project_id":"898ea8e86f4d","source_status":"partial prepared CAD: 45 of 47 external references embedded","street":"\u041a\u0443\u043b\u0438\u043a\u043e\u0432\u04
1000
41\u043a\u0430\u044f \u0443\u043b\u0438\u0446\u0430, \u041c\u043e\u0441\u043a\u0432\u0430","suggestion_confidence":"high"},"role":"asset","schema_version":1,"type_id":"net.tray"}
  0
LWPOLYLINE
  5
1D9
330
17
100
AcDbEntity
  8
GC_DRAINAGE_TRAY
100
AcDbPolyline
 90
4
 70
1
 10
4091.8361612897647
 20
-10751.878739227333
 10
4091.606955721667
 20
-10751.778915782435
 10
4091.8066027468044
 20
-10751.32050432386
 10
4092.03579839378
 20
-10751.420351174847
1001
GREENCAD_EDIT_V1
1000
{"geometry_role":"OUTER_CONTOUR","id":"kul-tray:000326:32529b3aeda5","properties":{"missing_external_references":["\u0410\u0421\u0423_\u041e\u0414\u0421_\u041a\u0443\u043b\u0438\u043a\u043e\u0432\u044
1000
1\u043a\u0430\u044f","\u04407989_\u041a\u0443\u043b\u0438\u043a\u043e\u0432\u0441\u043a\u0430\u044f \u0443\u043b._\u043f\u0440\u043e\u0435\u043a\u0442"],"normative":false,"professional_confirmation":f
1000
alse,"semantic_authority":"project layer-name evidence for diagnostic testing only","semantic_basis":"explicit project layer name; advisory classification","source_currentness_confirmed":false,"source
1000
_entity_type":"LWPOLYLINE","source_file":"cad_candidate.flattened.r2010.dxf","source_layer":"\u0414\u0412_\u0413\u041f_\u041f_\u0412\u043e\u0434\u043e\u043e\u0442\u0432\u043e\u0434\u043d\u044b\u0435_\
1000
u043b\u043e\u0442\u043a\u0438","source_project_id":"898ea8e86f4d","source_status":"partial prepared CAD: 45 of 47 external references embedded","street":"\u041a\u0443\u043b\u0438\u043a\u043e\u0432\u04
1000
41\u043a\u0430\u044f \u0443\u043b\u0438\u0446\u0430, \u041c\u043e\u0441\u043a\u0432\u0430","suggestion_confidence":"high"},"role":"asset","schema_version":1,"type_id":"net.tray"}
  0
LWPOLYLINE
  5
1DA
330
17
100
AcDbEntity
  8
GC_DRAINAGE_TRAY
100
AcDbPolyline
 90
4
 70
1
 10
4092.0358085441194
 20
-10751.420327868585
 10
4091.8066029760216
 20
-10751.320504423687
 10
4092.006250001159
 20
-10750.862092965112
 10
4092.235445648135
 20
-10750.9619398161
1001
GREENCAD_EDIT_V1
1000
{"geometry_role":"OUTER_CONTOUR","id":"kul-tray:000327:939217f9332c","properties":{"missing_external_references":["\u0410\u0421\u0423_\u041e\u0414\u0421_\u041a\u0443\u043b\u0438\u043a\u043e\u0432\u044
1000
1\u043a\u0430\u044f","\u04407989_\u041a\u0443\u043b\u0438\u043a\u043e\u0432\u0441\u043a\u0430\u044f \u0443\u043b._\u043f\u0440\u043e\u0435\u043a\u0442"],"normative":false,"professional_confirmation":f
1000
alse,"semantic_authority":"project layer-name evidence for diagnostic testing only","semantic_basis":"explicit project layer name; advisory classification","source_currentness_confirmed":false,"source
1000
_entity_type":"LWPOLYLINE","source_file":"cad_candidate.flattened.r2010.dxf","source_layer":"\u0414\u0412_\u0413\u041f_\u041f_\u0412\u043e\u0434\u043e\u043e\u0442\u0432\u043e\u0434\u043d\u044b\u0435_\
1000
u043b\u043e\u0442\u043a\u0438","source_project_id":"898ea8e86f4d","source_status":"partial prepared CAD: 45 of 47 external references embedded","street":"\u041a\u0443\u043b\u0438\u043a\u043e\u0432\u04
1000
41\u043a\u0430\u044f \u0443\u043b\u0438\u0446\u0430, \u041c\u043e\u0441\u043a\u0432\u0430","suggestion_confidence":"high"},"role":"asset","schema_version":1,"type_id":"net.tray"}
  0
LWPOLYLINE
  5
1DB
330
17
100
AcDbEntity
  8
GC_DRAINAGE_TRAY
100
AcDbPolyline
 90
4
 70
1
 10
4092.235455798474
 20
-10750.96191650984
 10
4092.0062502303763
 20
-10750.862093064941
 10
4092.2058972555137
 20
-10750.403681606365
 10
4092.4350929024895
 20
-10750.503528457353
1001
GREENCAD_EDIT_V1
1000
{"geometry_role":"OUTER_CONTOUR","id":"kul-tray:000328:fe5fbf962665","properties":{"missing_external_references":["\u0410\u0421\u0423_\u041e\u0414\u0421_\u041a\u0443\u043b\u0438\u043a\u043e\u0432\u044
1000
1\u043a\u0430\u044f","\u04407989_\u041a\u0443\u043b\u0438\u043a\u043e\u0432\u0441\u043a\u0430\u044f \u0443\u043b._\u043f\u0440\u043e\u0435\u043a\u0442"],"normative":false,"professional_confirmation":f
1000
alse,"semantic_authority":"project layer-name evidence for diagnostic testing only","semantic_basis":"explicit project layer name; advisory classification","source_currentness_confirmed":false,"source
1000
_entity_type":"LWPOLYLINE","source_file":"cad_candidate.flattened.r2010.dxf","source_layer":"\u0414\u0412_\u0413\u041f_\u041f_\u0412\u043e\u0434\u043e\u043e\u0442\u0432\u043e\u0434\u043d\u044b\u0435_\
1000
u043b\u043e\u0442\u043a\u0438","source_project_id":"898ea8e86f4d","source_status":"partial prepared CAD: 45 of 47 external references embedded","street":"\u041a\u0443\u043b\u0438\u043a\u043e\u0432\u04
1000
41\u043a\u0430\u044f \u0443\u043b\u0438\u0446\u0430, \u041c\u043e\u0441\u043a\u0432\u0430","suggestion_confidence":"high"},"role":"asset","schema_version":1,"type_id":"net.tray"}
  0
LWPOLYLINE
  5
1DC
330
17
100
AcDbEntity
  8
GC_DRAINAGE_TRAY
100
AcDbPolyline
 90
4
 70
1
 10
4092.4351030528287
 20
-10750.503505151091
 10
4092.205897484731
 20
-10750.403681706193
 10
4092.4055445098684
 20
-10749.945270247617
 10
4092.634740156844
 20
-10750.045117098605
1001
GREENCAD_EDIT_V1
1000
{"geometry_role":"OUTER_CONTOUR","id":"kul-tray:000329:b0364bf40013","properties":{"missing_external_references":["\u0410\u0421\u0423_\u041e\u0414\u0421_\u041a\u0443\u043b\u0438\u043a\u043e\u0432\u044
1000
1\u043a\u0430\u044f","\u04407989_\u041a\u0443\u043b\u0438\u043a\u043e\u0432\u0441\u043a\u0430\u044f \u0443\u043b._\u043f\u0440\u043e\u0435\u043a\u0442"],"normative":false,"professional_confirmation":f
1000
alse,"semantic_authority":"project layer-name evidence for diagnostic testing only","semantic_basis":"explicit project layer name; advisory classification","source_currentness_confirmed":false,"source
1000
_entity_type":"LWPOLYLINE","source_file":"cad_candidate.flattened.r2010.dxf","source_layer":"\u0414\u0412_\u0413\u041f_\u041f_\u0412\u043e\u0434\u043e\u043e\u0442\u0432\u043e\u0434\u043d\u044b\u0435_\
1000
u043b\u043e\u0442\u043a\u0438","source_project_id":"898ea8e86f4d","source_status":"partial prepared CAD: 45 of 47 external references embedded","street":"\u041a\u0443\u043b\u0438\u043a\u043e\u0432\u04
1000
41\u043a\u0430\u044f \u0443\u043b\u0438\u0446\u0430, \u041c\u043e\u0441\u043a\u0432\u0430","suggestion_confidence":"high"},"role":"asset","schema_version":1,"type_id":"net.tray"}
  0
LWPOLYLINE
  5
1DD
330
17
100
AcDbEntity
  8
GC_DRAINAGE_TRAY
100
AcDbPolyline
 90
4
 70
1
 10
4092.634750307184
 20
-10750.045093792343
 10
4092.405544739086
 20
-10749.945270347445
 10
4092.6051917642235
 20
-10749.48685888887
 10
4092.8343874111993
 20
-10749.586705739857
1001
GREENCAD_EDIT_V1
1000
{"geometry_role":"OUTER_CONTOUR","id":"kul-tray:000330:20f6f8df8d76","properties":{"missing_external_references":["\u0410\u0421\u0423_\u041e\u0414\u0421_\u041a\u0443\u043b\u0438\u043a\u043e\u0432\u044
1000
1\u043a\u0430\u044f","\u04407989_\u041a\u0443\u043b\u0438\u043a\u043e\u0432\u0441\u043a\u0430\u044f \u0443\u043b._\u043f\u0440\u043e\u0435\u043a\u0442"],"normative":false,"professional_confirmation":f
1000
alse,"semantic_authority":"project layer-name evidence for diagnostic testing only","semantic_basis":"explicit project layer name; advisory classification","source_currentness_confirmed":false,"source
1000
_entity_type":"LWPOLYLINE","source_file":"cad_candidate.flattened.r2010.dxf","source_layer":"\u0414\u0412_\u0413\u041f_\u041f_\u0412\u043e\u0434\u043e\u043e\u0442\u0432\u043e\u0434\u043d\u044b\u0435_\
1000
u043b\u043e\u0442\u043a\u0438","source_project_id":"898ea8e86f4d","source_status":"partial prepared CAD: 45 of 47 external references embedded","street":"\u041a\u0443\u043b\u0438\u043a\u043e\u0432\u04
1000
41\u043a\u0430\u044f \u0443\u043b\u0438\u0446\u0430, \u041c\u043e\u0441\u043a\u0432\u0430","suggestion_confidence":"high"},"role":"asset","schema_version":1,"type_id":"net.tray"}
  0
LWPOLYLINE
  5
1DE
330
17
100
AcDbEntity
  8
GC_DRAINAGE_TRAY
100
AcDbPolyline
 90
4
 70
1
 10
4092.834397561538
 20
-10749.586682433597
 10
4092.6051919934403
 20
-10749.4868589887
 10
4092.8048390185777
 20
-10749.028447530123
 10
4093.0340346655535
 20
-10749.128294381111
1001
GREENCAD_EDIT_V1
1000
{"geometry_role":"OUTER_CONTOUR","id":"kul-tray:000331:184ffc311335","properties":{"missing_external_references":["\u0410\u0421\u0423_\u041e\u0414\u0421_\u041a\u0443\u043b\u0438\u043a\u043e\u0432\u044
1000
1\u043a\u0430\u044f","\u04407989_\u041a\u0443\u043b\u0438\u043a\u043e\u0432\u0441\u043a\u0430\u044f \u0443\u043b._\u043f\u0440\u043e\u0435\u043a\u0442"],"normative":false,"professional_confirmation":f
1000
alse,"semantic_authority":"project layer-name evidence for diagnostic testing only","semantic_basis":"explicit project layer name; advisory classification","source_currentness_confirmed":false,"source
1000
_entity_type":"LWPOLYLINE","source_file":"cad_candidate.flattened.r2010.dxf","source_layer":"\u0414\u0412_\u0413\u041f_\u041f_\u0412\u043e\u0434\u043e\u043e\u0442\u0432\u043e\u0434\u043d\u044b\u0435_\
1000
u043b\u043e\u0442\u043a\u0438","source_project_id":"898ea8e86f4d","source_status":"partial prepared CAD: 45 of 47 external references embedded","street":"\u041a\u0443\u043b\u0438\u043a\u043e\u0432\u04
1000
41\u043a\u0430\u044f \u0443\u043b\u0438\u0446\u0430, \u041c\u043e\u0441\u043a\u0432\u0430","suggestion_confidence":"high"},"role":"asset","schema_version":1,"type_id":"net.tray"}
  0
LWPOLYLINE
  5
1DF
330
17
100
AcDbEntity
  8
GC_DRAINAGE_TRAY
100
AcDbPolyline
 90
4
 70
1
 10
4093.034044815893
 20
-10749.12827107485
 10
4092.8048392477954
 20
-10749.028447629951
 10
4093.004486272933
 20
-10748.570036171375
 10
4093.2336819199086
 20
-10748.669883022363
1001
GREENCAD_EDIT_V1
1000
{"geometry_role":"OUTER_CONTOUR","id":"kul-tray:000332:69baece868ed","properties":{"missing_external_references":["\u0410\u0421\u0423_\u041e\u0414\u0421_\u041a\u0443\u043b\u0438\u043a\u043e\u0432\u044
1000
1\u043a\u0430\u044f","\u04407989_\u041a\u0443\u043b\u0438\u043a\u043e\u0432\u0441\u043a\u0430\u044f \u0443\u043b._\u043f\u0440\u043e\u0435\u043a\u0442"],"normative":false,"professional_confirmation":f
1000
alse,"semantic_authority":"project layer-name evidence for diagnostic testing only","semantic_basis":"explicit project layer name; advisory classification","source_currentness_confirmed":false,"source
1000
_entity_type":"LWPOLYLINE","source_file":"cad_candidate.flattened.r2010.dxf","source_layer":"\u0414\u0412_\u0413\u041f_\u041f_\u0412\u043e\u0434\u043e\u043e\u0442\u0432\u043e\u0434\u043d\u044b\u0435_\
1000
u043b\u043e\u0442\u043a\u0438","source_project_id":"898ea8e86f4d","source_status":"partial prepared CAD: 45 of 47 external references embedded","street":"\u041a\u0443\u043b\u0438\u043a\u043e\u0432\u04
1000
41\u043a\u0430\u044f \u0443\u043b\u0438\u0446\u0430, \u041c\u043e\u0441\u043a\u0432\u0430","suggestion_confidence":"high"},"role":"asset","schema_version":1,"type_id":"net.tray"}
  0
LWPOLYLINE
  5
1E0
330
17
100
AcDbEntity
  8
GC_DRAINAGE_TRAY
100
AcDbPolyline
 90
4
 70
1
 10
4093.2336920702473
 20
-10748.669859716101
 10
4093.0044865021496
 20
-10748.570036271203
 10
4093.204133527287
 20
-10748.111624812627
 10
4093.433329174263
 20
-10748.211471663615
1001
GREENCAD_EDIT_V1
1000
{"geometry_role":"OUTER_CONTOUR","id":"kul-tray:000333:0582b78fe4cc","properties":{"missing_external_references":["\u0410\u0421\u0423_\u041e\u0414\u0421_\u041a\u0443\u043b\u0438\u043a\u043e\u0432\u044
1000
1\u043a\u0430\u044f","\u04407989_\u041a\u0443\u043b\u0438\u043a\u043e\u0432\u0441\u043a\u0430\u044f \u0443\u043b._\u043f\u0440\u043e\u0435\u043a\u0442"],"normative":false,"professional_confirmation":f
1000
alse,"semantic_authority":"project layer-name evidence for diagnostic testing only","semantic_basis":"explicit project layer name; advisory classification","source_currentness_confirmed":false,"source
1000
_entity_type":"LWPOLYLINE","source_file":"cad_candidate.flattened.r2010.dxf","source_layer":"\u0414\u0412_\u0413\u041f_\u041f_\u0412\u043e\u0434\u043e\u043e\u0442\u0432\u043e\u0434\u043d\u044b\u0435_\
1000
u043b\u043e\u0442\u043a\u0438","source_project_id":"898ea8e86f4d","source_status":"partial prepared CAD: 45 of 47 external references embedded","street":"\u041a\u0443\u043b\u0438\u043a\u043e\u0432\u04
1000
41\u043a\u0430\u044f \u0443\u043b\u0438\u0446\u0430, \u041c\u043e\u0441\u043a\u0432\u0430","suggestion_confidence":"high"},"role":"asset","schema_version":1,"type_id":"net.tray"}
  0
LWPOLYLINE
  5
1E1
330
17
100
AcDbEntity
  8
GC_DRAINAGE_TRAY
100
AcDbPolyline
 90
4
 70
1
 10
4093.4333393246025
 20
-10748.211448357355
 10
4093.2041337565047
 20
-10748.111624912457
 10
4093.403780781642
 20
-10747.653213453881
 10
4093.632976428618
 20
-10747.753060304869
1001
GREENCAD_EDIT_V1
1000
{"geometry_role":"OUTER_CONTOUR","id":"kul-tray:000334:384905bd3c86","properties":{"missing_external_references":["\u0410\u0421\u0423_\u041e\u0414\u0421_\u041a\u0443\u043b\u0438\u043a\u043e\u0432\u044
1000
1\u043a\u0430\u044f","\u04407989_\u041a\u0443\u043b\u0438\u043a\u043e\u0432\u0441\u043a\u0430\u044f \u0443\u043b._\u043f\u0440\u043e\u0435\u043a\u0442"],"normative":false,"professional_confirmation":f
1000
alse,"semantic_authority":"project layer-name evidence for diagnostic testing only","semantic_basis":"explicit project layer name; advisory classification","source_currentness_confirmed":false,"source
1000
_entity_type":"LWPOLYLINE","source_file":"cad_candidate.flattened.r2010.dxf","source_layer":"\u0414\u0412_\u0413\u041f_\u041f_\u0412\u043e\u0434\u043e\u043e\u0442\u0432\u043e\u0434\u043d\u044b\u0435_\
1000
u043b\u043e\u0442\u043a\u0438","source_project_id":"898ea8e86f4d","source_status":"partial prepared CAD: 45 of 47 external references embedded","street":"\u041a\u0443\u043b\u0438\u043a\u043e\u0432\u04
1000
41\u043a\u0430\u044f \u0443\u043b\u0438\u0446\u0430, \u041c\u043e\u0441\u043a\u0432\u0430","suggestion_confidence":"high"},"role":"asset","schema_version":1,"type_id":"net.tray"}
  0
LWPOLYLINE
  5
1E2
330
17
100
AcDbEntity
  8
GC_DRAINAGE_TRAY
100
AcDbPolyline
 90
4
 70
1
 10
4093.632986578957
 20
-10747.753036998607
 10
4093.4037810108593
 20
-10747.653213553709
 10
4093.603428035997
 20
-10747.194802095133
 10
4093.8326236829726
 20
-10747.294648946121
1001
GREENCAD_EDIT_V1
1000
{"geometry_role":"OUTER_CONTOUR","id":"kul-tray:000335:a132dc1677e3","properties":{"missing_external_references":["\u0410\u0421\u0423_\u041e\u0414\u0421_\u041a\u0443\u043b\u0438\u043a\u043e\u0432\u044
1000
1\u043a\u0430\u044f","\u04407989_\u041a\u0443\u043b\u0438\u043a\u043e\u0432\u0441\u043a\u0430\u044f \u0443\u043b._\u043f\u0440\u043e\u0435\u043a\u0442"],"normative":false,"professional_confirmation":f
1000
alse,"semantic_authority":"project layer-name evidence for diagnostic testing only","semantic_basis":"explicit project layer name; advisory classification","source_currentness_confirmed":false,"source
1000
_entity_type":"LWPOLYLINE","source_file":"cad_candidate.flattened.r2010.dxf","source_layer":"\u0414\u0412_\u0413\u041f_\u041f_\u0412\u043e\u0434\u043e\u043e\u0442\u0432\u043e\u0434\u043d\u044b\u0435_\
1000
u043b\u043e\u0442\u043a\u0438","source_project_id":"898ea8e86f4d","source_status":"partial prepared CAD: 45 of 47 external references embedded","street":"\u041a\u0443\u043b\u0438\u043a\u043e\u0432\u04
1000
41\u043a\u0430\u044f \u0443\u043b\u0438\u0446\u0430, \u041c\u043e\u0441\u043a\u0432\u0430","suggestion_confidence":"high"},"role":"asset","schema_version":1,"type_id":"net.tray"}
  0
LWPOLYLINE
  5
1E3
330
17
100
AcDbEntity
  8
GC_DRAINAGE_TRAY
100
AcDbPolyline
 90
4
 70
1
 10
4093.832633833312
 20
-10747.294625639859
 10
4093.603428265214
 20
-10747.194802194961
 10
4093.8030752903514
 20
-10746.736390736385
 10
4094.032270937327
 20
-10746.836237587373
1001
GREENCAD_EDIT_V1
1000
{"geometry_role":"OUTER_CONTOUR","id":"kul-tray:000336:5d33db1cf088","properties":{"missing_external_references":["\u0410\u0421\u0423_\u041e\u0414\u0421_\u041a\u0443\u043b\u0438\u043a\u043e\u0432\u044
1000
1\u043a\u0430\u044f","\u04407989_\u041a\u0443\u043b\u0438\u043a\u043e\u0432\u0441\u043a\u0430\u044f \u0443\u043b._\u043f\u0440\u043e\u0435\u043a\u0442"],"normative":false,"professional_confirmation":f
1000
alse,"semantic_authority":"project layer-name evidence for diagnostic testing only","semantic_basis":"explicit project layer name; advisory classification","source_currentness_confirmed":false,"source
1000
_entity_type":"LWPOLYLINE","source_file":"cad_candidate.flattened.r2010.dxf","source_layer":"\u0414\u0412_\u0413\u041f_\u041f_\u0412\u043e\u0434\u043e\u043e\u0442\u0432\u043e\u0434\u043d\u044b\u0435_\
1000
u043b\u043e\u0442\u043a\u0438","source_project_id":"898ea8e86f4d","source_status":"partial prepared CAD: 45 of 47 external references embedded","street":"\u041a\u0443\u043b\u0438\u043a\u043e\u0432\u04
1000
41\u043a\u0430\u044f \u0443\u043b\u0438\u0446\u0430, \u041c\u043e\u0441\u043a\u0432\u0430","suggestion_confidence":"high"},"role":"asset","schema_version":1,"type_id":"net.tray"}
  0
LWPOLYLINE
  5
1E4
330
17
100
AcDbEntity
  8
GC_DRAINAGE_TRAY
100
AcDbPolyline
 90
4
 70
1
 10
4094.0322810876664
 20
-10746.836214281113
 10
4093.8030755195687
 20
-10746.736390836215
 10
4094.002722544706
 20
-10746.277979377639
 10
4094.231918191682
 20
-10746.377826228627
1001
GREENCAD_EDIT_V1
1000
{"geometry_role":"OUTER_CONTOUR","id":"kul-tray:000337:baa57aebcdd1","properties":{"missing_external_references":["\u0410\u0421\u0423_\u041e\u0414\u0421_\u041a\u0443\u043b\u0438\u043a\u043e\u0432\u044
1000
1\u043a\u0430\u044f","\u04407989_\u041a\u0443\u043b\u0438\u043a\u043e\u0432\u0441\u043a\u0430\u044f \u0443\u043b._\u043f\u0440\u043e\u0435\u043a\u0442"],"normative":false,"professional_confirmation":f
1000
alse,"semantic_authority":"project layer-name evidence for diagnostic testing only","semantic_basis":"explicit project layer name; advisory classification","source_currentness_confirmed":false,"source
1000
_entity_type":"LWPOLYLINE","source_file":"cad_candidate.flattened.r2010.dxf","source_layer":"\u0414\u0412_\u0413\u041f_\u041f_\u0412\u043e\u0434\u043e\u043e\u0442\u0432\u043e\u0434\u043d\u044b\u0435_\
1000
u043b\u043e\u0442\u043a\u0438","source_project_id":"898ea8e86f4d","source_status":"partial prepared CAD: 45 of 47 external references embedded","street":"\u041a\u0443\u043b\u0438\u043a\u043e\u0432\u04
1000
41\u043a\u0430\u044f \u0443\u043b\u0438\u0446\u0430, \u041c\u043e\u0441\u043a\u0432\u0430","suggestion_confidence":"high"},"role":"asset","schema_version":1,"type_id":"net.tray"}
  0
LWPOLYLINE
  5
1E5
330
17
100
AcDbEntity
  8
GC_DRAINAGE_TRAY
100
AcDbPolyline
 90
4
 70
1
 10
4094.231928342021
 20
-10746.377802922365
 10
4094.0027227739233
 20
-10746.277979477467
 10
4094.2023697990608
 20
-10745.819568018891
 10
4094.4315654460365
 20
-10745.919414869879
1001
GREENCAD_EDIT_V1
1000
{"geometry_role":"OUTER_CONTOUR","id":"kul-tray:000338:b8c585a92500","properties":{"missing_external_references":["\u0410\u0421\u0423_\u041e\u0414\u0421_\u041a\u0443\u043b\u0438\u043a\u043e\u0432\u044
1000
1\u043a\u0430\u044f","\u04407989_\u041a\u0443\u043b\u0438\u043a\u043e\u0432\u0441\u043a\u0430\u044f \u0443\u043b._\u043f\u0440\u043e\u0435\u043a\u0442"],"normative":false,"professional_confirmation":f
1000
alse,"semantic_authority":"project layer-name evidence for diagnostic testing only","semantic_basis":"explicit project layer name; advisory classification","source_currentness_confirmed":false,"source
1000
_entity_type":"LWPOLYLINE","source_file":"cad_candidate.flattened.r2010.dxf","source_layer":"\u0414\u0412_\u0413\u041f_\u041f_\u0412\u043e\u0434\u043e\u043e\u0442\u0432\u043e\u0434\u043d\u044b\u0435_\
1000
u043b\u043e\u0442\u043a\u0438","source_project_id":"898ea8e86f4d","source_status":"partial prepared CAD: 45 of 47 external references embedded","street":"\u041a\u0443\u043b\u0438\u043a\u043e\u0432\u04
1000
41\u043a\u0430\u044f \u0443\u043b\u0438\u0446\u0430, \u041c\u043e\u0441\u043a\u0432\u0430","suggestion_confidence":"high"},"role":"asset","schema_version":1,"type_id":"net.tray"}
  0
LWPOLYLINE
  5
1E6
330
17
100
AcDbEntity
  8
GC_DRAINAGE_TRAY
100
AcDbPolyline
 90
4
 70
1
 10
4094.4315755963758
 20
-10745.919391563617
 10
4094.202370028278
 20
-10745.819568118719
 10
4094.4020170534154
 20
-10745.361156660143
 10
4094.631212700391
 20
-10745.461003511131
1001
GREENCAD_EDIT_V1
1000
{"geometry_role":"OUTER_CONTOUR","id":"kul-tray:000339:508f2287d8ec","properties":{"missing_external_references":["\u0410\u0421\u0423_\u041e\u0414\u0421_\u041a\u0443\u043b\u0438\u043a\u043e\u0432\u044
1000
1\u043a\u0430\u044f","\u04407989_\u041a\u0443\u043b\u0438\u043a\u043e\u0432\u0441\u043a\u0430\u044f \u0443\u043b._\u043f\u0440\u043e\u0435\u043a\u0442"],"normative":false,"professional_confirmation":f
1000
alse,"semantic_authority":"project layer-name evidence for diagnostic testing only","semantic_basis":"explicit project layer name; advisory classification","source_currentness_confirmed":false,"source
1000
_entity_type":"LWPOLYLINE","source_file":"cad_candidate.flattened.r2010.dxf","source_layer":"\u0414\u0412_\u0413\u041f_\u041f_\u0412\u043e\u0434\u043e\u043e\u0442\u0432\u043e\u0434\u043d\u044b\u0435_\
1000
u043b\u043e\u0442\u043a\u0438","source_project_id":"898ea8e86f4d","source_status":"partial prepared CAD: 45 of 47 external references embedded","street":"\u041a\u0443\u043b\u0438\u043a\u043e\u0432\u04
1000
41\u043a\u0430\u044f \u0443\u043b\u0438\u0446\u0430, \u041c\u043e\u0441\u043a\u0432\u0430","suggestion_confidence":"high"},"role":"asset","schema_version":1,"type_id":"net.tray"}
  0
LWPOLYLINE
  5
1E7
330
17
100
AcDbEntity
  8
GC_DRAINAGE_TRAY
100
AcDbPolyline
 90
4
 70
1
 10
4094.631222850731
 20
-10745.46098020487
 10
4094.402017282633
 20
-10745.361156759973
 10
4094.6016643077705
 20
-10744.902745301397
 10
4094.8308599547463
 20
-10745.002592152385
1001
GREENCAD_EDIT_V1
1000
{"geometry_role":"OUTER_CONTOUR","id":"kul-tray:000340:dc5b59206c78","properties":{"missing_external_references":["\u0410\u0421\u0423_\u041e\u0414\u0421_\u041a\u0443\u043b\u0438\u043a\u043e\u0432\u044
1000
1\u043a\u0430\u044f","\u04407989_\u041a\u0443\u043b\u0438\u043a\u043e\u0432\u0441\u043a\u0430\u044f \u0443\u043b._\u043f\u0440\u043e\u0435\u043a\u0442"],"normative":false,"professional_confirmation":f
1000
alse,"semantic_authority":"project layer-name evidence for diagnostic testing only","semantic_basis":"explicit project layer name; advisory classification","source_currentness_confirmed":false,"source
1000
_entity_type":"LWPOLYLINE","source_file":"cad_candidate.flattened.r2010.dxf","source_layer":"\u0414\u0412_\u0413\u041f_\u041f_\u0412\u043e\u0434\u043e\u043e\u0442\u0432\u043e\u0434\u043d\u044b\u0435_\
1000
u043b\u043e\u0442\u043a\u0438","source_project_id":"898ea8e86f4d","source_status":"partial prepared CAD: 45 of 47 external references embedded","street":"\u041a\u0443\u043b\u0438\u043a\u043e\u0432\u04
1000
41\u043a\u0430\u044f \u0443\u043b\u0438\u0446\u0430, \u041c\u043e\u0441\u043a\u0432\u0430","suggestion_confidence":"high"},"role":"asset","schema_version":1,"type_id":"net.tray"}
  0
LWPOLYLINE
  5
1E8
330
17
100
AcDbEntity
  8
GC_DRAINAGE_TRAY
100
AcDbPolyline
 90
4
 70
1
 10
4094.8308701050855
 20
-10745.002568846123
 10
4094.6016645369878
 20
-10744.902745401225
 10
4094.801311562125
 20
-10744.444333942649
 10
4095.030507209101
 20
-10744.544180793637
1001
GREENCAD_EDIT_V1
1000
{"geometry_role":"OUTER_CONTOUR","id":"kul-tray:000341:6389d0f14711","properties":{"missing_external_references":["\u0410\u0421\u0423_\u041e\u0414\u0421_\u041a\u0443\u043b\u0438\u043a\u043e\u0432\u044
1000
1\u043a\u0430\u044f","\u04407989_\u041a\u0443\u043b\u0438\u043a\u043e\u0432\u0441\u043a\u0430\u044f \u0443\u043b._\u043f\u0440\u043e\u0435\u043a\u0442"],"normative":false,"professional_confirmation":f
1000
alse,"semantic_authority":"project layer-name evidence for diagnostic testing only","semantic_basis":"explicit project layer name; advisory classification","source_currentness_confirmed":false,"source
1000
_entity_type":"LWPOLYLINE","source_file":"cad_candidate.flattened.r2010.dxf","source_layer":"\u0414\u0412_\u0413\u041f_\u041f_\u0412\u043e\u0434\u043e\u043e\u0442\u0432\u043e\u0434\u043d\u044b\u0435_\
1000
u043b\u043e\u0442\u043a\u0438","source_project_id":"898ea8e86f4d","source_status":"partial prepared CAD: 45 of 47 external references embedded","street":"\u041a\u0443\u043b\u0438\u043a\u043e\u0432\u04
1000
41\u043a\u0430\u044f \u0443\u043b\u0438\u0446\u0430, \u041c\u043e\u0441\u043a\u0432\u0430","suggestion_confidence":"high"},"role":"asset","schema_version":1,"type_id":"net.tray"}
  0
LWPOLYLINE
  5
1E9
330
17
100
AcDbEntity
  8
GC_DRAINAGE_TRAY
100
AcDbPolyline
 90
4
 70
1
 10
4095.03051735944
 20
-10744.544157487375
 10
4094.8013117913424
 20
-10744.444334042477
 10
4095.00095881648
 20
-10743.9859225839
 10
4095.2301544634556
 20
-10744.085769434889
1001
GREENCAD_EDIT_V1
1000
{"geometry_role":"OUTER_CONTOUR","id":"kul-tray:000342:5202b305f165","properties":{"missing_external_references":["\u0410\u0421\u0423_\u041e\u0414\u0421_\u041a\u0443\u043b\u0438\u043a\u043e\u0432\u044
1000
1\u043a\u0430\u044f","\u04407989_\u041a\u0443\u043b\u0438\u043a\u043e\u0432\u0441\u043a\u0430\u044f \u0443\u043b._\u043f\u0440\u043e\u0435\u043a\u0442"],"normative":false,"professional_confirmation":f
1000
alse,"semantic_authority":"project layer-name evidence for diagnostic testing only","semantic_basis":"explicit project layer name; advisory classification","source_currentness_confirmed":false,"source
1000
_entity_type":"LWPOLYLINE","source_file":"cad_candidate.flattened.r2010.dxf","source_layer":"\u0414\u0412_\u0413\u041f_\u041f_\u0412\u043e\u0434\u043e\u043e\u0442\u0432\u043e\u0434\u043d\u044b\u0435_\
1000
u043b\u043e\u0442\u043a\u0438","source_project_id":"898ea8e86f4d","source_status":"partial prepared CAD: 45 of 47 external references embedded","street":"\u041a\u0443\u043b\u0438\u043a\u043e\u0432\u04
1000
41\u043a\u0430\u044f \u0443\u043b\u0438\u0446\u0430, \u041c\u043e\u0441\u043a\u0432\u0430","suggestion_confidence":"high"},"role":"asset","schema_version":1,"type_id":"net.tray"}
  0
LWPOLYLINE
  5
1EA
330
17
100
AcDbEntity
  8
GC_DRAINAGE_TRAY
100
AcDbPolyline
 90
4
 70
1
 10
4095.230164613795
 20
-10744.085746128629
 10
4095.000959045697
 20
-10743.98592268373
 10
4095.2006060708345
 20
-10743.527511225155
 10
4095.4298017178103
 20
-10743.627358076143
1001
GREENCAD_EDIT_V1
1000
{"geometry_role":"OUTER_CONTOUR","id":"kul-tray:000343:84a50ba44664","properties":{"missing_external_references":["\u0410\u0421\u0423_\u041e\u0414\u0421_\u041a\u0443\u043b\u0438\u043a\u043e\u0432\u044
1000
1\u043a\u0430\u044f","\u04407989_\u041a\u0443\u043b\u0438\u043a\u043e\u0432\u0441\u043a\u0430\u044f \u0443\u043b._\u043f\u0440\u043e\u0435\u043a\u0442"],"normative":false,"professional_confirmation":f
1000
alse,"semantic_authority":"project layer-name evidence for diagnostic testing only","semantic_basis":"explicit project layer name; advisory classification","source_currentness_confirmed":false,"source
1000
_entity_type":"LWPOLYLINE","source_file":"cad_candidate.flattened.r2010.dxf","source_layer":"\u0414\u0412_\u0413\u041f_\u041f_\u0412\u043e\u0434\u043e\u043e\u0442\u0432\u043e\u0434\u043d\u044b\u0435_\
1000
u043b\u043e\u0442\u043a\u0438","source_project_id":"898ea8e86f4d","source_status":"partial prepared CAD: 45 of 47 external references embedded","street":"\u041a\u0443\u043b\u0438\u043a\u043e\u0432\u04
1000
41\u043a\u0430\u044f \u0443\u043b\u0438\u0446\u0430, \u041c\u043e\u0441\u043a\u0432\u0430","suggestion_confidence":"high"},"role":"asset","schema_version":1,"type_id":"net.tray"}
  0
LWPOLYLINE
  5
1EB
330
17
100
AcDbEntity
  8
GC_DRAINAGE_TRAY
100
AcDbPolyline
 90
4
 70
1
 10
4095.4298118681495
 20
-10743.62733476988
 10
4095.2006063000517
 20
-10743.527511324983
 10
4095.400253325189
 20
-10743.069099866407
 10
4095.629448972165
 20
-10743.168946717395
1001
GREENCAD_EDIT_V1
1000
{"geometry_role":"OUTER_CONTOUR","id":"kul-tray:000344:dec4230d22a9","properties":{"missing_external_references":["\u0410\u0421\u0423_\u041e\u0414\u0421_\u041a\u0443\u043b\u0438\u043a\u043e\u0432\u044
1000
1\u043a\u0430\u044f","\u04407989_\u041a\u0443\u043b\u0438\u043a\u043e\u0432\u0441\u043a\u0430\u044f \u0443\u043b._\u043f\u0440\u043e\u0435\u043a\u0442"],"normative":false,"professional_confirmation":f
1000
alse,"semantic_authority":"project layer-name evidence for diagnostic testing only","semantic_basis":"explicit project layer name; advisory classification","source_currentness_confirmed":false,"source
1000
_entity_type":"LWPOLYLINE","source_file":"cad_candidate.flattened.r2010.dxf","source_layer":"\u0414\u0412_\u0413\u041f_\u041f_\u0412\u043e\u0434\u043e\u043e\u0442\u0432\u043e\u0434\u043d\u044b\u0435_\
1000
u043b\u043e\u0442\u043a\u0438","source_project_id":"898ea8e86f4d","source_status":"partial prepared CAD: 45 of 47 external references embedded","street":"\u041a\u0443\u043b\u0438\u043a\u043e\u0432\u04
1000
41\u043a\u0430\u044f \u0443\u043b\u0438\u0446\u0430, \u041c\u043e\u0441\u043a\u0432\u0430","suggestion_confidence":"high"},"role":"asset","schema_version":1,"type_id":"net.tray"}
  0
LWPOLYLINE
  5
1EC
330
17
100
AcDbEntity
  8
GC_DRAINAGE_TRAY
100
AcDbPolyline
 90
4
 70
1
 10
4095.629459122504
 20
-10743.168923411133
 10
4095.4002535544064
 20
-10743.069099966235
 10
4095.599900579544
 20
-10742.610688507659
 10
4095.8290962265196
 20
-10742.710535358647
1001
GREENCAD_EDIT_V1
1000
{"geometry_role":"OUTER_CONTOUR","id":"kul-tray:000345:0ae0269e38c8","properties":{"missing_external_references":["\u0410\u0421\u0423_\u041e\u0414\u0421_\u041a\u0443\u043b\u0438\u043a\u043e\u0432\u044
1000
1\u043a\u0430\u044f","\u04407989_\u041a\u0443\u043b\u0438\u043a\u043e\u0432\u0441\u043a\u0430\u044f \u0443\u043b._\u043f\u0440\u043e\u0435\u043a\u0442"],"normative":false,"professional_confirmation":f
1000
alse,"semantic_authority":"project layer-name evidence for diagnostic testing only","semantic_basis":"explicit project layer name; advisory classification","source_currentness_confirmed":false,"source
1000
_entity_type":"LWPOLYLINE","source_file":"cad_candidate.flattened.r2010.dxf","source_layer":"\u0414\u0412_\u0413\u041f_\u041f_\u0412\u043e\u0434\u043e\u043e\u0442\u0432\u043e\u0434\u043d\u044b\u0435_\
1000
u043b\u043e\u0442\u043a\u0438","source_project_id":"898ea8e86f4d","source_status":"partial prepared CAD: 45 of 47 external references embedded","street":"\u041a\u0443\u043b\u0438\u043a\u043e\u0432\u04
1000
41\u043a\u0430\u044f \u0443\u043b\u0438\u0446\u0430, \u041c\u043e\u0441\u043a\u0432\u0430","suggestion_confidence":"high"},"role":"asset","schema_version":1,"type_id":"net.tray"}
  0
LWPOLYLINE
  5
1ED
330
17
100
AcDbEntity
  8
GC_DRAINAGE_TRAY
100
AcDbPolyline
 90
4
 70
1
 10
4095.829106376859
 20
-10742.710512052387
 10
4095.599900808761
 20
-10742.610688607489
 10
4095.7995478338985
 20
-10742.152277148913
 10
4096.028743480874
 20
-10742.2521239999
1001
GREENCAD_EDIT_V1
1000
{"geometry_role":"OUTER_CONTOUR","id":"kul-tray:000346:f5086e69ff41","properties":{"missing_external_references":["\u0410\u0421\u0423_\u041e\u0414\u0421_\u041a\u0443\u043b\u0438\u043a\u043e\u0432\u044
1000
1\u043a\u0430\u044f","\u04407989_\u041a\u0443\u043b\u0438\u043a\u043e\u0432\u0441\u043a\u0430\u044f \u0443\u043b._\u043f\u0440\u043e\u0435\u043a\u0442"],"normative":false,"professional_confirmation":f
1000
alse,"semantic_authority":"project layer-name evidence for diagnostic testing only","semantic_basis":"explicit project layer name; advisory classification","source_currentness_confirmed":false,"source
1000
_entity_type":"LWPOLYLINE","source_file":"cad_candidate.flattened.r2010.dxf","source_layer":"\u0414\u0412_\u0413\u041f_\u041f_\u0412\u043e\u0434\u043e\u043e\u0442\u0432\u043e\u0434\u043d\u044b\u0435_\
1000
u043b\u043e\u0442\u043a\u0438","source_project_id":"898ea8e86f4d","source_status":"partial prepared CAD: 45 of 47 external references embedded","street":"\u041a\u0443\u043b\u0438\u043a\u043e\u0432\u04
1000
41\u043a\u0430\u044f \u0443\u043b\u0438\u0446\u0430, \u041c\u043e\u0441\u043a\u0432\u0430","suggestion_confidence":"high"},"role":"asset","schema_version":1,"type_id":"net.tray"}
  0
LWPOLYLINE
  5
1EE
330
17
100
AcDbEntity
  8
GC_DRAINAGE_TRAY
100
AcDbPolyline
 90
4
 70
1
 10
4096.0287536312135
 20
-10742.252100693639
 10
4095.7995480631157
 20
-10742.15227724874
 10
4095.999195088253
 20
-10741.693865790165
 10
4096.2283907352285
 20
-10741.793712641153
1001
GREENCAD_EDIT_V1
1000
{"geometry_role":"OUTER_CONTOUR","id":"kul-tray:000347:21179ee94689","properties":{"missing_external_references":["\u0410\u0421\u0423_\u041e\u0414\u0421_\u041a\u0443\u043b\u0438\u043a\u043e\u0432\u044
1000
1\u043a\u0430\u044f","\u04407989_\u041a\u0443\u043b\u0438\u043a\u043e\u0432\u0441\u043a\u0430\u044f \u0443\u043b._\u043f\u0440\u043e\u0435\u043a\u0442"],"normative":false,"professional_confirmation":f
1000
alse,"semantic_authority":"project layer-name evidence for diagnostic testing only","semantic_basis":"explicit project layer name; advisory classification","source_currentness_confirmed":false,"source
1000
_entity_type":"LWPOLYLINE","source_file":"cad_candidate.flattened.r2010.dxf","source_layer":"\u0414\u0412_\u0413\u041f_\u041f_\u0412\u043e\u0434\u043e\u043e\u0442\u0432\u043e\u0434\u043d\u044b\u0435_\
1000
u043b\u043e\u0442\u043a\u0438","source_project_id":"898ea8e86f4d","source_status":"partial prepared CAD: 45 of 47 external references embedded","street":"\u041a\u0443\u043b\u0438\u043a\u043e\u0432\u04
1000
41\u043a\u0430\u044f \u0443\u043b\u0438\u0446\u0430, \u041c\u043e\u0441\u043a\u0432\u0430","suggestion_confidence":"high"},"role":"asset","schema_version":1,"type_id":"net.tray"}
  0
LWPOLYLINE
  5
1EF
330
17
100
AcDbEntity
  8
GC_DRAINAGE_TRAY
100
AcDbPolyline
 90
4
 70
1
 10
4096.228400885569
 20
-10741.79368933489
 10
4095.999195317471
 20
-10741.693865889993
 10
4096.198842342608
 20
-10741.235454431417
 10
4096.428037989584
 20
-10741.335301282405
1001
GREENCAD_EDIT_V1
1000
{"geometry_role":"OUTER_CONTOUR","id":"kul-tray:000348:556995d918c0","properties":{"missing_external_references":["\u0410\u0421\u0423_\u041e\u0414\u0421_\u041a\u0443\u043b\u0438\u043a\u043e\u0432\u044
1000
1\u043a\u0430\u044f","\u04407989_\u041a\u0443\u043b\u0438\u043a\u043e\u0432\u0441\u043a\u0430\u044f \u0443\u043b._\u043f\u0440\u043e\u0435\u043a\u0442"],"normative":false,"professional_confirmation":f
1000
alse,"semantic_authority":"project layer-name evidence for diagnostic testing only","semantic_basis":"explicit project layer name; advisory classification","source_currentness_confirmed":false,"source
1000
_entity_type":"LWPOLYLINE","source_file":"cad_candidate.flattened.r2010.dxf","source_layer":"\u0414\u0412_\u0413\u041f_\u041f_\u0412\u043e\u0434\u043e\u043e\u0442\u0432\u043e\u0434\u043d\u044b\u0435_\
1000
u043b\u043e\u0442\u043a\u0438","source_project_id":"898ea8e86f4d","source_status":"partial prepared CAD: 45 of 47 external references embedded","street":"\u041a\u0443\u043b\u0438\u043a\u043e\u0432\u04
1000
41\u043a\u0430\u044f \u0443\u043b\u0438\u0446\u0430, \u041c\u043e\u0441\u043a\u0432\u0430","suggestion_confidence":"high"},"role":"asset","schema_version":1,"type_id":"net.tray"}
  0
LWPOLYLINE
  5
1F0
330
17
100
AcDbEntity
  8
GC_DRAINAGE_TRAY
100
AcDbPolyline
 90
4
 70
1
 10
4096.428048139923
 20
-10741.335277976144
 10
4096.198842571825
 20
-10741.235454531246
 10
4096.3984895969625
 20
-10740.77704307267
 10
4096.627685243938
 20
-10740.876889923658
1001
GREENCAD_EDIT_V1
1000
{"geometry_role":"OUTER_CONTOUR","id":"kul-tray:000349:dca4ab91aa2f","properties":{"missing_external_references":["\u0410\u0421\u0423_\u041e\u0414\u0421_\u041a\u0443\u043b\u0438\u043a\u043e\u0432\u044
1000
1\u043a\u0430\u044f","\u04407989_\u041a\u0443\u043b\u0438\u043a\u043e\u0432\u0441\u043a\u0430\u044f \u0443\u043b._\u043f\u0440\u043e\u0435\u043a\u0442"],"normative":false,"professional_confirmation":f
1000
alse,"semantic_authority":"project layer-name evidence for diagnostic testing only","semantic_basis":"explicit project layer name; advisory classification","source_currentness_confirmed":false,"source
1000
_entity_type":"LWPOLYLINE","source_file":"cad_candidate.flattened.r2010.dxf","source_layer":"\u0414\u0412_\u0413\u041f_\u041f_\u0412\u043e\u0434\u043e\u043e\u0442\u0432\u043e\u0434\u043d\u044b\u0435_\
1000
u043b\u043e\u0442\u043a\u0438","source_project_id":"898ea8e86f4d","source_status":"partial prepared CAD: 45 of 47 external references embedded","street":"\u041a\u0443\u043b\u0438\u043a\u043e\u0432\u04
1000
41\u043a\u0430\u044f \u0443\u043b\u0438\u0446\u0430, \u041c\u043e\u0441\u043a\u0432\u0430","suggestion_confidence":"high"},"role":"asset","schema_version":1,"type_id":"net.tray"}
  0
LWPOLYLINE
  5
1F1
330
17
100
AcDbEntity
  8
GC_DRAINAGE_TRAY
100
AcDbPolyline
 90
4
 70
1
 10
4096.627695394278
 20
-10740.876866617396
 10
4096.39848982618
 20
-10740.777043172498
 10
4096.598136851318
 20
-10740.318631713923
 10
4096.827332498293
 20
-10740.41847856491
1001
GREENCAD_EDIT_V1
1000
{"geometry_role":"OUTER_CONTOUR","id":"kul-tray:000350:463423a122eb","properties":{"missing_external_references":["\u0410\u0421\u0423_\u041e\u0414\u0421_\u041a\u0443\u043b\u0438\u043a\u043e\u0432\u044
1000
1\u043a\u0430\u044f","\u04407989_\u041a\u0443\u043b\u0438\u043a\u043e\u0432\u0441\u043a\u0430\u044f \u0443\u043b._\u043f\u0440\u043e\u0435\u043a\u0442"],"normative":false,"professional_confirmation":f
1000
alse,"semantic_authority":"project layer-name evidence for diagnostic testing only","semantic_basis":"explicit project layer name; advisory classification","source_currentness_confirmed":false,"source
1000
_entity_type":"LWPOLYLINE","source_file":"cad_candidate.flattened.r2010.dxf","source_layer":"\u0414\u0412_\u0413\u041f_\u041f_\u0412\u043e\u0434\u043e\u043e\u0442\u0432\u043e\u0434\u043d\u044b\u0435_\
1000
u043b\u043e\u0442\u043a\u0438","source_project_id":"898ea8e86f4d","source_status":"partial prepared CAD: 45 of 47 external references embedded","street":"\u041a\u0443\u043b\u0438\u043a\u043e\u0432\u04
1000
41\u043a\u0430\u044f \u0443\u043b\u0438\u0446\u0430, \u041c\u043e\u0441\u043a\u0432\u0430","suggestion_confidence":"high"},"role":"asset","schema_version":1,"type_id":"net.tray"}
  0
LWPOLYLINE
  5
1F2
330
17
100
AcDbEntity
  8
GC_DRAINAGE_TRAY
100
AcDbPolyline
 90
4
 70
1
 10
4096.827342648632
 20
-10740.418455258648
 10
4096.598137080534
 20
-10740.31863181375
 10
4096.797784105672
 20
-10739.860220355175
 10
4097.026979752647
 20
-10739.960067206162
1001
GREENCAD_EDIT_V1
1000
{"geometry_role":"OUTER_CONTOUR","id":"kul-tray:000351:1a356af9f41e","properties":{"missing_external_references":["\u0410\u0421\u0423_\u041e\u0414\u0421_\u041a\u0443\u043b\u0438\u043a\u043e\u0432\u044
1000
1\u043a\u0430\u044f","\u04407989_\u041a\u0443\u043b\u0438\u043a\u043e\u0432\u0441\u043a\u0430\u044f \u0443\u043b._\u043f\u0440\u043e\u0435\u043a\u0442"],"normative":false,"professional_confirmation":f
1000
alse,"semantic_authority":"project layer-name evidence for diagnostic testing only","semantic_basis":"explicit project layer name; advisory classification","source_currentness_confirmed":false,"source
1000
_entity_type":"LWPOLYLINE","source_file":"cad_candidate.flattened.r2010.dxf","source_layer":"\u0414\u0412_\u0413\u041f_\u041f_\u0412\u043e\u0434\u043e\u043e\u0442\u0432\u043e\u0434\u043d\u044b\u0435_\
1000
u043b\u043e\u0442\u043a\u0438","source_project_id":"898ea8e86f4d","source_status":"partial prepared CAD: 45 of 47 external references embedded","street":"\u041a\u0443\u043b\u0438\u043a\u043e\u0432\u04
1000
41\u043a\u0430\u044f \u0443\u043b\u0438\u0446\u0430, \u041c\u043e\u0441\u043a\u0432\u0430","suggestion_confidence":"high"},"role":"asset","schema_version":1,"type_id":"net.tray"}
  0
LWPOLYLINE
  5
1F3
330
17
100
AcDbEntity
  8
GC_DRAINAGE_TRAY
100
AcDbPolyline
 90
4
 70
1
 10
4097.026989902987
 20
-10739.960043899902
 10
4096.797784334889
 20
-10739.860220455004
 10
4096.997431360027
 20
-10739.401808996428
 10
4097.226627007002
 20
-10739.501655847416
1001
GREENCAD_EDIT_V1
1000
{"geometry_role":"OUTER_CONTOUR","id":"kul-tray:000352:e479dc93fc0c","properties":{"missing_external_references":["\u0410\u0421\u0423_\u041e\u0414\u0421_\u041a\u0443\u043b\u0438\u043a\u043e\u0432\u044
1000
1\u043a\u0430\u044f","\u04407989_\u041a\u0443\u043b\u0438\u043a\u043e\u0432\u0441\u043a\u0430\u044f \u0443\u043b._\u043f\u0440\u043e\u0435\u043a\u0442"],"normative":false,"professional_confirmation":f
1000
alse,"semantic_authority":"project layer-name evidence for diagnostic testing only","semantic_basis":"explicit project layer name; advisory classification","source_currentness_confirmed":false,"source
1000
_entity_type":"LWPOLYLINE","source_file":"cad_candidate.flattened.r2010.dxf","source_layer":"\u0414\u0412_\u0413\u041f_\u041f_\u0412\u043e\u0434\u043e\u043e\u0442\u0432\u043e\u0434\u043d\u044b\u0435_\
1000
u043b\u043e\u0442\u043a\u0438","source_project_id":"898ea8e86f4d","source_status":"partial prepared CAD: 45 of 47 external references embedded","street":"\u041a\u0443\u043b\u0438\u043a\u043e\u0432\u04
1000
41\u043a\u0430\u044f \u0443\u043b\u0438\u0446\u0430, \u041c\u043e\u0441\u043a\u0432\u0430","suggestion_confidence":"high"},"role":"asset","schema_version":1,"type_id":"net.tray"}
  0
LWPOLYLINE
  5
1F4
330
17
100
AcDbEntity
  8
GC_DRAINAGE_TRAY
100
AcDbPolyline
 90
4
 70
1
 10
4097.226637157341
 20
-10739.501632541154
 10
4096.997431589243
 20
-10739.401809096256
 10
4097.197078614381
 20
-10738.94339763768
 10
4097.426274261356
 20
-10739.043244488668
1001
GREENCAD_EDIT_V1
1000
{"geometry_role":"OUTER_CONTOUR","id":"kul-tray:000353:b48c1a7f8c9d","properties":{"missing_external_references":["\u0410\u0421\u0423_\u041e\u0414\u0421_\u041a\u0443\u043b\u0438\u043a\u043e\u0432\u044
1000
1\u043a\u0430\u044f","\u04407989_\u041a\u0443\u043b\u0438\u043a\u043e\u0432\u0441\u043a\u0430\u044f \u0443\u043b._\u043f\u0440\u043e\u0435\u043a\u0442"],"normative":false,"professional_confirmation":f
1000
alse,"semantic_authority":"project layer-name evidence for diagnostic testing only","semantic_basis":"explicit project layer name; advisory classification","source_currentness_confirmed":false,"source
1000
_entity_type":"LWPOLYLINE","source_file":"cad_candidate.flattened.r2010.dxf","source_layer":"\u0414\u0412_\u0413\u041f_\u041f_\u0412\u043e\u0434\u043e\u043e\u0442\u0432\u043e\u0434\u043d\u044b\u0435_\
1000
u043b\u043e\u0442\u043a\u0438","source_project_id":"898ea8e86f4d","source_status":"partial prepared CAD: 45 of 47 external references embedded","street":"\u041a\u0443\u043b\u0438\u043a\u043e\u0432\u04
1000
41\u043a\u0430\u044f \u0443\u043b\u0438\u0446\u0430, \u041c\u043e\u0441\u043a\u0432\u0430","suggestion_confidence":"high"},"role":"asset","schema_version":1,"type_id":"net.tray"}
  0
LWPOLYLINE
  5
1F5
330
17
100
AcDbEntity
  8
GC_DRAINAGE_TRAY
100
AcDbPolyline
 90
4
 70
1
 10
4097.4262844116965
 20
-10739.043221182406
 10
4097.197078843598
 20
-10738.943397737508
 10
4097.396725868736
 20
-10738.484986278932
 10
4097.6259215157115
 20
-10738.58483312992
1001
GREENCAD_EDIT_V1
1000
{"geometry_role":"OUTER_CONTOUR","id":"kul-tray:000354:194d0e90c45b","properties":{"missing_external_references":["\u0410\u0421\u0423_\u041e\u0414\u0421_\u041a\u0443\u043b\u0438\u043a\u043e\u0432\u044
1000
1\u043a\u0430\u044f","\u04407989_\u041a\u0443\u043b\u0438\u043a\u043e\u0432\u0441\u043a\u0430\u044f \u0443\u043b._\u043f\u0440\u043e\u0435\u043a\u0442"],"normative":false,"professional_confirmation":f
1000
alse,"semantic_authority":"project layer-name evidence for diagnostic testing only","semantic_basis":"explicit project layer name; advisory classification","source_currentness_confirmed":false,"source
1000
_entity_type":"LWPOLYLINE","source_file":"cad_candidate.flattened.r2010.dxf","source_layer":"\u0414\u0412_\u0413\u041f_\u041f_\u0412\u043e\u0434\u043e\u043e\u0442\u0432\u043e\u0434\u043d\u044b\u0435_\
1000
u043b\u043e\u0442\u043a\u0438","source_project_id":"898ea8e86f4d","source_status":"partial prepared CAD: 45 of 47 external references embedded","street":"\u041a\u0443\u043b\u0438\u043a\u043e\u0432\u04
1000
41\u043a\u0430\u044f \u0443\u043b\u0438\u0446\u0430, \u041c\u043e\u0441\u043a\u0432\u0430","suggestion_confidence":"high"},"role":"asset","schema_version":1,"type_id":"net.tray"}
  0
LWPOLYLINE
  5
1F6
330
17
100
AcDbEntity
  8
GC_DRAINAGE_TRAY
100
AcDbPolyline
 90
4
 70
1
 10
4097.625931666051
 20
-10738.58480982366
 10
4097.3967260979525
 20
-10738.484986378762
 10
4097.59637312309
 20
-10738.026574920186
 10
4097.825568770066
 20
-10738.126421771174
1001
GREENCAD_EDIT_V1
1000
{"geometry_role":"OUTER_CONTOUR","id":"kul-tray:000355:eb406490acdf","properties":{"missing_external_references":["\u0410\u0421\u0423_\u041e\u0414\u0421_\u041a\u0443\u043b\u0438\u043a\u043e\u0432\u044
1000
1\u043a\u0430\u044f","\u04407989_\u041a\u0443\u043b\u0438\u043a\u043e\u0432\u0441\u043a\u0430\u044f \u0443\u043b._\u043f\u0440\u043e\u0435\u043a\u0442"],"normative":false,"professional_confirmation":f
1000
alse,"semantic_authority":"project layer-name evidence for diagnostic testing only","semantic_basis":"explicit project layer name; advisory classification","source_currentness_confirmed":false,"source
1000
_entity_type":"LWPOLYLINE","source_file":"cad_candidate.flattened.r2010.dxf","source_layer":"\u0414\u0412_\u0413\u041f_\u041f_\u0412\u043e\u0434\u043e\u043e\u0442\u0432\u043e\u0434\u043d\u044b\u0435_\
1000
u043b\u043e\u0442\u043a\u0438","source_project_id":"898ea8e86f4d","source_status":"partial prepared CAD: 45 of 47 external references embedded","street":"\u041a\u0443\u043b\u0438\u043a\u043e\u0432\u04
1000
41\u043a\u0430\u044f \u0443\u043b\u0438\u0446\u0430, \u041c\u043e\u0441\u043a\u0432\u0430","suggestion_confidence":"high"},"role":"asset","schema_version":1,"type_id":"net.tray"}
  0
LWPOLYLINE
  5
1F7
330
17
100
AcDbEntity
  8
GC_DRAINAGE_TRAY
100
AcDbPolyline
 90
4
 70
1
 10
4097.825578920406
 20
-10738.126398464912
 10
4097.596373352308
 20
-10738.026575020014
 10
4097.7960203774455
 20
-10737.568163561438
 10
4098.025216024421
 20
-10737.668010412426
1001
GREENCAD_EDIT_V1
1000
{"geometry_role":"OUTER_CONTOUR","id":"kul-tray:000356:bdda2be579a1","properties":{"missing_external_references":["\u0410\u0421\u0423_\u041e\u0414\u0421_\u041a\u0443\u043b\u0438\u043a\u043e\u0432\u044
1000
1\u043a\u0430\u044f","\u04407989_\u041a\u0443\u043b\u0438\u043a\u043e\u0432\u0441\u043a\u0430\u044f \u0443\u043b._\u043f\u0440\u043e\u0435\u043a\u0442"],"normative":false,"professional_confirmation":f
1000
alse,"semantic_authority":"project layer-name evidence for diagnostic testing only","semantic_basis":"explicit project layer name; advisory classification","source_currentness_confirmed":false,"source
1000
_entity_type":"LWPOLYLINE","source_file":"cad_candidate.flattened.r2010.dxf","source_layer":"\u0414\u0412_\u0413\u041f_\u041f_\u0412\u043e\u0434\u043e\u043e\u0442\u0432\u043e\u0434\u043d\u044b\u0435_\
1000
u043b\u043e\u0442\u043a\u0438","source_project_id":"898ea8e86f4d","source_status":"partial prepared CAD: 45 of 47 external references embedded","street":"\u041a\u0443\u043b\u0438\u043a\u043e\u0432\u04
1000
41\u043a\u0430\u044f \u0443\u043b\u0438\u0446\u0430, \u041c\u043e\u0441\u043a\u0432\u0430","suggestion_confidence":"high"},"role":"asset","schema_version":1,"type_id":"net.tray"}
  0
LWPOLYLINE
  5
1F8
330
17
100
AcDbEntity
  8
GC_DRAINAGE_TRAY
100
AcDbPolyline
 90
4
 70
1
 10
4098.025226174761
 20
-10737.667987106164
 10
4097.796020606663
 20
-10737.568163661266
 10
4097.995667631801
 20
-10737.10975220269
 10
4098.224863278776
 20
-10737.209599053678
1001
GREENCAD_EDIT_V1
1000
{"geometry_role":"OUTER_CONTOUR","id":"kul-tray:000357:dc2f61e7f867","properties":{"missing_external_references":["\u0410\u0421\u0423_\u041e\u0414\u0421_\u041a\u0443\u043b\u0438\u043a\u043e\u0432\u044
1000
1\u043a\u0430\u044f","\u04407989_\u041a\u0443\u043b\u0438\u043a\u043e\u0432\u0441\u043a\u0430\u044f \u0443\u043b._\u043f\u0440\u043e\u0435\u043a\u0442"],"normative":false,"professional_confirmation":f
1000
alse,"semantic_authority":"project layer-name evidence for diagnostic testing only","semantic_basis":"explicit project layer name; advisory classification","source_currentness_confirmed":false,"source
1000
_entity_type":"LWPOLYLINE","source_file":"cad_candidate.flattened.r2010.dxf","source_layer":"\u0414\u0412_\u0413\u041f_\u041f_\u0412\u043e\u0434\u043e\u043e\u0442\u0432\u043e\u0434\u043d\u044b\u0435_\
1000
u043b\u043e\u0442\u043a\u0438","source_project_id":"898ea8e86f4d","source_status":"partial prepared CAD: 45 of 47 external references embedded","street":"\u041a\u0443\u043b\u0438\u043a\u043e\u0432\u04
1000
41\u043a\u0430\u044f \u0443\u043b\u0438\u0446\u0430, \u041c\u043e\u0441\u043a\u0432\u0430","suggestion_confidence":"high"},"role":"asset","schema_version":1,"type_id":"net.tray"}
  0
LWPOLYLINE
  5
1F9
330
17
100
AcDbEntity
  8
GC_DRAINAGE_TRAY
100
AcDbPolyline
 90
4
 70
1
 10
4098.224873429115
 20
-10737.209575747418
 10
4097.995667861017
 20
-10737.10975230252
 10
4098.195314886155
 20
-10736.651340843944
 10
4098.42451053313
 20
-10736.751187694932
1001
GREENCAD_EDIT_V1
1000
{"geometry_role":"OUTER_CONTOUR","id":"kul-tray:000358:8d854b61f407","properties":{"missing_external_references":["\u0410\u0421\u0423_\u041e\u0414\u0421_\u041a\u0443\u043b\u0438\u043a\u043e\u0432\u044
1000
1\u043a\u0430\u044f","\u04407989_\u041a\u0443\u043b\u0438\u043a\u043e\u0432\u0441\u043a\u0430\u044f \u0443\u043b._\u043f\u0440\u043e\u0435\u043a\u0442"],"normative":false,"professional_confirmation":f
1000
alse,"semantic_authority":"project layer-name evidence for diagnostic testing only","semantic_basis":"explicit project layer name; advisory classification","source_currentness_confirmed":false,"source
1000
_entity_type":"LWPOLYLINE","source_file":"cad_candidate.flattened.r2010.dxf","source_layer":"\u0414\u0412_\u0413\u041f_\u041f_\u0412\u043e\u0434\u043e\u043e\u0442\u0432\u043e\u0434\u043d\u044b\u0435_\
1000
u043b\u043e\u0442\u043a\u0438","source_project_id":"898ea8e86f4d","source_status":"partial prepared CAD: 45 of 47 external references embedded","street":"\u041a\u0443\u043b\u0438\u043a\u043e\u0432\u04
1000
41\u043a\u0430\u044f \u0443\u043b\u0438\u0446\u0430, \u041c\u043e\u0441\u043a\u0432\u0430","suggestion_confidence":"high"},"role":"asset","schema_version":1,"type_id":"net.tray"}
  0
LWPOLYLINE
  5
1FA
330
17
100
AcDbEntity
  8
GC_DRAINAGE_TRAY
100
AcDbPolyline
 90
4
 70
1
 10
4098.42452068347
 20
-10736.75116438867
 10
4098.195315115372
 20
-10736.651340943772
 10
4098.39496214051
 20
-10736.192929485196
 10
4098.624157787485
 20
-10736.292776336184
1001
GREENCAD_EDIT_V1
1000
{"geometry_role":"OUTER_CONTOUR","id":"kul-tray:000359:deee9543edc8","properties":{"missing_external_references":["\u0410\u0421\u0423_\u041e\u0414\u0421_\u041a\u0443\u043b\u0438\u043a\u043e\u0432\u044
1000
1\u043a\u0430\u044f","\u04407989_\u041a\u0443\u043b\u0438\u043a\u043e\u0432\u0441\u043a\u0430\u044f \u0443\u043b._\u043f\u0440\u043e\u0435\u043a\u0442"],"normative":false,"professional_confirmation":f
1000
alse,"semantic_authority":"project layer-name evidence for diagnostic testing only","semantic_basis":"explicit project layer name; advisory classification","source_currentness_confirmed":false,"source
1000
_entity_type":"LWPOLYLINE","source_file":"cad_candidate.flattened.r2010.dxf","source_layer":"\u0414\u0412_\u0413\u041f_\u041f_\u0412\u043e\u0434\u043e\u043e\u0442\u0432\u043e\u0434\u043d\u044b\u0435_\
1000
u043b\u043e\u0442\u043a\u0438","source_project_id":"898ea8e86f4d","source_status":"partial prepared CAD: 45 of 47 external references embedded","street":"\u041a\u0443\u043b\u0438\u043a\u043e\u0432\u04
1000
41\u043a\u0430\u044f \u0443\u043b\u0438\u0446\u0430, \u041c\u043e\u0441\u043a\u0432\u0430","suggestion_confidence":"high"},"role":"asset","schema_version":1,"type_id":"net.tray"}
  0
LWPOLYLINE
  5
1FB
330
17
100
AcDbEntity
  8
GC_DRAINAGE_TRAY
100
AcDbPolyline
 90
2
 70
0
 10
4087.643568948316
 20
-10761.50537776103
 10
4098.473445033742
 20
-10736.63882886992
1001
GREENCAD_EDIT_V1
1000
{"geometry_role":"AXIS","id":"kul-tray:000360:dda0cf3c7e62","properties":{"missing_external_references":["\u0410\u0421\u0423_\u041e\u0414\u0421_\u041a\u0443\u043b\u0438\u043a\u043e\u0432\u0441\u043a\u
1000
0430\u044f","\u04407989_\u041a\u0443\u043b\u0438\u043a\u043e\u0432\u0441\u043a\u0430\u044f \u0443\u043b._\u043f\u0440\u043e\u0435\u043a\u0442"],"normative":false,"professional_confirmation":false,"sem
1000
antic_authority":"project layer-name evidence for diagnostic testing only","semantic_basis":"explicit project layer name; advisory classification","source_currentness_confirmed":false,"source_entity_t
1000
ype":"LWPOLYLINE","source_file":"cad_candidate.flattened.r2010.dxf","source_layer":"\u0414\u0412_\u0413\u041f_\u041f_\u0412\u043e\u0434\u043e\u043e\u0442\u0432\u043e\u0434\u043d\u044b\u0435_\u043b\u04
1000
3e\u0442\u043a\u0438","source_project_id":"898ea8e86f4d","source_status":"partial prepared CAD: 45 of 47 external references embedded","street":"\u041a\u0443\u043b\u0438\u043a\u043e\u0432\u0441\u043a\
1000
u0430\u044f \u0443\u043b\u0438\u0446\u0430, \u041c\u043e\u0441\u043a\u0432\u0430","suggestion_confidence":"high"},"role":"asset","schema_version":1,"type_id":"net.tray"}
  0
LWPOLYLINE
  5
1FC
330
17
100
AcDbEntity
  8
GC_DRAINAGE_TRAY
100
AcDbPolyline
 90
4
 70
1
 10
4098.483896303192
 20
-10736.518440146378
 10
4098.414045234927
 20
-10736.27839694014
 10
4098.894131981787
 20
-10736.138694701473
 10
4098.963958711636
 20
-10736.378745250406
1001
GREENCAD_EDIT_V1
1000
{"geometry_role":"OUTER_CONTOUR","id":"kul-tray:000361:4b4dcd0c1fa7","properties":{"missing_external_references":["\u0410\u0421\u0423_\u041e\u0414\u0421_\u041a\u0443\u043b\u0438\u043a\u043e\u0432\u044
1000
1\u043a\u0430\u044f","\u04407989_\u041a\u0443\u043b\u0438\u043a\u043e\u0432\u0441\u043a\u0430\u044f \u0443\u043b._\u043f\u0440\u043e\u0435\u043a\u0442"],"normative":false,"professional_confirmation":f
1000
alse,"semantic_authority":"project layer-name evidence for diagnostic testing only","semantic_basis":"explicit project layer name; advisory classification","source_currentness_confirmed":false,"source
1000
_entity_type":"LWPOLYLINE","source_file":"cad_candidate.flattened.r2010.dxf","source_layer":"\u0414\u0412_\u0413\u041f_\u041f_\u0412\u043e\u0434\u043e\u043e\u0442\u0432\u043e\u0434\u043d\u044b\u0435_\
1000
u043b\u043e\u0442\u043a\u0438","source_project_id":"898ea8e86f4d","source_status":"partial prepared CAD: 45 of 47 external references embedded","street":"\u041a\u0443\u043b\u0438\u043a\u043e\u0432\u04
1000
41\u043a\u0430\u044f \u0443\u043b\u0438\u0446\u0430, \u041c\u043e\u0441\u043a\u0432\u0430","suggestion_confidence":"high"},"role":"asset","schema_version":1,"type_id":"net.tray"}
  0
LWPOLYLINE
  5
1FD
330
17
100
AcDbEntity
  8
GC_DRAINAGE_TRAY
100
AcDbPolyline
 90
4
 70
1
 10
4098.963983119907
 20
-10736.378738147765
 10
4098.894132051642
 20
-10736.138694941528
 10
4099.374218798503
 20
-10735.99899270286
 10
4099.444045528352
 20
-10736.239043251793
1001
GREENCAD_EDIT_V1
1000
{"geometry_role":"OUTER_CONTOUR","id":"kul-tray:000362:61ea4c9a98db","properties":{"missing_external_references":["\u0410\u0421\u0423_\u041e\u0414\u0421_\u041a\u0443\u043b\u0438\u043a\u043e\u0432\u044
1000
1\u043a\u0430\u044f","\u04407989_\u041a\u0443\u043b\u0438\u043a\u043e\u0432\u0441\u043a\u0430\u044f \u0443\u043b._\u043f\u0440\u043e\u0435\u043a\u0442"],"normative":false,"professional_confirmation":f
1000
alse,"semantic_authority":"project layer-name evidence for diagnostic testing only","semantic_basis":"explicit project layer name; advisory classification","source_currentness_confirmed":false,"source
1000
_entity_type":"LWPOLYLINE","source_file":"cad_candidate.flattened.r2010.dxf","source_layer":"\u0414\u0412_\u0413\u041f_\u041f_\u0412\u043e\u0434\u043e\u043e\u0442\u0432\u043e\u0434\u043d\u044b\u0435_\
1000
u043b\u043e\u0442\u043a\u0438","source_project_id":"898ea8e86f4d","source_status":"partial prepared CAD: 45 of 47 external references embedded","street":"\u041a\u0443\u043b\u0438\u043a\u043e\u0432\u04
1000
41\u043a\u0430\u044f \u0443\u043b\u0438\u0446\u0430, \u041c\u043e\u0441\u043a\u0432\u0430","suggestion_confidence":"high"},"role":"asset","schema_version":1,"type_id":"net.tray"}
  0
LWPOLYLINE
  5
1FE
330
17
100
AcDbEntity
  8
GC_DRAINAGE_TRAY
100
AcDbPolyline
 90
4
 70
1
 10
4099.444069936622
 20
-10736.239036149153
 10
4099.374218868357
 20
-10735.998992942916
 10
4099.8543056152175
 20
-10735.859290704248
 10
4099.924132345067
 20
-10736.09934125318
1001
GREENCAD_EDIT_V1
1000
{"geometry_role":"OUTER_CONTOUR","id":"kul-tray:000363:6987b932e923","properties":{"missing_external_references":["\u0410\u0421\u0423_\u041e\u0414\u0421_\u041a\u0443\u043b\u0438\u043a\u043e\u0432\u044
1000
1\u043a\u0430\u044f","\u04407989_\u041a\u0443\u043b\u0438\u043a\u043e\u0432\u0441\u043a\u0430\u044f \u0443\u043b._\u043f\u0440\u043e\u0435\u043a\u0442"],"normative":false,"professional_confirmation":f
1000
alse,"semantic_authority":"project layer-name evidence for diagnostic testing only","semantic_basis":"explicit project layer name; advisory classification","source_currentness_confirmed":false,"source
1000
_entity_type":"LWPOLYLINE","source_file":"cad_candidate.flattened.r2010.dxf","source_layer":"\u0414\u0412_\u0413\u041f_\u041f_\u0412\u043e\u0434\u043e\u043e\u0442\u0432\u043e\u0434\u043d\u044b\u0435_\
1000
u043b\u043e\u0442\u043a\u0438","source_project_id":"898ea8e86f4d","source_status":"partial prepared CAD: 45 of 47 external references embedded","street":"\u041a\u0443\u043b\u0438\u043a\u043e\u0432\u04
1000
41\u043a\u0430\u044f \u0443\u043b\u0438\u0446\u0430, \u041c\u043e\u0441\u043a\u0432\u0430","suggestion_confidence":"high"},"role":"asset","schema_version":1,"type_id":"net.tray"}
  0
LWPOLYLINE
  5
1FF
330
17
100
AcDbEntity
  8
GC_DRAINAGE_TRAY
100
AcDbPolyline
 90
4
 70
1
 10
4099.924156753337
 20
-10736.09933415054
 10
4099.854305685072
 20
-10735.859290944303
 10
4100.334392431932
 20
-10735.719588705635
 10
4100.404219161782
 20
-10735.959639254568
1001
GREENCAD_EDIT_V1
1000
{"geometry_role":"OUTER_CONTOUR","id":"kul-tray:000364:bfba9d49025e","properties":{"missing_external_references":["\u0410\u0421\u0423_\u041e\u0414\u0421_\u041a\u0443\u043b\u0438\u043a\u043e\u0432\u044
1000
1\u043a\u0430\u044f","\u04407989_\u041a\u0443\u043b\u0438\u043a\u043e\u0432\u0441\u043a\u0430\u044f \u0443\u043b._\u043f\u0440\u043e\u0435\u043a\u0442"],"normative":false,"professional_confirmation":f
1000
alse,"semantic_authority":"project layer-name evidence for diagnostic testing only","semantic_basis":"explicit project layer name; advisory classification","source_currentness_confirmed":false,"source
1000
_entity_type":"LWPOLYLINE","source_file":"cad_candidate.flattened.r2010.dxf","source_layer":"\u0414\u0412_\u0413\u041f_\u041f_\u0412\u043e\u0434\u043e\u043e\u0442\u0432\u043e\u0434\u043d\u044b\u0435_\
1000
u043b\u043e\u0442\u043a\u0438","source_project_id":"898ea8e86f4d","source_status":"partial prepared CAD: 45 of 47 external references embedded","street":"\u041a\u0443\u043b\u0438\u043a\u043e\u0432\u04
1000
41\u043a\u0430\u044f \u0443\u043b\u0438\u0446\u0430, \u041c\u043e\u0441\u043a\u0432\u0430","suggestion_confidence":"high"},"role":"asset","schema_version":1,"type_id":"net.tray"}
  0
LWPOLYLINE
  5
200
330
17
100
AcDbEntity
  8
GC_DRAINAGE_TRAY
100
AcDbPolyline
 90
4
 70
1
 10
4100.404243570052
 20
-10735.959632151928
 10
4100.334392501787
 20
-10735.71958894569
 10
4100.814479248647
 20
-10735.579886707023
 10
4100.884305978497
 20
-10735.819937255956
1001
GREENCAD_EDIT_V1
1000
{"geometry_role":"OUTER_CONTOUR","id":"kul-tray:000365:1194889a1169","properties":{"missing_external_references":["\u0410\u0421\u0423_\u041e\u0414\u0421_\u041a\u0443\u043b\u0438\u043a\u043e\u0432\u044
1000
1\u043a\u0430\u044f","\u04407989_\u041a\u0443\u043b\u0438\u043a\u043e\u0432\u0441\u043a\u0430\u044f \u0443\u043b._\u043f\u0440\u043e\u0435\u043a\u0442"],"normative":false,"professional_confirmation":f
1000
alse,"semantic_authority":"project layer-name evidence for diagnostic testing only","semantic_basis":"explicit project layer name; advisory classification","source_currentness_confirmed":false,"source
1000
_entity_type":"LWPOLYLINE","source_file":"cad_candidate.flattened.r2010.dxf","source_layer":"\u0414\u0412_\u0413\u041f_\u041f_\u0412\u043e\u0434\u043e\u043e\u0442\u0432\u043e\u0434\u043d\u044b\u0435_\
1000
u043b\u043e\u0442\u043a\u0438","source_project_id":"898ea8e86f4d","source_status":"partial prepared CAD: 45 of 47 external references embedded","street":"\u041a\u0443\u043b\u0438\u043a\u043e\u0432\u04
1000
41\u043a\u0430\u044f \u0443\u043b\u0438\u0446\u0430, \u041c\u043e\u0441\u043a\u0432\u0430","suggestion_confidence":"high"},"role":"asset","schema_version":1,"type_id":"net.tray"}
  0
LWPOLYLINE
  5
201
330
17
100
AcDbEntity
  8
GC_DRAINAGE_TRAY
100
AcDbPolyline
 90
4
 70
1
 10
4100.884330386767
 20
-10735.819930153315
 10
4100.814479318502
 20
-10735.579886947078
 10
4101.294566065362
 20
-10735.44018470841
 10
4101.364392795212
 20
-10735.680235257343
1001
GREENCAD_EDIT_V1
1000
{"geometry_role":"OUTER_CONTOUR","id":"kul-tray:000366:ed20c5194e8d","properties":{"missing_external_references":["\u0410\u0421\u0423_\u041e\u0414\u0421_\u041a\u0443\u043b\u0438\u043a\u043e\u0432\u044
1000
1\u043a\u0430\u044f","\u04407989_\u041a\u0443\u043b\u0438\u043a\u043e\u0432\u0441\u043a\u0430\u044f \u0443\u043b._\u043f\u0440\u043e\u0435\u043a\u0442"],"normative":false,"professional_confirmation":f
1000
alse,"semantic_authority":"project layer-name evidence for diagnostic testing only","semantic_basis":"explicit project layer name; advisory classification","source_currentness_confirmed":false,"source
1000
_entity_type":"LWPOLYLINE","source_file":"cad_candidate.flattened.r2010.dxf","source_layer":"\u0414\u0412_\u0413\u041f_\u041f_\u0412\u043e\u0434\u043e\u043e\u0442\u0432\u043e\u0434\u043d\u044b\u0435_\
1000
u043b\u043e\u0442\u043a\u0438","source_project_id":"898ea8e86f4d","source_status":"partial prepared CAD: 45 of 47 external references embedded","street":"\u041a\u0443\u043b\u0438\u043a\u043e\u0432\u04
1000
41\u043a\u0430\u044f \u0443\u043b\u0438\u0446\u0430, \u041c\u043e\u0441\u043a\u0432\u0430","suggestion_confidence":"high"},"role":"asset","schema_version":1,"type_id":"net.tray"}
  0
LWPOLYLINE
  5
202
330
17
100
AcDbEntity
  8
GC_DRAINAGE_TRAY
100
AcDbPolyline
 90
4
 70
1
 10
4101.364417203483
 20
-10735.680228154702
 10
4101.294566135218
 20
-10735.440184948466
 10
4101.774652882078
 20
-10735.300482709798
 10
4101.844479611927
 20
-10735.54053325873
1001
GREENCAD_EDIT_V1
1000
{"geometry_role":"OUTER_CONTOUR","id":"kul-tray:000367:a73487ad8e66","properties":{"missing_external_references":["\u0410\u0421\u0423_\u041e\u0414\u0421_\u041a\u0443\u043b\u0438\u043a\u043e\u0432\u044
1000
1\u043a\u0430\u044f","\u04407989_\u041a\u0443\u043b\u0438\u043a\u043e\u0432\u0441\u043a\u0430\u044f \u0443\u043b._\u043f\u0440\u043e\u0435\u043a\u0442"],"normative":false,"professional_confirmation":f
1000
alse,"semantic_authority":"project layer-name evidence for diagnostic testing only","semantic_basis":"explicit project layer name; advisory classification","source_currentness_confirmed":false,"source
1000
_entity_type":"LWPOLYLINE","source_file":"cad_candidate.flattened.r2010.dxf","source_layer":"\u0414\u0412_\u0413\u041f_\u041f_\u0412\u043e\u0434\u043e\u043e\u0442\u0432\u043e\u0434\u043d\u044b\u0435_\
1000
u043b\u043e\u0442\u043a\u0438","source_project_id":"898ea8e86f4d","source_status":"partial prepared CAD: 45 of 47 external references embedded","street":"\u041a\u0443\u043b\u0438\u043a\u043e\u0432\u04
1000
41\u043a\u0430\u044f \u0443\u043b\u0438\u0446\u0430, \u041c\u043e\u0441\u043a\u0432\u0430","suggestion_confidence":"high"},"role":"asset","schema_version":1,"type_id":"net.tray"}
  0
LWPOLYLINE
  5
203
330
17
100
AcDbEntity
  8
GC_DRAINAGE_TRAY
100
AcDbPolyline
 90
4
 70
1
 10
4101.844504020198
 20
-10735.54052615609
 10
4101.774652951933
 20
-10735.300482949853
 10
4102.254739698793
 20
-10735.160780711185
 10
4102.324566428642
 20
-10735.400831260118
1001
GREENCAD_EDIT_V1
1000
{"geometry_role":"OUTER_CONTOUR","id":"kul-tray:000368:956e543ab10c","properties":{"missing_external_references":["\u0410\u0421\u0423_\u041e\u0414\u0421_\u041a\u0443\u043b\u0438\u043a\u043e\u0432\u044
1000
1\u043a\u0430\u044f","\u04407989_\u041a\u0443\u043b\u0438\u043a\u043e\u0432\u0441\u043a\u0430\u044f \u0443\u043b._\u043f\u0440\u043e\u0435\u043a\u0442"],"normative":false,"professional_confirmation":f
1000
alse,"semantic_authority":"project layer-name evidence for diagnostic testing only","semantic_basis":"explicit project layer name; advisory classification","source_currentness_confirmed":false,"source
1000
_entity_type":"LWPOLYLINE","source_file":"cad_candidate.flattened.r2010.dxf","source_layer":"\u0414\u0412_\u0413\u041f_\u041f_\u0412\u043e\u0434\u043e\u043e\u0442\u0432\u043e\u0434\u043d\u044b\u0435_\
1000
u043b\u043e\u0442\u043a\u0438","source_project_id":"898ea8e86f4d","source_status":"partial prepared CAD: 45 of 47 external references embedded","street":"\u041a\u0443\u043b\u0438\u043a\u043e\u0432\u04
1000
41\u043a\u0430\u044f \u0443\u043b\u0438\u0446\u0430, \u041c\u043e\u0441\u043a\u0432\u0430","suggestion_confidence":"high"},"role":"asset","schema_version":1,"type_id":"net.tray"}
  0
LWPOLYLINE
  5
204
330
17
100
AcDbEntity
  8
GC_DRAINAGE_TRAY
100
AcDbPolyline
 90
2
 70
0
 10
4098.483896303191
 20
-10736.51844014638
 10
4102.054129716656
 20
-10735.47952650407
1001
GREENCAD_EDIT_V1
1000
{"geometry_role":"AXIS","id":"kul-tray:000369:59e4dc0723b4","properties":{"missing_external_references":["\u0410\u0421\u0423_\u041e\u0414\u0421_\u041a\u0443\u043b\u0438\u043a\u043e\u0432\u0441\u043a\u
1000
0430\u044f","\u04407989_\u041a\u0443\u043b\u0438\u043a\u043e\u0432\u0441\u043a\u0430\u044f \u0443\u043b._\u043f\u0440\u043e\u0435\u043a\u0442"],"normative":false,"professional_confirmation":false,"sem
1000
antic_authority":"project layer-name evidence for diagnostic testing only","semantic_basis":"explicit project layer name; advisory classification","source_currentness_confirmed":false,"source_entity_t
1000
ype":"LWPOLYLINE","source_file":"cad_candidate.flattened.r2010.dxf","source_layer":"\u0414\u0412_\u0413\u041f_\u041f_\u0412\u043e\u0434\u043e\u043e\u0442\u0432\u043e\u0434\u043d\u044b\u0435_\u043b\u04
1000
3e\u0442\u043a\u0438","source_project_id":"898ea8e86f4d","source_status":"partial prepared CAD: 45 of 47 external references embedded","street":"\u041a\u0443\u043b\u0438\u043a\u043e\u0432\u0441\u043a\
1000
u0430\u044f \u0443\u043b\u0438\u0446\u0430, \u041c\u043e\u0441\u043a\u0432\u0430","suggestion_confidence":"high"},"role":"asset","schema_version":1,"type_id":"net.tray"}
  0
LWPOLYLINE
  5
205
330
17
100
AcDbEntity
  8
GC_SIDEWALK_EDGE
100
AcDbPolyline
 90
5
 70
0
 10
4034.689827882925
 20
-10901.10469898946
 10
4034.689827882925
 20
-10901.10469898946
 10
4033.427963664486
 20
-10904.15132772685
 10
4030.515931538333
 20
-10911.1278255131
 10
4025.735965970498
 20
-10922.58293347378
1001
GREENCAD_EDIT_V1
1000
{"geometry_role":"EDGE","id":"kul-sidewalk_edge:000370:69fd0bf217aa","properties":{"missing_external_references":["\u0410\u0421\u0423_\u041e\u0414\u0421_\u041a\u0443\u043b\u0438\u043a\u043e\u0432\u044
1000
1\u043a\u0430\u044f","\u04407989_\u041a\u0443\u043b\u0438\u043a\u043e\u0432\u0441\u043a\u0430\u044f \u0443\u043b._\u043f\u0440\u043e\u0435\u043a\u0442"],"normative":false,"professional_confirmation":f
1000
alse,"semantic_authority":"project layer-name evidence for diagnostic testing only","semantic_basis":"explicit project layer name; advisory classification","source_currentness_confirmed":false,"source
1000
_entity_type":"LWPOLYLINE","source_file":"cad_candidate.flattened.r2010.dxf","source_layer":"\u0414\u0412_\u0413\u041f_\u041f_\u0411\u043e\u0440\u0442_\u0411\u0420_\u043d\u0430_\u0442\u0440\u043e\u044
1000
2\u0443\u0430\u0440\u0435_15\u0441\u043c","source_project_id":"898ea8e86f4d","source_status":"partial prepared CAD: 45 of 47 external references embedded","street":"\u041a\u0443\u043b\u0438\u043a\u043
1000
e\u0432\u0441\u043a\u0430\u044f \u0443\u043b\u0438\u0446\u0430, \u041c\u043e\u0441\u043a\u0432\u0430","suggestion_confidence":"medium"},"role":"asset","schema_version":1,"type_id":"traffic.sidewalk"}
  0
LWPOLYLINE
  5
206
330
17
100
AcDbEntity
  8
GC_DRAINAGE_TRAY
100
AcDbPolyline
 90
4
 70
1
 10
3919.48142626759
 20
-11105.894434796017
 10
3919.260251529752
 20
-11105.777894468487
 10
3919.49333234368
 20
-11105.335544681351
 10
3919.714495452545
 20
-11105.45210761509
1001
GREENCAD_EDIT_V1
1000
{"geometry_role":"OUTER_CONTOUR","id":"kul-tray:000371:088c799f2d32","properties":{"missing_external_references":["\u0410\u0421\u0423_\u041e\u0414\u0421_\u041a\u0443\u043b\u0438\u043a\u043e\u0432\u044
1000
1\u043a\u0430\u044f","\u04407989_\u041a\u0443\u043b\u0438\u043a\u043e\u0432\u0441\u043a\u0430\u044f \u0443\u043b._\u043f\u0440\u043e\u0435\u043a\u0442"],"normative":false,"professional_confirmation":f
1000
alse,"semantic_authority":"project layer-name evidence for diagnostic testing only","semantic_basis":"explicit project layer name; advisory classification","source_currentness_confirmed":false,"source
1000
_entity_type":"LWPOLYLINE","source_file":"cad_candidate.flattened.r2010.dxf","source_layer":"\u0414\u0412_\u0413\u041f_\u041f_\u0412\u043e\u0434\u043e\u043e\u0442\u0432\u043e\u0434\u043d\u044b\u0435_\
1000
u043b\u043e\u0442\u043a\u0438","source_project_id":"898ea8e86f4d","source_status":"partial prepared CAD: 45 of 47 external references embedded","street":"\u041a\u0443\u043b\u0438\u043a\u043e\u0432\u04
1000
41\u043a\u0430\u044f \u0443\u043b\u0438\u0446\u0430, \u041c\u043e\u0441\u043a\u0432\u0430","suggestion_confidence":"high"},"role":"asset","schema_version":1,"type_id":"net.tray"}
  0
LWPOLYLINE
  5
207
330
17
100
AcDbEntity
  8
GC_DRAINAGE_TRAY
100
AcDbPolyline
 90
4
 70
1
 10
3919.7145073027036
 20
-11105.452085125427
 10
3919.493332564866
 20
-11105.335544797897
 10
3919.7264133787935
 20
-11104.893195010762
 10
3919.947576487659
 20
-11105.009757944501
1001
GREENCAD_EDIT_V1
1000
{"geometry_role":"OUTER_CONTOUR","id":"kul-tray:000372:a5775c7a5f42","properties":{"missing_external_references":["\u0410\u0421\u0423_\u041e\u0414\u0421_\u041a\u0443\u043b\u0438\u043a\u043e\u0432\u044
1000
1\u043a\u0430\u044f","\u04407989_\u041a\u0443\u043b\u0438\u043a\u043e\u0432\u0441\u043a\u0430\u044f \u0443\u043b._\u043f\u0440\u043e\u0435\u043a\u0442"],"normative":false,"professional_confirmation":f
1000
alse,"semantic_authority":"project layer-name evidence for diagnostic testing only","semantic_basis":"explicit project layer name; advisory classification","source_currentness_confirmed":false,"source
1000
_entity_type":"LWPOLYLINE","source_file":"cad_candidate.flattened.r2010.dxf","source_layer":"\u0414\u0412_\u0413\u041f_\u041f_\u0412\u043e\u0434\u043e\u043e\u0442\u0432\u043e\u0434\u043d\u044b\u0435_\
1000
u043b\u043e\u0442\u043a\u0438","source_project_id":"898ea8e86f4d","source_status":"partial prepared CAD: 45 of 47 external references embedded","street":"\u041a\u0443\u043b\u0438\u043a\u043e\u0432\u04
1000
41\u043a\u0430\u044f \u0443\u043b\u0438\u0446\u0430, \u041c\u043e\u0441\u043a\u0432\u0430","suggestion_confidence":"high"},"role":"asset","schema_version":1,"type_id":"net.tray"}
  0
LWPOLYLINE
  5
208
330
17
100
AcDbEntity
  8
GC_DRAINAGE_TRAY
100
AcDbPolyline
 90
4
 70
1
 10
3919.9475883378173
 20
-11105.00973545484
 10
3919.7264135999794
 20
-11104.89319512731
 10
3919.959494413907
 20
-11104.450845340174
 10
3920.1806575227724
 20
-11104.567408273913
1001
GREENCAD_EDIT_V1
1000
{"geometry_role":"OUTER_CONTOUR","id":"kul-tray:000373:c36514d7aeb4","properties":{"missing_external_references":["\u0410\u0421\u0423_\u041e\u0414\u0421_\u041a\u0443\u043b\u0438\u043a\u043e\u0432\u044
1000
1\u043a\u0430\u044f","\u04407989_\u041a\u0443\u043b\u0438\u043a\u043e\u0432\u0441\u043a\u0430\u044f \u0443\u043b._\u043f\u0440\u043e\u0435\u043a\u0442"],"normative":false,"professional_confirmation":f
1000
alse,"semantic_authority":"project layer-name evidence for diagnostic testing only","semantic_basis":"explicit project layer name; advisory classification","source_currentness_confirmed":false,"source
1000
_entity_type":"LWPOLYLINE","source_file":"cad_candidate.flattened.r2010.dxf","source_layer":"\u0414\u0412_\u0413\u041f_\u041f_\u0412\u043e\u0434\u043e\u043e\u0442\u0432\u043e\u0434\u043d\u044b\u0435_\
1000
u043b\u043e\u0442\u043a\u0438","source_project_id":"898ea8e86f4d","source_status":"partial prepared CAD: 45 of 47 external references embedded","street":"\u041a\u0443\u043b\u0438\u043a\u043e\u0432\u04
1000
41\u043a\u0430\u044f \u0443\u043b\u0438\u0446\u0430, \u041c\u043e\u0441\u043a\u0432\u0430","suggestion_confidence":"high"},"role":"asset","schema_version":1,"type_id":"net.tray"}
  0
LWPOLYLINE
  5
209
330
17
100
AcDbEntity
  8
GC_DRAINAGE_TRAY
100
AcDbPolyline
 90
4
 70
1
 10
3920.180669372931
 20
-11104.56738578425
 10
3919.959494635093
 20
-11104.45084545672
 10
3920.1925754490208
 20
-11104.008495669585
 10
3920.413738557886
 20
-11104.125058603324
1001
GREENCAD_EDIT_V1
1000
{"geometry_role":"OUTER_CONTOUR","id":"kul-tray:000374:f936e07e8f4e","properties":{"missing_external_references":["\u0410\u0421\u0423_\u041e\u0414\u0421_\u041a\u0443\u043b\u0438\u043a\u043e\u0432\u044
1000
1\u043a\u0430\u044f","\u04407989_\u041a\u0443\u043b\u0438\u043a\u043e\u0432\u0441\u043a\u0430\u044f \u0443\u043b._\u043f\u0440\u043e\u0435\u043a\u0442"],"normative":false,"professional_confirmation":f
1000
alse,"semantic_authority":"project layer-name evidence for diagnostic testing only","semantic_basis":"explicit project layer name; advisory classification","source_currentness_confirmed":false,"source
1000
_entity_type":"LWPOLYLINE","source_file":"cad_candidate.flattened.r2010.dxf","source_layer":"\u0414\u0412_\u0413\u041f_\u041f_\u0412\u043e\u0434\u043e\u043e\u0442\u0432\u043e\u0434\u043d\u044b\u0435_\
1000
u043b\u043e\u0442\u043a\u0438","source_project_id":"898ea8e86f4d","source_status":"partial prepared CAD: 45 of 47 external references embedded","street":"\u041a\u0443\u043b\u0438\u043a\u043e\u0432\u04
1000
41\u043a\u0430\u044f \u0443\u043b\u0438\u0446\u0430, \u041c\u043e\u0441\u043a\u0432\u0430","suggestion_confidence":"high"},"role":"asset","schema_version":1,"type_id":"net.tray"}
  0
LWPOLYLINE
  5
20A
330
17
100
AcDbEntity
  8
GC_DRAINAGE_TRAY
100
AcDbPolyline
 90
4
 70
1
 10
3920.4137504080445
 20
-11104.12503611366
 10
3920.1925756702067
 20
-11104.00849578613
 10
3920.4256564841344
 20
-11103.566145998995
 10
3920.6468195929997
 20
-11103.682708932734
1001
GREENCAD_EDIT_V1
1000
{"geometry_role":"OUTER_CONTOUR","id":"kul-tray:000375:51e5869e5fbe","properties":{"missing_external_references":["\u0410\u0421\u0423_\u041e\u0414\u0421_\u041a\u0443\u043b\u0438\u043a\u043e\u0432\u044
1000
1\u043a\u0430\u044f","\u04407989_\u041a\u0443\u043b\u0438\u043a\u043e\u0432\u0441\u043a\u0430\u044f \u0443\u043b._\u043f\u0440\u043e\u0435\u043a\u0442"],"normative":false,"professional_confirmation":f
1000
alse,"semantic_authority":"project layer-name evidence for diagnostic testing only","semantic_basis":"explicit project layer name; advisory classification","source_currentness_confirmed":false,"source
1000
_entity_type":"LWPOLYLINE","source_file":"cad_candidate.flattened.r2010.dxf","source_layer":"\u0414\u0412_\u0413\u041f_\u041f_\u0412\u043e\u0434\u043e\u043e\u0442\u0432\u043e\u0434\u043d\u044b\u0435_\
1000
u043b\u043e\u0442\u043a\u0438","source_project_id":"898ea8e86f4d","source_status":"partial prepared CAD: 45 of 47 external references embedded","street":"\u041a\u0443\u043b\u0438\u043a\u043e\u0432\u04
1000
41\u043a\u0430\u044f \u0443\u043b\u0438\u0446\u0430, \u041c\u043e\u0441\u043a\u0432\u0430","suggestion_confidence":"high"},"role":"asset","schema_version":1,"type_id":"net.tray"}
  0
LWPOLYLINE
  5
20B
330
17
100
AcDbEntity
  8
GC_DRAINAGE_TRAY
100
AcDbPolyline
 90
4
 70
1
 10
3920.646831443158
 20
-11103.682686443071
 10
3920.4256567053203
 20
-11103.566146115541
 10
3920.658737519248
 20
-11103.123796328406
 10
3920.8799006281133
 20
-11103.240359262145
1001
GREENCAD_EDIT_V1
1000
{"geometry_role":"OUTER_CONTOUR","id":"kul-tray:000376:d807cd52a251","properties":{"missing_external_references":["\u0410\u0421\u0423_\u041e\u0414\u0421_\u041a\u0443\u043b\u0438\u043a\u043e\u0432\u044
1000
1\u043a\u0430\u044f","\u04407989_\u041a\u0443\u043b\u0438\u043a\u043e\u0432\u0441\u043a\u0430\u044f \u0443\u043b._\u043f\u0440\u043e\u0435\u043a\u0442"],"normative":false,"professional_confirmation":f
1000
alse,"semantic_authority":"project layer-name evidence for diagnostic testing only","semantic_basis":"explicit project layer name; advisory classification","source_currentness_confirmed":false,"source
1000
_entity_type":"LWPOLYLINE","source_file":"cad_candidate.flattened.r2010.dxf","source_layer":"\u0414\u0412_\u0413\u041f_\u041f_\u0412\u043e\u0434\u043e\u043e\u0442\u0432\u043e\u0434\u043d\u044b\u0435_\
1000
u043b\u043e\u0442\u043a\u0438","source_project_id":"898ea8e86f4d","source_status":"partial prepared CAD: 45 of 47 external references embedded","street":"\u041a\u0443\u043b\u0438\u043a\u043e\u0432\u04
1000
41\u043a\u0430\u044f \u0443\u043b\u0438\u0446\u0430, \u041c\u043e\u0441\u043a\u0432\u0430","suggestion_confidence":"high"},"role":"asset","schema_version":1,"type_id":"net.tray"}
  0
LWPOLYLINE
  5
20C
330
17
100
AcDbEntity
  8
GC_DRAINAGE_TRAY
100
AcDbPolyline
 90
4
 70
1
 10
3920.8799124782718
 20
-11103.240336772482
 10
3920.658737740434
 20
-11103.123796444952
 10
3920.8918185543616
 20
-11102.681446657816
 10
3921.112981663227
 20
-11102.798009591555
1001
GREENCAD_EDIT_V1
1000
{"geometry_role":"OUTER_CONTOUR","id":"kul-tray:000377:c0183a37c023","properties":{"missing_external_references":["\u0410\u0421\u0423_\u041e\u0414\u0421_\u041a\u0443\u043b\u0438\u043a\u043e\u0432\u044
1000
1\u043a\u0430\u044f","\u04407989_\u041a\u0443\u043b\u0438\u043a\u043e\u0432\u0441\u043a\u0430\u044f \u0443\u043b._\u043f\u0440\u043e\u0435\u043a\u0442"],"normative":false,"professional_confirmation":f
1000
alse,"semantic_authority":"project layer-name evidence for diagnostic testing only","semantic_basis":"explicit project layer name; advisory classification","source_currentness_confirmed":false,"source
1000
_entity_type":"LWPOLYLINE","source_file":"cad_candidate.flattened.r2010.dxf","source_layer":"\u0414\u0412_\u0413\u041f_\u041f_\u0412\u043e\u0434\u043e\u043e\u0442\u0432\u043e\u0434\u043d\u044b\u0435_\
1000
u043b\u043e\u0442\u043a\u0438","source_project_id":"898ea8e86f4d","source_status":"partial prepared CAD: 45 of 47 external references embedded","street":"\u041a\u0443\u043b\u0438\u043a\u043e\u0432\u04
1000
41\u043a\u0430\u044f \u0443\u043b\u0438\u0446\u0430, \u041c\u043e\u0441\u043a\u0432\u0430","suggestion_confidence":"high"},"role":"asset","schema_version":1,"type_id":"net.tray"}
  0
LWPOLYLINE
  5
20D
330
17
100
AcDbEntity
  8
GC_DRAINAGE_TRAY
100
AcDbPolyline
 90
4
 70
1
 10
3921.1129935133854
 20
-11102.797987101892
 10
3920.8918187755476
 20
-11102.681446774362
 10
3921.1248995894753
 20
-11102.239096987227
 10
3921.3460626983406
 20
-11102.355659920966
1001
GREENCAD_EDIT_V1
1000
{"geometry_role":"OUTER_CONTOUR","id":"kul-tray:000378:7fdeab1c2af7","properties":{"missing_external_references":["\u0410\u0421\u0423_\u041e\u0414\u0421_\u041a\u0443\u043b\u0438\u043a\u043e\u0432\u044
1000
1\u043a\u0430\u044f","\u04407989_\u041a\u0443\u043b\u0438\u043a\u043e\u0432\u0441\u043a\u0430\u044f \u0443\u043b._\u043f\u0440\u043e\u0435\u043a\u0442"],"normative":false,"professional_confirmation":f
1000
alse,"semantic_authority":"project layer-name evidence for diagnostic testing only","semantic_basis":"explicit project layer name; advisory classification","source_currentness_confirmed":false,"source
1000
_entity_type":"LWPOLYLINE","source_file":"cad_candidate.flattened.r2010.dxf","source_layer":"\u0414\u0412_\u0413\u041f_\u041f_\u0412\u043e\u0434\u043e\u043e\u0442\u0432\u043e\u0434\u043d\u044b\u0435_\
1000
u043b\u043e\u0442\u043a\u0438","source_project_id":"898ea8e86f4d","source_status":"partial prepared CAD: 45 of 47 external references embedded","street":"\u041a\u0443\u043b\u0438\u043a\u043e\u0432\u04
1000
41\u043a\u0430\u044f \u0443\u043b\u0438\u0446\u0430, \u041c\u043e\u0441\u043a\u0432\u0430","suggestion_confidence":"high"},"role":"asset","schema_version":1,"type_id":"net.tray"}
  0
LWPOLYLINE
  5
20E
330
17
100
AcDbEntity
  8
GC_DRAINAGE_TRAY
100
AcDbPolyline
 90
4
 70
1
 10
3921.346074548499
 20
-11102.355637431305
 10
3921.124899810661
 20
-11102.239097103775
 10
3921.357980624589
 20
-11101.796747316639
 10
3921.579143733454
 20
-11101.913310250378
1001
GREENCAD_EDIT_V1
1000
{"geometry_role":"OUTER_CONTOUR","id":"kul-tray:000379:2b31d0d8308f","properties":{"missing_external_references":["\u0410\u0421\u0423_\u041e\u0414\u0421_\u041a\u0443\u043b\u0438\u043a\u043e\u0432\u044
1000
1\u043a\u0430\u044f","\u04407989_\u041a\u0443\u043b\u0438\u043a\u043e\u0432\u0441\u043a\u0430\u044f \u0443\u043b._\u043f\u0440\u043e\u0435\u043a\u0442"],"normative":false,"professional_confirmation":f
1000
alse,"semantic_authority":"project layer-name evidence for diagnostic testing only","semantic_basis":"explicit project layer name; advisory classification","source_currentness_confirmed":false,"source
1000
_entity_type":"LWPOLYLINE","source_file":"cad_candidate.flattened.r2010.dxf","source_layer":"\u0414\u0412_\u0413\u041f_\u041f_\u0412\u043e\u0434\u043e\u043e\u0442\u0432\u043e\u0434\u043d\u044b\u0435_\
1000
u043b\u043e\u0442\u043a\u0438","source_project_id":"898ea8e86f4d","source_status":"partial prepared CAD: 45 of 47 external references embedded","street":"\u041a\u0443\u043b\u0438\u043a\u043e\u0432\u04
1000
41\u043a\u0430\u044f \u0443\u043b\u0438\u0446\u0430, \u041c\u043e\u0441\u043a\u0432\u0430","suggestion_confidence":"high"},"role":"asset","schema_version":1,"type_id":"net.tray"}
  0
LWPOLYLINE
  5
20F
330
17
100
AcDbEntity
  8
GC_DRAINAGE_TRAY
100
AcDbPolyline
 90
2
 70
0
 10
3919.48142626759
 20
-11105.89443479602
 10
3921.574371741443
 20
-11101.92236671047
1001
GREENCAD_EDIT_V1
1000
{"geometry_role":"AXIS","id":"kul-tray:000380:7f7cb845b4e4","properties":{"missing_external_references":["\u0410\u0421\u0423_\u041e\u0414\u0421_\u041a\u0443\u043b\u0438\u043a\u043e\u0432\u0441\u043a\u
1000
0430\u044f","\u04407989_\u041a\u0443\u043b\u0438\u043a\u043e\u0432\u0441\u043a\u0430\u044f \u0443\u043b._\u043f\u0440\u043e\u0435\u043a\u0442"],"normative":false,"professional_confirmation":false,"sem
1000
antic_authority":"project layer-name evidence for diagnostic testing only","semantic_basis":"explicit project layer name; advisory classification","source_currentness_confirmed":false,"source_entity_t
1000
ype":"LWPOLYLINE","source_file":"cad_candidate.flattened.r2010.dxf","source_layer":"\u0414\u0412_\u0413\u041f_\u041f_\u0412\u043e\u0434\u043e\u043e\u0442\u0432\u043e\u0434\u043d\u044b\u0435_\u043b\u04
1000
3e\u0442\u043a\u0438","source_project_id":"898ea8e86f4d","source_status":"partial prepared CAD: 45 of 47 external references embedded","street":"\u041a\u0443\u043b\u0438\u043a\u043e\u0432\u0441\u043a\
1000
u0430\u044f \u0443\u043b\u0438\u0446\u0430, \u041c\u043e\u0441\u043a\u0432\u0430","suggestion_confidence":"high"},"role":"asset","schema_version":1,"type_id":"net.tray"}
  0
LWPOLYLINE
  5
210
330
17
100
AcDbEntity
  8
GC_DRAINAGE_TRAY
100
AcDbPolyline
 90
4
 70
1
 10
4044.6568516853827
 20
-11149.112974381856
 10
4044.422241340584
 20
-11149.199333508253
 10
4044.2495229626697
 20
-11148.730112492174
 10
4044.484142323317
 20
-11148.643777135256
1001
GREENCAD_EDIT_V1
1000
{"geometry_role":"OUTER_CONTOUR","id":"kul-tray:000381:3f12f9f5e8a4","properties":{"missing_external_references":["\u0410\u0421\u0423_\u041e\u0414\u0421_\u041a\u0443\u043b\u0438\u043a\u043e\u0432\u044
1000
1\u043a\u0430\u044f","\u04407989_\u041a\u0443\u043b\u0438\u043a\u043e\u0432\u0441\u043a\u0430\u044f \u0443\u043b._\u043f\u0440\u043e\u0435\u043a\u0442"],"normative":false,"professional_confirmation":f
1000
alse,"semantic_authority":"project layer-name evidence for diagnostic testing only","semantic_basis":"explicit project layer name; advisory classification","source_currentness_confirmed":false,"source
1000
_entity_type":"LWPOLYLINE","source_file":"cad_candidate.flattened.r2010.dxf","source_layer":"\u0414\u0412_\u0413\u041f_\u041f_\u0412\u043e\u0434\u043e\u043e\u0442\u0432\u043e\u0434\u043d\u044b\u0435_\
1000
u043b\u043e\u0442\u043a\u0438","source_project_id":"898ea8e86f4d","source_status":"partial prepared CAD: 45 of 47 external references embedded","street":"\u041a\u0443\u043b\u0438\u043a\u043e\u0432\u04
1000
41\u043a\u0430\u044f \u0443\u043b\u0438\u0446\u0430, \u041c\u043e\u0441\u043a\u0432\u0430","suggestion_confidence":"high"},"role":"asset","schema_version":1,"type_id":"net.tray"}
  0
LWPOLYLINE
  5
211
330
17
100
AcDbEntity
  8
GC_DRAINAGE_TRAY
100
AcDbPolyline
 90
4
 70
1
 10
4044.4841335420897
 20
-11148.643753279413
 10
4044.249523197291
 20
-11148.73011240581
 10
4044.076804819377
 20
-11148.260891389731
 10
4044.311424180024
 20
-11148.174556032813
1001
GREENCAD_EDIT_V1
1000
{"geometry_role":"OUTER_CONTOUR","id":"kul-tray:000382:67929f7a8f4a","properties":{"missing_external_references":["\u0410\u0421\u0423_\u041e\u0414\u0421_\u041a\u0443\u043b\u0438\u043a\u043e\u0432\u044
1000
1\u043a\u0430\u044f","\u04407989_\u041a\u0443\u043b\u0438\u043a\u043e\u0432\u0441\u043a\u0430\u044f \u0443\u043b._\u043f\u0440\u043e\u0435\u043a\u0442"],"normative":false,"professional_confirmation":f
1000
alse,"semantic_authority":"project layer-name evidence for diagnostic testing only","semantic_basis":"explicit project layer name; advisory classification","source_currentness_confirmed":false,"source
1000
_entity_type":"LWPOLYLINE","source_file":"cad_candidate.flattened.r2010.dxf","source_layer":"\u0414\u0412_\u0413\u041f_\u041f_\u0412\u043e\u0434\u043e\u043e\u0442\u0432\u043e\u0434\u043d\u044b\u0435_\
1000
u043b\u043e\u0442\u043a\u0438","source_project_id":"898ea8e86f4d","source_status":"partial prepared CAD: 45 of 47 external references embedded","street":"\u041a\u0443\u043b\u0438\u043a\u043e\u0432\u04
1000
41\u043a\u0430\u044f \u0443\u043b\u0438\u0446\u0430, \u041c\u043e\u0441\u043a\u0432\u0430","suggestion_confidence":"high"},"role":"asset","schema_version":1,"type_id":"net.tray"}
  0
LWPOLYLINE
  5
212
330
17
100
AcDbEntity
  8
GC_DRAINAGE_TRAY
100
AcDbPolyline
 90
4
 70
1
 10
4044.311415398797
 20
-11148.174532176972
 10
4044.0768050539987
 20
-11148.26089130337
 10
4043.9040866760843
 20
-11147.79167028729
 10
4044.1387060367315
 20
-11147.705334930371
1001
GREENCAD_EDIT_V1
1000
{"geometry_role":"OUTER_CONTOUR","id":"kul-tray:000383:772252b03610","properties":{"missing_external_references":["\u0410\u0421\u0423_\u041e\u0414\u0421_\u041a\u0443\u043b\u0438\u043a\u043e\u0432\u044
1000
1\u043a\u0430\u044f","\u04407989_\u041a\u0443\u043b\u0438\u043a\u043e\u0432\u0441\u043a\u0430\u044f \u0443\u043b._\u043f\u0440\u043e\u0435\u043a\u0442"],"normative":false,"professional_confirmation":f
1000
alse,"semantic_authority":"project layer-name evidence for diagnostic testing only","semantic_basis":"explicit project layer name; advisory classification","source_currentness_confirmed":false,"source
1000
_entity_type":"LWPOLYLINE","source_file":"cad_candidate.flattened.r2010.dxf","source_layer":"\u0414\u0412_\u0413\u041f_\u041f_\u0412\u043e\u0434\u043e\u043e\u0442\u0432\u043e\u0434\u043d\u044b\u0435_\
1000
u043b\u043e\u0442\u043a\u0438","source_project_id":"898ea8e86f4d","source_status":"partial prepared CAD: 45 of 47 external references embedded","street":"\u041a\u0443\u043b\u0438\u043a\u043e\u0432\u04
1000
41\u043a\u0430\u044f \u0443\u043b\u0438\u0446\u0430, \u041c\u043e\u0441\u043a\u0432\u0430","suggestion_confidence":"high"},"role":"asset","schema_version":1,"type_id":"net.tray"}
  0
LWPOLYLINE
  5
213
330
17
100
AcDbEntity
  8
GC_DRAINAGE_TRAY
100
AcDbPolyline
 90
4
 70
1
 10
4044.1386972555047
 20
-11147.70531107453
 10
4043.904086910706
 20
-11147.791670200926
 10
4043.7313685327917
 20
-11147.322449184847
 10
4043.965987893439
 20
-11147.236113827928
1001
GREENCAD_EDIT_V1
1000
{"geometry_role":"OUTER_CONTOUR","id":"kul-tray:000384:d960f4c90487","properties":{"missing_external_references":["\u0410\u0421\u0423_\u041e\u0414\u0421_\u041a\u0443\u043b\u0438\u043a\u043e\u0432\u044
1000
1\u043a\u0430\u044f","\u04407989_\u041a\u0443\u043b\u0438\u043a\u043e\u0432\u0441\u043a\u0430\u044f \u0443\u043b._\u043f\u0440\u043e\u0435\u043a\u0442"],"normative":false,"professional_confirmation":f
1000
alse,"semantic_authority":"project layer-name evidence for diagnostic testing only","semantic_basis":"explicit project layer name; advisory classification","source_currentness_confirmed":false,"source
1000
_entity_type":"LWPOLYLINE","source_file":"cad_candidate.flattened.r2010.dxf","source_layer":"\u0414\u0412_\u0413\u041f_\u041f_\u0412\u043e\u0434\u043e\u043e\u0442\u0432\u043e\u0434\u043d\u044b\u0435_\
1000
u043b\u043e\u0442\u043a\u0438","source_project_id":"898ea8e86f4d","source_status":"partial prepared CAD: 45 of 47 external references embedded","street":"\u041a\u0443\u043b\u0438\u043a\u043e\u0432\u04
1000
41\u043a\u0430\u044f \u0443\u043b\u0438\u0446\u0430, \u041c\u043e\u0441\u043a\u0432\u0430","suggestion_confidence":"high"},"role":"asset","schema_version":1,"type_id":"net.tray"}
  0
LWPOLYLINE
  5
214
330
17
100
AcDbEntity
  8
GC_DRAINAGE_TRAY
100
AcDbPolyline
 90
4
 70
1
 10
4043.965979112212
 20
-11147.236089972086
 10
4043.7313687674136
 20
-11147.322449098483
 10
4043.5586503894992
 20
-11146.853228082404
 10
4043.7932697501465
 20
-11146.766892725485
1001
GREENCAD_EDIT_V1
1000
{"geometry_role":"OUTER_CONTOUR","id":"kul-tray:000385:2a65d40a8bca","properties":{"missing_external_references":["\u0410\u0421\u0423_\u041e\u0414\u0421_\u041a\u0443\u043b\u0438\u043a\u043e\u0432\u044
1000
1\u043a\u0430\u044f","\u04407989_\u041a\u0443\u043b\u0438\u043a\u043e\u0432\u0441\u043a\u0430\u044f \u0443\u043b._\u043f\u0440\u043e\u0435\u043a\u0442"],"normative":false,"professional_confirmation":f
1000
alse,"semantic_authority":"project layer-name evidence for diagnostic testing only","semantic_basis":"explicit project layer name; advisory classification","source_currentness_confirmed":false,"source
1000
_entity_type":"LWPOLYLINE","source_file":"cad_candidate.flattened.r2010.dxf","source_layer":"\u0414\u0412_\u0413\u041f_\u041f_\u0412\u043e\u0434\u043e\u043e\u0442\u0432\u043e\u0434\u043d\u044b\u0435_\
1000
u043b\u043e\u0442\u043a\u0438","source_project_id":"898ea8e86f4d","source_status":"partial prepared CAD: 45 of 47 external references embedded","street":"\u041a\u0443\u043b\u0438\u043a\u043e\u0432\u04
1000
41\u043a\u0430\u044f \u0443\u043b\u0438\u0446\u0430, \u041c\u043e\u0441\u043a\u0432\u0430","suggestion_confidence":"high"},"role":"asset","schema_version":1,"type_id":"net.tray"}
  0
LWPOLYLINE
  5
215
330
17
100
AcDbEntity
  8
GC_DRAINAGE_TRAY
100
AcDbPolyline
 90
4
 70
1
 10
4043.7932609689196
 20
-11146.766868869643
 10
4043.558650624121
 20
-11146.85322799604
 10
4043.3859322462067
 20
-11146.38400697996
 10
4043.620551606854
 20
-11146.297671623042
1001
GREENCAD_EDIT_V1
1000
{"geometry_role":"OUTER_CONTOUR","id":"kul-tray:000386:ab426c613b06","properties":{"missing_external_references":["\u0410\u0421\u0423_\u041e\u0414\u0421_\u041a\u0443\u043b\u0438\u043a\u043e\u0432\u044
1000
1\u043a\u0430\u044f","\u04407989_\u041a\u0443\u043b\u0438\u043a\u043e\u0432\u0441\u043a\u0430\u044f \u0443\u043b._\u043f\u0440\u043e\u0435\u043a\u0442"],"normative":false,"professional_confirmation":f
1000
alse,"semantic_authority":"project layer-name evidence for diagnostic testing only","semantic_basis":"explicit project layer name; advisory classification","source_currentness_confirmed":false,"source
1000
_entity_type":"LWPOLYLINE","source_file":"cad_candidate.flattened.r2010.dxf","source_layer":"\u0414\u0412_\u0413\u041f_\u041f_\u0412\u043e\u0434\u043e\u043e\u0442\u0432\u043e\u0434\u043d\u044b\u0435_\
1000
u043b\u043e\u0442\u043a\u0438","source_project_id":"898ea8e86f4d","source_status":"partial prepared CAD: 45 of 47 external references embedded","street":"\u041a\u0443\u043b\u0438\u043a\u043e\u0432\u04
1000
41\u043a\u0430\u044f \u0443\u043b\u0438\u0446\u0430, \u041c\u043e\u0441\u043a\u0432\u0430","suggestion_confidence":"high"},"role":"asset","schema_version":1,"type_id":"net.tray"}
  0
LWPOLYLINE
  5
216
330
17
100
AcDbEntity
  8
GC_DRAINAGE_TRAY
100
AcDbPolyline
 90
4
 70
1
 10
4043.6205428256267
 20
-11146.2976477672
 10
4043.385932480828
 20
-11146.384006893597
 10
4043.2132141029138
 20
-11145.914785877518
 10
4043.447833463561
 20
-11145.8284505206
1001
GREENCAD_EDIT_V1
1000
{"geometry_role":"OUTER_CONTOUR","id":"kul-tray:000387:c791d4e0a319","properties":{"missing_external_references":["\u0410\u0421\u0423_\u041e\u0414\u0421_\u041a\u0443\u043b\u0438\u043a\u043e\u0432\u044
1000
1\u043a\u0430\u044f","\u04407989_\u041a\u0443\u043b\u0438\u043a\u043e\u0432\u0441\u043a\u0430\u044f \u0443\u043b._\u043f\u0440\u043e\u0435\u043a\u0442"],"normative":false,"professional_confirmation":f
1000
alse,"semantic_authority":"project layer-name evidence for diagnostic testing only","semantic_basis":"explicit project layer name; advisory classification","source_currentness_confirmed":false,"source
1000
_entity_type":"LWPOLYLINE","source_file":"cad_candidate.flattened.r2010.dxf","source_layer":"\u0414\u0412_\u0413\u041f_\u041f_\u0412\u043e\u0434\u043e\u043e\u0442\u0432\u043e\u0434\u043d\u044b\u0435_\
1000
u043b\u043e\u0442\u043a\u0438","source_project_id":"898ea8e86f4d","source_status":"partial prepared CAD: 45 of 47 external references embedded","street":"\u041a\u0443\u043b\u0438\u043a\u043e\u0432\u04
1000
41\u043a\u0430\u044f \u0443\u043b\u0438\u0446\u0430, \u041c\u043e\u0441\u043a\u0432\u0430","suggestion_confidence":"high"},"role":"asset","schema_version":1,"type_id":"net.tray"}
  0
LWPOLYLINE
  5
217
330
17
100
AcDbEntity
  8
GC_DRAINAGE_TRAY
100
AcDbPolyline
 90
4
 70
1
 10
4043.447824682334
 20
-11145.828426664757
 10
4043.2132143375356
 20
-11145.914785791154
 10
4043.0404959596212
 20
-11145.445564775075
 10
4043.2751153202685
 20
-11145.359229418156
1001
GREENCAD_EDIT_V1
1000
{"geometry_role":"OUTER_CONTOUR","id":"kul-tray:000388:e8759c57a104","properties":{"missing_external_references":["\u0410\u0421\u0423_\u041e\u0414\u0421_\u041a\u0443\u043b\u0438\u043a\u043e\u0432\u044
1000
1\u043a\u0430\u044f","\u04407989_\u041a\u0443\u043b\u0438\u043a\u043e\u0432\u0441\u043a\u0430\u044f \u0443\u043b._\u043f\u0440\u043e\u0435\u043a\u0442"],"normative":false,"professional_confirmation":f
1000
alse,"semantic_authority":"project layer-name evidence for diagnostic testing only","semantic_basis":"explicit project layer name; advisory classification","source_currentness_confirmed":false,"source
1000
_entity_type":"LWPOLYLINE","source_file":"cad_candidate.flattened.r2010.dxf","source_layer":"\u0414\u0412_\u0413\u041f_\u041f_\u0412\u043e\u0434\u043e\u043e\u0442\u0432\u043e\u0434\u043d\u044b\u0435_\
1000
u043b\u043e\u0442\u043a\u0438","source_project_id":"898ea8e86f4d","source_status":"partial prepared CAD: 45 of 47 external references embedded","street":"\u041a\u0443\u043b\u0438\u043a\u043e\u0432\u04
1000
41\u043a\u0430\u044f \u0443\u043b\u0438\u0446\u0430, \u041c\u043e\u0441\u043a\u0432\u0430","suggestion_confidence":"high"},"role":"asset","schema_version":1,"type_id":"net.tray"}
  0
LWPOLYLINE
  5
218
330
17
100
AcDbEntity
  8
GC_DRAINAGE_TRAY
100
AcDbPolyline
 90
4
 70
1
 10
4043.2751065390416
 20
-11145.359205562316
 10
4043.040496194243
 20
-11145.445564688713
 10
4042.8677778163287
 20
-11144.976343672633
 10
4043.102397176976
 20
-11144.890008315715
1001
GREENCAD_EDIT_V1
1000
{"geometry_role":"OUTER_CONTOUR","id":"kul-tray:000389:71b6a222b32f","properties":{"missing_external_references":["\u0410\u0421\u0423_\u041e\u0414\u0421_\u041a\u0443\u043b\u0438\u043a\u043e\u0432\u044
1000
1\u043a\u0430\u044f","\u04407989_\u041a\u0443\u043b\u0438\u043a\u043e\u0432\u0441\u043a\u0430\u044f \u0443\u043b._\u043f\u0440\u043e\u0435\u043a\u0442"],"normative":false,"professional_confirmation":f
1000
alse,"semantic_authority":"project layer-name evidence for diagnostic testing only","semantic_basis":"explicit project layer name; advisory classification","source_currentness_confirmed":false,"source
1000
_entity_type":"LWPOLYLINE","source_file":"cad_candidate.flattened.r2010.dxf","source_layer":"\u0414\u0412_\u0413\u041f_\u041f_\u0412\u043e\u0434\u043e\u043e\u0442\u0432\u043e\u0434\u043d\u044b\u0435_\
1000
u043b\u043e\u0442\u043a\u0438","source_project_id":"898ea8e86f4d","source_status":"partial prepared CAD: 45 of 47 external references embedded","street":"\u041a\u0443\u043b\u0438\u043a\u043e\u0432\u04
1000
41\u043a\u0430\u044f \u0443\u043b\u0438\u0446\u0430, \u041c\u043e\u0441\u043a\u0432\u0430","suggestion_confidence":"high"},"role":"asset","schema_version":1,"type_id":"net.tray"}
  0
LWPOLYLINE
  5
219
330
17
100
AcDbEntity
  8
GC_DRAINAGE_TRAY
100
AcDbPolyline
 90
4
 70
1
 10
4043.102388395749
 20
-11144.889984459873
 10
4042.8677780509506
 20
-11144.97634358627
 10
4042.695059673036
 20
-11144.50712257019
 10
4042.9296790336834
 20
-11144.420787213272
1001
GREENCAD_EDIT_V1
1000
{"geometry_role":"OUTER_CONTOUR","id":"kul-tray:000390:b3baf6e6f969","properties":{"missing_external_references":["\u0410\u0421\u0423_\u041e\u0414\u0421_\u041a\u0443\u043b\u0438\u043a\u043e\u0432\u044
1000
1\u043a\u0430\u044f","\u04407989_\u041a\u0443\u043b\u0438\u043a\u043e\u0432\u0441\u043a\u0430\u044f \u0443\u043b._\u043f\u0440\u043e\u0435\u043a\u0442"],"normative":false,"professional_confirmation":f
1000
alse,"semantic_authority":"project layer-name evidence for diagnostic testing only","semantic_basis":"explicit project layer name; advisory classification","source_currentness_confirmed":false,"source
1000
_entity_type":"LWPOLYLINE","source_file":"cad_candidate.flattened.r2010.dxf","source_layer":"\u0414\u0412_\u0413\u041f_\u041f_\u0412\u043e\u0434\u043e\u043e\u0442\u0432\u043e\u0434\u043d\u044b\u0435_\
1000
u043b\u043e\u0442\u043a\u0438","source_project_id":"898ea8e86f4d","source_status":"partial prepared CAD: 45 of 47 external references embedded","street":"\u041a\u0443\u043b\u0438\u043a\u043e\u0432\u04
1000
41\u043a\u0430\u044f \u0443\u043b\u0438\u0446\u0430, \u041c\u043e\u0441\u043a\u0432\u0430","suggestion_confidence":"high"},"role":"asset","schema_version":1,"type_id":"net.tray"}
  0
LWPOLYLINE
  5
21A
330
17
100
AcDbEntity
  8
GC_DRAINAGE_TRAY
100
AcDbPolyline
 90
4
 70
1
 10
4042.929670252456
 20
-11144.42076335743
 10
4042.6950599076577
 20
-11144.507122483827
 10
4042.5223415297432
 20
-11144.037901467747
 10
4042.7569608903905
 20
-11143.951566110829
1001
GREENCAD_EDIT_V1
1000
{"geometry_role":"OUTER_CONTOUR","id":"kul-tray:000391:fa88d4b64b7e","properties":{"missing_external_references":["\u0410\u0421\u0423_\u041e\u0414\u0421_\u041a\u0443\u043b\u0438\u043a\u043e\u0432\u044
1000
1\u043a\u0430\u044f","\u04407989_\u041a\u0443\u043b\u0438\u043a\u043e\u0432\u0441\u043a\u0430\u044f \u0443\u043b._\u043f\u0440\u043e\u0435\u043a\u0442"],"normative":false,"professional_confirmation":f
1000
alse,"semantic_authority":"project layer-name evidence for diagnostic testing only","semantic_basis":"explicit project layer name; advisory classification","source_currentness_confirmed":false,"source
1000
_entity_type":"LWPOLYLINE","source_file":"cad_candidate.flattened.r2010.dxf","source_layer":"\u0414\u0412_\u0413\u041f_\u041f_\u0412\u043e\u0434\u043e\u043e\u0442\u0432\u043e\u0434\u043d\u044b\u0435_\
1000
u043b\u043e\u0442\u043a\u0438","source_project_id":"898ea8e86f4d","source_status":"partial prepared CAD: 45 of 47 external references embedded","street":"\u041a\u0443\u043b\u0438\u043a\u043e\u0432\u04
1000
41\u043a\u0430\u044f \u0443\u043b\u0438\u0446\u0430, \u041c\u043e\u0441\u043a\u0432\u0430","suggestion_confidence":"high"},"role":"asset","schema_version":1,"type_id":"net.tray"}
  0
LWPOLYLINE
  5
21B
330
17
100
AcDbEntity
  8
GC_DRAINAGE_TRAY
100
AcDbPolyline
 90
4
 70
1
 10
4042.7569521091636
 20
-11143.951542254987
 10
4042.522341764365
 20
-11144.037901381384
 10
4042.3496233864507
 20
-11143.568680365304
 10
4042.584242747098
 20
-11143.482345008386
1001
GREENCAD_EDIT_V1
1000
{"geometry_role":"OUTER_CONTOUR","id":"kul-tray:000392:51d6dda96012","properties":{"missing_external_references":["\u0410\u0421\u0423_\u041e\u0414\u0421_\u041a\u0443\u043b\u0438\u043a\u043e\u0432\u044
1000
1\u043a\u0430\u044f","\u04407989_\u041a\u0443\u043b\u0438\u043a\u043e\u0432\u0441\u043a\u0430\u044f \u0443\u043b._\u043f\u0440\u043e\u0435\u043a\u0442"],"normative":false,"professional_confirmation":f
1000
alse,"semantic_authority":"project layer-name evidence for diagnostic testing only","semantic_basis":"explicit project layer name; advisory classification","source_currentness_confirmed":false,"source
1000
_entity_type":"LWPOLYLINE","source_file":"cad_candidate.flattened.r2010.dxf","source_layer":"\u0414\u0412_\u0413\u041f_\u041f_\u0412\u043e\u0434\u043e\u043e\u0442\u0432\u043e\u0434\u043d\u044b\u0435_\
1000
u043b\u043e\u0442\u043a\u0438","source_project_id":"898ea8e86f4d","source_status":"partial prepared CAD: 45 of 47 external references embedded","street":"\u041a\u0443\u043b\u0438\u043a\u043e\u0432\u04
1000
41\u043a\u0430\u044f \u0443\u043b\u0438\u0446\u0430, \u041c\u043e\u0441\u043a\u0432\u0430","suggestion_confidence":"high"},"role":"asset","schema_version":1,"type_id":"net.tray"}
  0
LWPOLYLINE
  5
21C
330
17
100
AcDbEntity
  8
GC_DRAINAGE_TRAY
100
AcDbPolyline
 90
4
 70
1
 10
4042.584233965871
 20
-11143.482321152544
 10
4042.3496236210726
 20
-11143.56868027894
 10
4042.176905243158
 20
-11143.099459262861
 10
4042.4115246038054
 20
-11143.013123905943
1001
GREENCAD_EDIT_V1
1000
{"geometry_role":"OUTER_CONTOUR","id":"kul-tray:000393:3eaae704b6dd","properties":{"missing_external_references":["\u0410\u0421\u0423_\u041e\u0414\u0421_\u041a\u0443\u043b\u0438\u043a\u043e\u0432\u044
1000
1\u043a\u0430\u044f","\u04407989_\u041a\u0443\u043b\u0438\u043a\u043e\u0432\u0441\u043a\u0430\u044f \u0443\u043b._\u043f\u0440\u043e\u0435\u043a\u0442"],"normative":false,"professional_confirmation":f
1000
alse,"semantic_authority":"project layer-name evidence for diagnostic testing only","semantic_basis":"explicit project layer name; advisory classification","source_currentness_confirmed":false,"source
1000
_entity_type":"LWPOLYLINE","source_file":"cad_candidate.flattened.r2010.dxf","source_layer":"\u0414\u0412_\u0413\u041f_\u041f_\u0412\u043e\u0434\u043e\u043e\u0442\u0432\u043e\u0434\u043d\u044b\u0435_\
1000
u043b\u043e\u0442\u043a\u0438","source_project_id":"898ea8e86f4d","source_status":"partial prepared CAD: 45 of 47 external references embedded","street":"\u041a\u0443\u043b\u0438\u043a\u043e\u0432\u04
1000
41\u043a\u0430\u044f \u0443\u043b\u0438\u0446\u0430, \u041c\u043e\u0441\u043a\u0432\u0430","suggestion_confidence":"high"},"role":"asset","schema_version":1,"type_id":"net.tray"}
  0
LWPOLYLINE
  5
21D
330
17
100
AcDbEntity
  8
GC_DRAINAGE_TRAY
100
AcDbPolyline
 90
4
 70
1
 10
4042.4115158225786
 20
-11143.013100050102
 10
4042.17690547778
 20
-11143.0994591765
 10
4042.0041870998657
 20
-11142.63023816042
 10
4042.238806460513
 20
-11142.543902803502
1001
GREENCAD_EDIT_V1
1000
{"geometry_role":"OUTER_CONTOUR","id":"kul-tray:000394:96ee4d196f30","properties":{"missing_external_references":["\u0410\u0421\u0423_\u041e\u0414\u0421_\u041a\u0443\u043b\u0438\u043a\u043e\u0432\u044
1000
1\u043a\u0430\u044f","\u04407989_\u041a\u0443\u043b\u0438\u043a\u043e\u0432\u0441\u043a\u0430\u044f \u0443\u043b._\u043f\u0440\u043e\u0435\u043a\u0442"],"normative":false,"professional_confirmation":f
1000
alse,"semantic_authority":"project layer-name evidence for diagnostic testing only","semantic_basis":"explicit project layer name; advisory classification","source_currentness_confirmed":false,"source
1000
_entity_type":"LWPOLYLINE","source_file":"cad_candidate.flattened.r2010.dxf","source_layer":"\u0414\u0412_\u0413\u041f_\u041f_\u0412\u043e\u0434\u043e\u043e\u0442\u0432\u043e\u0434\u043d\u044b\u0435_\
1000
u043b\u043e\u0442\u043a\u0438","source_project_id":"898ea8e86f4d","source_status":"partial prepared CAD: 45 of 47 external references embedded","street":"\u041a\u0443\u043b\u0438\u043a\u043e\u0432\u04
1000
41\u043a\u0430\u044f \u0443\u043b\u0438\u0446\u0430, \u041c\u043e\u0441\u043a\u0432\u0430","suggestion_confidence":"high"},"role":"asset","schema_version":1,"type_id":"net.tray"}
  0
LWPOLYLINE
  5
21E
330
17
100
AcDbEntity
  8
GC_DRAINAGE_TRAY
100
AcDbPolyline
 90
4
 70
1
 10
4042.238797679286
 20
-11142.54387894766
 10
4042.0041873344876
 20
-11142.630238074056
 10
4041.831468956573
 20
-11142.161017057977
 10
4042.0660883172204
 20
-11142.074681701059
1001
GREENCAD_EDIT_V1
1000
{"geometry_role":"OUTER_CONTOUR","id":"kul-tray:000395:d2e15893d609","properties":{"missing_external_references":["\u0410\u0421\u0423_\u041e\u0414\u0421_\u041a\u0443\u043b\u0438\u043a\u043e\u0432\u044
1000
1\u043a\u0430\u044f","\u04407989_\u041a\u0443\u043b\u0438\u043a\u043e\u0432\u0441\u043a\u0430\u044f \u0443\u043b._\u043f\u0440\u043e\u0435\u043a\u0442"],"normative":false,"professional_confirmation":f
1000
alse,"semantic_authority":"project layer-name evidence for diagnostic testing only","semantic_basis":"explicit project layer name; advisory classification","source_currentness_confirmed":false,"source
1000
_entity_type":"LWPOLYLINE","source_file":"cad_candidate.flattened.r2010.dxf","source_layer":"\u0414\u0412_\u0413\u041f_\u041f_\u0412\u043e\u0434\u043e\u043e\u0442\u0432\u043e\u0434\u043d\u044b\u0435_\
1000
u043b\u043e\u0442\u043a\u0438","source_project_id":"898ea8e86f4d","source_status":"partial prepared CAD: 45 of 47 external references embedded","street":"\u041a\u0443\u043b\u0438\u043a\u043e\u0432\u04
1000
41\u043a\u0430\u044f \u0443\u043b\u0438\u0446\u0430, \u041c\u043e\u0441\u043a\u0432\u0430","suggestion_confidence":"high"},"role":"asset","schema_version":1,"type_id":"net.tray"}
  0
LWPOLYLINE
  5
21F
330
17
100
AcDbEntity
  8
GC_DRAINAGE_TRAY
100
AcDbPolyline
 90
4
 70
1
 10
4042.0660795359936
 20
-11142.074657845216
 10
4041.831469191195
 20
-11142.161016971613
 10
4041.6587508132807
 20
-11141.691795955534
 10
4041.893370173928
 20
-11141.605460598616
1001
GREENCAD_EDIT_V1
1000
{"geometry_role":"OUTER_CONTOUR","id":"kul-tray:000396:39b127c290dc","properties":{"missing_external_references":["\u0410\u0421\u0423_\u041e\u0414\u0421_\u041a\u0443\u043b\u0438\u043a\u043e\u0432\u044
1000
1\u043a\u0430\u044f","\u04407989_\u041a\u0443\u043b\u0438\u043a\u043e\u0432\u0441\u043a\u0430\u044f \u0443\u043b._\u043f\u0440\u043e\u0435\u043a\u0442"],"normative":false,"professional_confirmation":f
1000
alse,"semantic_authority":"project layer-name evidence for diagnostic testing only","semantic_basis":"explicit project layer name; advisory classification","source_currentness_confirmed":false,"source
1000
_entity_type":"LWPOLYLINE","source_file":"cad_candidate.flattened.r2010.dxf","source_layer":"\u0414\u0412_\u0413\u041f_\u041f_\u0412\u043e\u0434\u043e\u043e\u0442\u0432\u043e\u0434\u043d\u044b\u0435_\
1000
u043b\u043e\u0442\u043a\u0438","source_project_id":"898ea8e86f4d","source_status":"partial prepared CAD: 45 of 47 external references embedded","street":"\u041a\u0443\u043b\u0438\u043a\u043e\u0432\u04
1000
41\u043a\u0430\u044f \u0443\u043b\u0438\u0446\u0430, \u041c\u043e\u0441\u043a\u0432\u0430","suggestion_confidence":"high"},"role":"asset","schema_version":1,"type_id":"net.tray"}
  0
LWPOLYLINE
  5
220
330
17
100
AcDbEntity
  8
GC_DRAINAGE_TRAY
100
AcDbPolyline
 90
4
 70
1
 10
4041.8933613927006
 20
-11141.605436742773
 10
4041.658751047902
 20
-11141.69179586917
 10
4041.4860326699877
 20
-11141.222574853091
 10
4041.720652030635
 20
-11141.136239496172
1001
GREENCAD_EDIT_V1
1000
{"geometry_role":"OUTER_CONTOUR","id":"kul-tray:000397:21b8be5c3c06","properties":{"missing_external_references":["\u0410\u0421\u0423_\u041e\u0414\u0421_\u041a\u0443\u043b\u0438\u043a\u043e\u0432\u044
1000
1\u043a\u0430\u044f","\u04407989_\u041a\u0443\u043b\u0438\u043a\u043e\u0432\u0441\u043a\u0430\u044f \u0443\u043b._\u043f\u0440\u043e\u0435\u043a\u0442"],"normative":false,"professional_confirmation":f
1000
alse,"semantic_authority":"project layer-name evidence for diagnostic testing only","semantic_basis":"explicit project layer name; advisory classification","source_currentness_confirmed":false,"source
1000
_entity_type":"LWPOLYLINE","source_file":"cad_candidate.flattened.r2010.dxf","source_layer":"\u0414\u0412_\u0413\u041f_\u041f_\u0412\u043e\u0434\u043e\u043e\u0442\u0432\u043e\u0434\u043d\u044b\u0435_\
1000
u043b\u043e\u0442\u043a\u0438","source_project_id":"898ea8e86f4d","source_status":"partial prepared CAD: 45 of 47 external references embedded","street":"\u041a\u0443\u043b\u0438\u043a\u043e\u0432\u04
1000
41\u043a\u0430\u044f \u0443\u043b\u0438\u0446\u0430, \u041c\u043e\u0441\u043a\u0432\u0430","suggestion_confidence":"high"},"role":"asset","schema_version":1,"type_id":"net.tray"}
  0
LWPOLYLINE
  5
221
330
17
100
AcDbEntity
  8
GC_DRAINAGE_TRAY
100
AcDbPolyline
 90
4
 70
1
 10
4041.720643249408
 20
-11141.13621564033
 10
4041.4860329046096
 20
-11141.222574766727
 10
4041.313314526695
 20
-11140.753353750648
 10
4041.5479338873424
 20
-11140.66701839373
1001
GREENCAD_EDIT_V1
1000
{"geometry_role":"OUTER_CONTOUR","id":"kul-tray:000398:26eaec4dc56e","properties":{"missing_external_references":["\u0410\u0421\u0423_\u041e\u0414\u0421_\u041a\u0443\u043b\u0438\u043a\u043e\u0432\u044
1000
1\u043a\u0430\u044f","\u04407989_\u041a\u0443\u043b\u0438\u043a\u043e\u0432\u0441\u043a\u0430\u044f \u0443\u043b._\u043f\u0440\u043e\u0435\u043a\u0442"],"normative":false,"professional_confirmation":f
1000
alse,"semantic_authority":"project layer-name evidence for diagnostic testing only","semantic_basis":"explicit project layer name; advisory classification","source_currentness_confirmed":false,"source
1000
_entity_type":"LWPOLYLINE","source_file":"cad_candidate.flattened.r2010.dxf","source_layer":"\u0414\u0412_\u0413\u041f_\u041f_\u0412\u043e\u0434\u043e\u043e\u0442\u0432\u043e\u0434\u043d\u044b\u0435_\
1000
u043b\u043e\u0442\u043a\u0438","source_project_id":"898ea8e86f4d","source_status":"partial prepared CAD: 45 of 47 external references embedded","street":"\u041a\u0443\u043b\u0438\u043a\u043e\u0432\u04
1000
41\u043a\u0430\u044f \u0443\u043b\u0438\u0446\u0430, \u041c\u043e\u0441\u043a\u0432\u0430","suggestion_confidence":"high"},"role":"asset","schema_version":1,"type_id":"net.tray"}
  0
LWPOLYLINE
  5
222
330
17
100
AcDbEntity
  8
GC_DRAINAGE_TRAY
100
AcDbPolyline
 90
4
 70
1
 10
4041.5479251061156
 20
-11140.666994537889
 10
4041.313314761317
 20
-11140.753353664286
 10
4041.1405963834027
 20
-11140.284132648207
 10
4041.37521574405
 20
-11140.197797291288
1001
GREENCAD_EDIT_V1
1000
{"geometry_role":"OUTER_CONTOUR","id":"kul-tray:000399:dabd534b731e","properties":{"missing_external_references":["\u0410\u0421\u0423_\u041e\u0414\u0421_\u041a\u0443\u043b\u0438\u043a\u043e\u0432\u044
1000
1\u043a\u0430\u044f","\u04407989_\u041a\u0443\u043b\u0438\u043a\u043e\u0432\u0441\u043a\u0430\u044f \u0443\u043b._\u043f\u0440\u043e\u0435\u043a\u0442"],"normative":false,"professional_confirmation":f
1000
alse,"semantic_authority":"project layer-name evidence for diagnostic testing only","semantic_basis":"explicit project layer name; advisory classification","source_currentness_confirmed":false,"source
1000
_entity_type":"LWPOLYLINE","source_file":"cad_candidate.flattened.r2010.dxf","source_layer":"\u0414\u0412_\u0413\u041f_\u041f_\u0412\u043e\u0434\u043e\u043e\u0442\u0432\u043e\u0434\u043d\u044b\u0435_\
1000
u043b\u043e\u0442\u043a\u0438","source_project_id":"898ea8e86f4d","source_status":"partial prepared CAD: 45 of 47 external references embedded","street":"\u041a\u0443\u043b\u0438\u043a\u043e\u0432\u04
1000
41\u043a\u0430\u044f \u0443\u043b\u0438\u0446\u0430, \u041c\u043e\u0441\u043a\u0432\u0430","suggestion_confidence":"high"},"role":"asset","schema_version":1,"type_id":"net.tray"}
  0
LWPOLYLINE
  5
223
330
17
100
AcDbEntity
  8
GC_DRAINAGE_TRAY
100
AcDbPolyline
 90
4
 70
1
 10
4041.3752069628226
 20
-11140.197773435446
 10
4041.140596618024
 20
-11140.284132561843
 10
4040.9678782401097
 20
-11139.814911545764
 10
4041.202497600757
 20
-11139.728576188845
1001
GREENCAD_EDIT_V1
1000
{"geometry_role":"OUTER_CONTOUR","id":"kul-tray:000400:0996d982e27d","properties":{"missing_external_references":["\u0410\u0421\u0423_\u041e\u0414\u0421_\u041a\u0443\u043b\u0438\u043a\u043e\u0432\u044
1000
1\u043a\u0430\u044f","\u04407989_\u041a\u0443\u043b\u0438\u043a\u043e\u0432\u0441\u043a\u0430\u044f \u0443\u043b._\u043f\u0440\u043e\u0435\u043a\u0442"],"normative":false,"professional_confirmation":f
1000
alse,"semantic_authority":"project layer-name evidence for diagnostic testing only","semantic_basis":"explicit project layer name; advisory classification","source_currentness_confirmed":false,"source
1000
_entity_type":"LWPOLYLINE","source_file":"cad_candidate.flattened.r2010.dxf","source_layer":"\u0414\u0412_\u0413\u041f_\u041f_\u0412\u043e\u0434\u043e\u043e\u0442\u0432\u043e\u0434\u043d\u044b\u0435_\
1000
u043b\u043e\u0442\u043a\u0438","source_project_id":"898ea8e86f4d","source_status":"partial prepared CAD: 45 of 47 external references embedded","street":"\u041a\u0443\u043b\u0438\u043a\u043e\u0432\u04
1000
41\u043a\u0430\u044f \u0443\u043b\u0438\u0446\u0430, \u041c\u043e\u0441\u043a\u0432\u0430","suggestion_confidence":"high"},"role":"asset","schema_version":1,"type_id":"net.tray"}
  0
LWPOLYLINE
  5
224
330
17
100
AcDbEntity
  8
GC_DRAINAGE_TRAY
100
AcDbPolyline
 90
4
 70
1
 10
4041.20248881953
 20
-11139.728552333003
 10
4040.9678784747316
 20
-11139.8149114594
 10
4040.795160096817
 20
-11139.34569044332
 10
4041.0297794574644
 20
-11139.259355086402
1001
GREENCAD_EDIT_V1
1000
{"geometry_role":"OUTER_CONTOUR","id":"kul-tray:000401:1bc94758e84f","properties":{"missing_external_references":["\u0410\u0421\u0423_\u041e\u0414\u0421_\u041a\u0443\u043b\u0438\u043a\u043e\u0432\u044
1000
1\u043a\u0430\u044f","\u04407989_\u041a\u0443\u043b\u0438\u043a\u043e\u0432\u0441\u043a\u0430\u044f \u0443\u043b._\u043f\u0440\u043e\u0435\u043a\u0442"],"normative":false,"professional_confirmation":f
1000
alse,"semantic_authority":"project layer-name evidence for diagnostic testing only","semantic_basis":"explicit project layer name; advisory classification","source_currentness_confirmed":false,"source
1000
_entity_type":"LWPOLYLINE","source_file":"cad_candidate.flattened.r2010.dxf","source_layer":"\u0414\u0412_\u0413\u041f_\u041f_\u0412\u043e\u0434\u043e\u043e\u0442\u0432\u043e\u0434\u043d\u044b\u0435_\
1000
u043b\u043e\u0442\u043a\u0438","source_project_id":"898ea8e86f4d","source_status":"partial prepared CAD: 45 of 47 external references embedded","street":"\u041a\u0443\u043b\u0438\u043a\u043e\u0432\u04
1000
41\u043a\u0430\u044f \u0443\u043b\u0438\u0446\u0430, \u041c\u043e\u0441\u043a\u0432\u0430","suggestion_confidence":"high"},"role":"asset","schema_version":1,"type_id":"net.tray"}
  0
LWPOLYLINE
  5
225
330
17
100
AcDbEntity
  8
GC_DRAINAGE_TRAY
100
AcDbPolyline
 90
4
 70
1
 10
4041.0297706762376
 20
-11139.25933123056
 10
4040.795160331439
 20
-11139.345690356957
 10
4040.6224419535247
 20
-11138.876469340878
 10
4040.857061314172
 20
-11138.79013398396
1001
GREENCAD_EDIT_V1
1000
{"geometry_role":"OUTER_CONTOUR","id":"kul-tray:000402:01bd6b2d2919","properties":{"missing_external_references":["\u0410\u0421\u0423_\u041e\u0414\u0421_\u041a\u0443\u043b\u0438\u043a\u043e\u0432\u044
1000
1\u043a\u0430\u044f","\u04407989_\u041a\u0443\u043b\u0438\u043a\u043e\u0432\u0441\u043a\u0430\u044f \u0443\u043b._\u043f\u0440\u043e\u0435\u043a\u0442"],"normative":false,"professional_confirmation":f
1000
alse,"semantic_authority":"project layer-name evidence for diagnostic testing only","semantic_basis":"explicit project layer name; advisory classification","source_currentness_confirmed":false,"source
1000
_entity_type":"LWPOLYLINE","source_file":"cad_candidate.flattened.r2010.dxf","source_layer":"\u0414\u0412_\u0413\u041f_\u041f_\u0412\u043e\u0434\u043e\u043e\u0442\u0432\u043e\u0434\u043d\u044b\u0435_\
1000
u043b\u043e\u0442\u043a\u0438","source_project_id":"898ea8e86f4d","source_status":"partial prepared CAD: 45 of 47 external references embedded","street":"\u041a\u0443\u043b\u0438\u043a\u043e\u0432\u04
1000
41\u043a\u0430\u044f \u0443\u043b\u0438\u0446\u0430, \u041c\u043e\u0441\u043a\u0432\u0430","suggestion_confidence":"high"},"role":"asset","schema_version":1,"type_id":"net.tray"}
  0
LWPOLYLINE
  5
226
330
17
100
AcDbEntity
  8
GC_DRAINAGE_TRAY
100
AcDbPolyline
 90
4
 70
1
 10
4040.857052532945
 20
-11138.790110128117
 10
4040.6224421881466
 20
-11138.876469254514
 10
4040.449723810232
 20
-11138.407248238434
 10
4040.6843431708794
 20
-11138.320912881516
1001
GREENCAD_EDIT_V1
1000
{"geometry_role":"OUTER_CONTOUR","id":"kul-tray:000403:c949041e2e3c","properties":{"missing_external_references":["\u0410\u0421\u0423_\u041e\u0414\u0421_\u041a\u0443\u043b\u0438\u043a\u043e\u0432\u044
1000
1\u043a\u0430\u044f","\u04407989_\u041a\u0443\u043b\u0438\u043a\u043e\u0432\u0441\u043a\u0430\u044f \u0443\u043b._\u043f\u0440\u043e\u0435\u043a\u0442"],"normative":false,"professional_confirmation":f
1000
alse,"semantic_authority":"project layer-name evidence for diagnostic testing only","semantic_basis":"explicit project layer name; advisory classification","source_currentness_confirmed":false,"source
1000
_entity_type":"LWPOLYLINE","source_file":"cad_candidate.flattened.r2010.dxf","source_layer":"\u0414\u0412_\u0413\u041f_\u041f_\u0412\u043e\u0434\u043e\u043e\u0442\u0432\u043e\u0434\u043d\u044b\u0435_\
1000
u043b\u043e\u0442\u043a\u0438","source_project_id":"898ea8e86f4d","source_status":"partial prepared CAD: 45 of 47 external references embedded","street":"\u041a\u0443\u043b\u0438\u043a\u043e\u0432\u04
1000
41\u043a\u0430\u044f \u0443\u043b\u0438\u0446\u0430, \u041c\u043e\u0441\u043a\u0432\u0430","suggestion_confidence":"high"},"role":"asset","schema_version":1,"type_id":"net.tray"}
  0
LWPOLYLINE
  5
227
330
17
100
AcDbEntity
  8
GC_DRAINAGE_TRAY
100
AcDbPolyline
 90
4
 70
1
 10
4040.684334389652
 20
-11138.320889025674
 10
4040.4497240448536
 20
-11138.40724815207
 10
4040.277005666939
 20
-11137.938027135991
 10
4040.5116250275864
 20
-11137.851691779073
1001
GREENCAD_EDIT_V1
1000
{"geometry_role":"OUTER_CONTOUR","id":"kul-tray:000404:5e3b123830e6","properties":{"missing_external_references":["\u0410\u0421\u0423_\u041e\u0414\u0421_\u041a\u0443\u043b\u0438\u043a\u043e\u0432\u044
1000
1\u043a\u0430\u044f","\u04407989_\u041a\u0443\u043b\u0438\u043a\u043e\u0432\u0441\u043a\u0430\u044f \u0443\u043b._\u043f\u0440\u043e\u0435\u043a\u0442"],"normative":false,"professional_confirmation":f
1000
alse,"semantic_authority":"project layer-name evidence for diagnostic testing only","semantic_basis":"explicit project layer name; advisory classification","source_currentness_confirmed":false,"source
1000
_entity_type":"LWPOLYLINE","source_file":"cad_candidate.flattened.r2010.dxf","source_layer":"\u0414\u0412_\u0413\u041f_\u041f_\u0412\u043e\u0434\u043e\u043e\u0442\u0432\u043e\u0434\u043d\u044b\u0435_\
1000
u043b\u043e\u0442\u043a\u0438","source_project_id":"898ea8e86f4d","source_status":"partial prepared CAD: 45 of 47 external references embedded","street":"\u041a\u0443\u043b\u0438\u043a\u043e\u0432\u04
1000
41\u043a\u0430\u044f \u0443\u043b\u0438\u0446\u0430, \u041c\u043e\u0441\u043a\u0432\u0430","suggestion_confidence":"high"},"role":"asset","schema_version":1,"type_id":"net.tray"}
  0
LWPOLYLINE
  5
228
330
17
100
AcDbEntity
  8
GC_DRAINAGE_TRAY
100
AcDbPolyline
 90
4
 70
1
 10
4040.5116162463596
 20
-11137.851667923233
 10
4040.277005901561
 20
-11137.93802704963
 10
4040.1042875236467
 20
-11137.46880603355
 10
4040.338906884294
 20
-11137.382470676632
1001
GREENCAD_EDIT_V1
1000
{"geometry_role":"OUTER_CONTOUR","id":"kul-tray:000405:d80d67719573","properties":{"missing_external_references":["\u0410\u0421\u0423_\u041e\u0414\u0421_\u041a\u0443\u043b\u0438\u043a\u043e\u0432\u044
1000
1\u043a\u0430\u044f","\u04407989_\u041a\u0443\u043b\u0438\u043a\u043e\u0432\u0441\u043a\u0430\u044f \u0443\u043b._\u043f\u0440\u043e\u0435\u043a\u0442"],"normative":false,"professional_confirmation":f
1000
alse,"semantic_authority":"project layer-name evidence for diagnostic testing only","semantic_basis":"explicit project layer name; advisory classification","source_currentness_confirmed":false,"source
1000
_entity_type":"LWPOLYLINE","source_file":"cad_candidate.flattened.r2010.dxf","source_layer":"\u0414\u0412_\u0413\u041f_\u041f_\u0412\u043e\u0434\u043e\u043e\u0442\u0432\u043e\u0434\u043d\u044b\u0435_\
1000
u043b\u043e\u0442\u043a\u0438","source_project_id":"898ea8e86f4d","source_status":"partial prepared CAD: 45 of 47 external references embedded","street":"\u041a\u0443\u043b\u0438\u043a\u043e\u0432\u04
1000
41\u043a\u0430\u044f \u0443\u043b\u0438\u0446\u0430, \u041c\u043e\u0441\u043a\u0432\u0430","suggestion_confidence":"high"},"role":"asset","schema_version":1,"type_id":"net.tray"}
  0
LWPOLYLINE
  5
229
330
17
100
AcDbEntity
  8
GC_DRAINAGE_TRAY
100
AcDbPolyline
 90
4
 70
1
 10
4040.338898103067
 20
-11137.38244682079
 10
4040.1042877582686
 20
-11137.468805947186
 10
4039.931569380354
 20
-11136.999584931107
 10
4040.1661887410014
 20
-11136.913249574189
1001
GREENCAD_EDIT_V1
1000
{"geometry_role":"OUTER_CONTOUR","id":"kul-tray:000406:b5c3d93d276f","properties":{"missing_external_references":["\u0410\u0421\u0423_\u041e\u0414\u0421_\u041a\u0443\u043b\u0438\u043a\u043e\u0432\u044
1000
1\u043a\u0430\u044f","\u04407989_\u041a\u0443\u043b\u0438\u043a\u043e\u0432\u0441\u043a\u0430\u044f \u0443\u043b._\u043f\u0440\u043e\u0435\u043a\u0442"],"normative":false,"professional_confirmation":f
1000
alse,"semantic_authority":"project layer-name evidence for diagnostic testing only","semantic_basis":"explicit project layer name; advisory classification","source_currentness_confirmed":false,"source
1000
_entity_type":"LWPOLYLINE","source_file":"cad_candidate.flattened.r2010.dxf","source_layer":"\u0414\u0412_\u0413\u041f_\u041f_\u0412\u043e\u0434\u043e\u043e\u0442\u0432\u043e\u0434\u043d\u044b\u0435_\
1000
u043b\u043e\u0442\u043a\u0438","source_project_id":"898ea8e86f4d","source_status":"partial prepared CAD: 45 of 47 external references embedded","street":"\u041a\u0443\u043b\u0438\u043a\u043e\u0432\u04
1000
41\u043a\u0430\u044f \u0443\u043b\u0438\u0446\u0430, \u041c\u043e\u0441\u043a\u0432\u0430","suggestion_confidence":"high"},"role":"asset","schema_version":1,"type_id":"net.tray"}
  0
LWPOLYLINE
  5
22A
330
17
100
AcDbEntity
  8
GC_DRAINAGE_TRAY
100
AcDbPolyline
 90
4
 70
1
 10
4040.1661799597746
 20
-11136.913225718346
 10
4039.931569614976
 20
-11136.999584844743
 10
4039.7588512370617
 20
-11136.530363828664
 10
4039.993470597709
 20
-11136.444028471746
1001
GREENCAD_EDIT_V1
1000
{"geometry_role":"OUTER_CONTOUR","id":"kul-tray:000407:4ea79c102fd6","properties":{"missing_external_references":["\u0410\u0421\u0423_\u041e\u0414\u0421_\u041a\u0443\u043b\u0438\u043a\u043e\u0432\u044
1000
1\u043a\u0430\u044f","\u04407989_\u041a\u0443\u043b\u0438\u043a\u043e\u0432\u0441\u043a\u0430\u044f \u0443\u043b._\u043f\u0440\u043e\u0435\u043a\u0442"],"normative":false,"professional_confirmation":f
1000
alse,"semantic_authority":"project layer-name evidence for diagnostic testing only","semantic_basis":"explicit project layer name; advisory classification","source_currentness_confirmed":false,"source
1000
_entity_type":"LWPOLYLINE","source_file":"cad_candidate.flattened.r2010.dxf","source_layer":"\u0414\u0412_\u0413\u041f_\u041f_\u0412\u043e\u0434\u043e\u043e\u0442\u0432\u043e\u0434\u043d\u044b\u0435_\
1000
u043b\u043e\u0442\u043a\u0438","source_project_id":"898ea8e86f4d","source_status":"partial prepared CAD: 45 of 47 external references embedded","street":"\u041a\u0443\u043b\u0438\u043a\u043e\u0432\u04
1000
41\u043a\u0430\u044f \u0443\u043b\u0438\u0446\u0430, \u041c\u043e\u0441\u043a\u0432\u0430","suggestion_confidence":"high"},"role":"asset","schema_version":1,"type_id":"net.tray"}
  0
LWPOLYLINE
  5
22B
330
17
100
AcDbEntity
  8
GC_DRAINAGE_TRAY
100
AcDbPolyline
 90
4
 70
1
 10
4039.9934618164816
 20
-11136.444004615903
 10
4039.758851471683
 20
-11136.5303637423
 10
4039.5861330937687
 20
-11136.061142726221
 10
4039.820752454416
 20
-11135.974807369303
1001
GREENCAD_EDIT_V1
1000
{"geometry_role":"OUTER_CONTOUR","id":"kul-tray:000408:34b934b5faae","properties":{"missing_external_references":["\u0410\u0421\u0423_\u041e\u0414\u0421_\u041a\u0443\u043b\u0438\u043a\u043e\u0432\u044
1000
1\u043a\u0430\u044f","\u04407989_\u041a\u0443\u043b\u0438\u043a\u043e\u0432\u0441\u043a\u0430\u044f \u0443\u043b._\u043f\u0440\u043e\u0435\u043a\u0442"],"normative":false,"professional_confirmation":f
1000
alse,"semantic_authority":"project layer-name evidence for diagnostic testing only","semantic_basis":"explicit project layer name; advisory classification","source_currentness_confirmed":false,"source
1000
_entity_type":"LWPOLYLINE","source_file":"cad_candidate.flattened.r2010.dxf","source_layer":"\u0414\u0412_\u0413\u041f_\u041f_\u0412\u043e\u0434\u043e\u043e\u0442\u0432\u043e\u0434\u043d\u044b\u0435_\
1000
u043b\u043e\u0442\u043a\u0438","source_project_id":"898ea8e86f4d","source_status":"partial prepared CAD: 45 of 47 external references embedded","street":"\u041a\u0443\u043b\u0438\u043a\u043e\u0432\u04
1000
41\u043a\u0430\u044f \u0443\u043b\u0438\u0446\u0430, \u041c\u043e\u0441\u043a\u0432\u0430","suggestion_confidence":"high"},"role":"asset","schema_version":1,"type_id":"net.tray"}
  0
LWPOLYLINE
  5
22C
330
17
100
AcDbEntity
  8
GC_DRAINAGE_TRAY
100
AcDbPolyline
 90
4
 70
1
 10
4039.820743673189
 20
-11135.97478351346
 10
4039.5861333283906
 20
-11136.061142639857
 10
4039.413414950476
 20
-11135.591921623778
 10
4039.6480343111234
 20
-11135.50558626686
1001
GREENCAD_EDIT_V1
1000
{"geometry_role":"OUTER_CONTOUR","id":"kul-tray:000409:1a5128bd6b48","properties":{"missing_external_references":["\u0410\u0421\u0423_\u041e\u0414\u0421_\u041a\u0443\u043b\u0438\u043a\u043e\u0432\u044
1000
1\u043a\u0430\u044f","\u04407989_\u041a\u0443\u043b\u0438\u043a\u043e\u0432\u0441\u043a\u0430\u044f \u0443\u043b._\u043f\u0440\u043e\u0435\u043a\u0442"],"normative":false,"professional_confirmation":f
1000
alse,"semantic_authority":"project layer-name evidence for diagnostic testing only","semantic_basis":"explicit project layer name; advisory classification","source_currentness_confirmed":false,"source
1000
_entity_type":"LWPOLYLINE","source_file":"cad_candidate.flattened.r2010.dxf","source_layer":"\u0414\u0412_\u0413\u041f_\u041f_\u0412\u043e\u0434\u043e\u043e\u0442\u0432\u043e\u0434\u043d\u044b\u0435_\
1000
u043b\u043e\u0442\u043a\u0438","source_project_id":"898ea8e86f4d","source_status":"partial prepared CAD: 45 of 47 external references embedded","street":"\u041a\u0443\u043b\u0438\u043a\u043e\u0432\u04
1000
41\u043a\u0430\u044f \u0443\u043b\u0438\u0446\u0430, \u041c\u043e\u0441\u043a\u0432\u0430","suggestion_confidence":"high"},"role":"asset","schema_version":1,"type_id":"net.tray"}
  0
LWPOLYLINE
  5
22D
330
17
100
AcDbEntity
  8
GC_DRAINAGE_TRAY
100
AcDbPolyline
 90
4
 70
1
 10
4039.6480255298966
 20
-11135.50556241102
 10
4039.413415185098
 20
-11135.591921537416
 10
4039.2406968071837
 20
-11135.122700521337
 10
4039.475316167831
 20
-11135.036365164418
1001
GREENCAD_EDIT_V1
1000
{"geometry_role":"OUTER_CONTOUR","id":"kul-tray:000410:7bcfa02246ef","properties":{"missing_external_references":["\u0410\u0421\u0423_\u041e\u0414\u0421_\u041a\u0443\u043b\u0438\u043a\u043e\u0432\u044
1000
1\u043a\u0430\u044f","\u04407989_\u041a\u0443\u043b\u0438\u043a\u043e\u0432\u0441\u043a\u0430\u044f \u0443\u043b._\u043f\u0440\u043e\u0435\u043a\u0442"],"normative":false,"professional_confirmation":f
1000
alse,"semantic_authority":"project layer-name evidence for diagnostic testing only","semantic_basis":"explicit project layer name; advisory classification","source_currentness_confirmed":false,"source
1000
_entity_type":"LWPOLYLINE","source_file":"cad_candidate.flattened.r2010.dxf","source_layer":"\u0414\u0412_\u0413\u041f_\u041f_\u0412\u043e\u0434\u043e\u043e\u0442\u0432\u043e\u0434\u043d\u044b\u0435_\
1000
u043b\u043e\u0442\u043a\u0438","source_project_id":"898ea8e86f4d","source_status":"partial prepared CAD: 45 of 47 external references embedded","street":"\u041a\u0443\u043b\u0438\u043a\u043e\u0432\u04
1000
41\u043a\u0430\u044f \u0443\u043b\u0438\u0446\u0430, \u041c\u043e\u0441\u043a\u0432\u0430","suggestion_confidence":"high"},"role":"asset","schema_version":1,"type_id":"net.tray"}
  0
LWPOLYLINE
  5
22E
330
17
100
AcDbEntity
  8
GC_DRAINAGE_TRAY
100
AcDbPolyline
 90
4
 70
1
 10
4039.475307386604
 20
-11135.036341308576
 10
4039.2406970418056
 20
-11135.122700434973
 10
4039.067978663891
 20
-11134.653479418894
 10
4039.3025980245384
 20
-11134.567144061975
1001
GREENCAD_EDIT_V1
1000
{"geometry_role":"OUTER_CONTOUR","id":"kul-tray:000411:21c276f30b85","properties":{"missing_external_references":["\u0410\u0421\u0423_\u041e\u0414\u0421_\u041a\u0443\u043b\u0438\u043a\u043e\u0432\u044
1000
1\u043a\u0430\u044f","\u04407989_\u041a\u0443\u043b\u0438\u043a\u043e\u0432\u0441\u043a\u0430\u044f \u0443\u043b._\u043f\u0440\u043e\u0435\u043a\u0442"],"normative":false,"professional_confirmation":f
1000
alse,"semantic_authority":"project layer-name evidence for diagnostic testing only","semantic_basis":"explicit project layer name; advisory classification","source_currentness_confirmed":false,"source
1000
_entity_type":"LWPOLYLINE","source_file":"cad_candidate.flattened.r2010.dxf","source_layer":"\u0414\u0412_\u0413\u041f_\u041f_\u0412\u043e\u0434\u043e\u043e\u0442\u0432\u043e\u0434\u043d\u044b\u0435_\
1000
u043b\u043e\u0442\u043a\u0438","source_project_id":"898ea8e86f4d","source_status":"partial prepared CAD: 45 of 47 external references embedded","street":"\u041a\u0443\u043b\u0438\u043a\u043e\u0432\u04
1000
41\u043a\u0430\u044f \u0443\u043b\u0438\u0446\u0430, \u041c\u043e\u0441\u043a\u0432\u0430","suggestion_confidence":"high"},"role":"asset","schema_version":1,"type_id":"net.tray"}
  0
LWPOLYLINE
  5
22F
330
17
100
AcDbEntity
  8
GC_DRAINAGE_TRAY
100
AcDbPolyline
 90
4
 70
1
 10
4039.3025892433116
 20
-11134.567120206133
 10
4039.067978898513
 20
-11134.65347933253
 10
4038.8952605205986
 20
-11134.18425831645
 10
4039.129879881246
 20
-11134.097922959532
1001
GREENCAD_EDIT_V1
1000
{"geometry_role":"OUTER_CONTOUR","id":"kul-tray:000412:df877208d2e6","properties":{"missing_external_references":["\u0410\u0421\u0423_\u041e\u0414\u0421_\u041a\u0443\u043b\u0438\u043a\u043e\u0432\u044
1000
1\u043a\u0430\u044f","\u04407989_\u041a\u0443\u043b\u0438\u043a\u043e\u0432\u0441\u043a\u0430\u044f \u0443\u043b._\u043f\u0440\u043e\u0435\u043a\u0442"],"normative":false,"professional_confirmation":f
1000
alse,"semantic_authority":"project layer-name evidence for diagnostic testing only","semantic_basis":"explicit project layer name; advisory classification","source_currentness_confirmed":false,"source
1000
_entity_type":"LWPOLYLINE","source_file":"cad_candidate.flattened.r2010.dxf","source_layer":"\u0414\u0412_\u0413\u041f_\u041f_\u0412\u043e\u0434\u043e\u043e\u0442\u0432\u043e\u0434\u043d\u044b\u0435_\
1000
u043b\u043e\u0442\u043a\u0438","source_project_id":"898ea8e86f4d","source_status":"partial prepared CAD: 45 of 47 external references embedded","street":"\u041a\u0443\u043b\u0438\u043a\u043e\u0432\u04
1000
41\u043a\u0430\u044f \u0443\u043b\u0438\u0446\u0430, \u041c\u043e\u0441\u043a\u0432\u0430","suggestion_confidence":"high"},"role":"asset","schema_version":1,"type_id":"net.tray"}
  0
LWPOLYLINE
  5
230
330
17
100
AcDbEntity
  8
GC_DRAINAGE_TRAY
100
AcDbPolyline
 90
2
 70
0
 10
4044.656851685382
 20
-11149.11297438186
 10
4039.237366804177
 20
-11134.38993126575
1001
GREENCAD_EDIT_V1
1000
{"geometry_role":"AXIS","id":"kul-tray:000413:64528136aa69","properties":{"missing_external_references":["\u0410\u0421\u0423_\u041e\u0414\u0421_\u041a\u0443\u043b\u0438\u043a\u043e\u0432\u0441\u043a\u
1000
0430\u044f","\u04407989_\u041a\u0443\u043b\u0438\u043a\u043e\u0432\u0441\u043a\u0430\u044f \u0443\u043b._\u043f\u0440\u043e\u0435\u043a\u0442"],"normative":false,"professional_confirmation":false,"sem
1000
antic_authority":"project layer-name evidence for diagnostic testing only","semantic_basis":"explicit project layer name; advisory classification","source_currentness_confirmed":false,"source_entity_t
1000
ype":"LWPOLYLINE","source_file":"cad_candidate.flattened.r2010.dxf","source_layer":"\u0414\u0412_\u0413\u041f_\u041f_\u0412\u043e\u0434\u043e\u043e\u0442\u0432\u043e\u0434\u043d\u044b\u0435_\u043b\u04
1000
3e\u0442\u043a\u0438","source_project_id":"898ea8e86f4d","source_status":"partial prepared CAD: 45 of 47 external references embedded","street":"\u041a\u0443\u043b\u0438\u043a\u043e\u0432\u0441\u043a\
1000
u0430\u044f \u0443\u043b\u0438\u0446\u0430, \u041c\u043e\u0441\u043a\u0432\u0430","suggestion_confidence":"high"},"role":"asset","schema_version":1,"type_id":"net.tray"}
  0
LWPOLYLINE
  5
231
330
17
100
AcDbEntity
  8
GC_SIDEWALK_EDGE
100
AcDbPolyline
 90
6
 70
0
 10
4063.027362184876
 20
-10927.26065929063
 10
4067.277794928273
 20
-10909.59584900538
 10
4067.28344089231
 20
-10909.57446138556
 42
-0.2559236769262732
 10
4067.944767896184
 20
-10908.87752481729
 10
4072.68
 20
-10907.358
 42
-0.01248153179897522
 10
4073.146531893416
 20
-10907.24062933372
 42
-0.01248153179897522
1001
GREENCAD_EDIT_V1
1000
{"geometry_role":"EDGE","id":"kul-sidewalk_edge:000414:31d48129dd8b","properties":{"missing_external_references":["\u0410\u0421\u0423_\u041e\u0414\u0421_\u041a\u0443\u043b\u0438\u043a\u043e\u0432\u044
1000
1\u043a\u0430\u044f","\u04407989_\u041a\u0443\u043b\u0438\u043a\u043e\u0432\u0441\u043a\u0430\u044f \u0443\u043b._\u043f\u0440\u043e\u0435\u043a\u0442"],"normative":false,"professional_confirmation":f
1000
alse,"semantic_authority":"project layer-name evidence for diagnostic testing only","semantic_basis":"explicit project layer name; advisory classification","source_currentness_confirmed":false,"source
1000
_entity_type":"LWPOLYLINE","source_file":"cad_candidate.flattened.r2010.dxf","source_layer":"$0$\u0414\u0412_\u0413\u041f_\u041f_\u0411\u043e\u0440\u0442_\u0411\u0420_\u043d\u0430_\u0442\u0440\u043e\u
1000
0442\u0443\u0430\u0440\u0435_15\u0441\u043c","source_project_id":"898ea8e86f4d","source_status":"partial prepared CAD: 45 of 47 external references embedded","street":"\u041a\u0443\u043b\u0438\u043a\u
1000
043e\u0432\u0441\u043a\u0430\u044f \u0443\u043b\u0438\u0446\u0430, \u041c\u043e\u0441\u043a\u0432\u0430","suggestion_confidence":"medium"},"role":"asset","schema_version":1,"type_id":"traffic.sidewalk
1000
"}
  0
LWPOLYLINE
  5
232
330
17
100
AcDbEntity
  8
GC_DRAINAGE_TRAY
100
AcDbPolyline
 90
4
 70
1
 10
4212.598729236644
 20
-10523.361132563185
 10
4212.692430159786
 20
-10523.12935670249
 10
4213.155982207037
 20
-10523.316758675506
 10
4213.062257622572
 20
-10523.548525240205
1001
GREENCAD_EDIT_V1
1000
{"geometry_role":"OUTER_CONTOUR","id":"kul-tray:000415:7b1ea0fcb0f9","properties":{"missing_external_references":["\u0410\u0421\u0423_\u041e\u0414\u0421_\u041a\u0443\u043b\u0438\u043a\u043e\u0432\u044
1000
1\u043a\u0430\u044f","\u04407989_\u041a\u0443\u043b\u0438\u043a\u043e\u0432\u0441\u043a\u0430\u044f \u0443\u043b._\u043f\u0440\u043e\u0435\u043a\u0442"],"normative":false,"professional_confirmation":f
1000
alse,"semantic_authority":"project layer-name evidence for diagnostic testing only","semantic_basis":"explicit project layer name; advisory classification","source_currentness_confirmed":false,"source
1000
_entity_type":"LWPOLYLINE","source_file":"cad_candidate.flattened.r2010.dxf","source_layer":"\u0414\u0412_\u0413\u041f_\u041f_\u0412\u043e\u0434\u043e\u043e\u0442\u0432\u043e\u0434\u043d\u044b\u0435_\
1000
u043b\u043e\u0442\u043a\u0438","source_project_id":"898ea8e86f4d","source_status":"partial prepared CAD: 45 of 47 external references embedded","street":"\u041a\u0443\u043b\u0438\u043a\u043e\u0432\u04
1000
41\u043a\u0430\u044f \u0443\u043b\u0438\u0446\u0430, \u041c\u043e\u0441\u043a\u0432\u0430","suggestion_confidence":"high"},"role":"asset","schema_version":1,"type_id":"net.tray"}
  0
LWPOLYLINE
  5
233
330
17
100
AcDbEntity
  8
GC_DRAINAGE_TRAY
100
AcDbPolyline
 90
4
 70
1
 10
4213.0622811901885
 20
-10523.548534767988
 10
4213.1559821133305
 20
-10523.316758907293
 10
4213.619534160581
 20
-10523.50416088031
 10
4213.525809576116
 20
-10523.735927445008
1001
GREENCAD_EDIT_V1
1000
{"geometry_role":"OUTER_CONTOUR","id":"kul-tray:000416:463c60ba4ace","properties":{"missing_external_references":["\u0410\u0421\u0423_\u041e\u0414\u0421_\u041a\u0443\u043b\u0438\u043a\u043e\u0432\u044
1000
1\u043a\u0430\u044f","\u04407989_\u041a\u0443\u043b\u0438\u043a\u043e\u0432\u0441\u043a\u0430\u044f \u0443\u043b._\u043f\u0440\u043e\u0435\u043a\u0442"],"normative":false,"professional_confirmation":f
1000
alse,"semantic_authority":"project layer-name evidence for diagnostic testing only","semantic_basis":"explicit project layer name; advisory classification","source_currentness_confirmed":false,"source
1000
_entity_type":"LWPOLYLINE","source_file":"cad_candidate.flattened.r2010.dxf","source_layer":"\u0414\u0412_\u0413\u041f_\u041f_\u0412\u043e\u0434\u043e\u043e\u0442\u0432\u043e\u0434\u043d\u044b\u0435_\
1000
u043b\u043e\u0442\u043a\u0438","source_project_id":"898ea8e86f4d","source_status":"partial prepared CAD: 45 of 47 external references embedded","street":"\u041a\u0443\u043b\u0438\u043a\u043e\u0432\u04
1000
41\u043a\u0430\u044f \u0443\u043b\u0438\u0446\u0430, \u041c\u043e\u0441\u043a\u0432\u0430","suggestion_confidence":"high"},"role":"asset","schema_version":1,"type_id":"net.tray"}
  0
LWPOLYLINE
  5
234
330
17
100
AcDbEntity
  8
GC_DRAINAGE_TRAY
100
AcDbPolyline
 90
4
 70
1
 10
4213.525833143733
 20
-10523.735936972793
 10
4213.619534066875
 20
-10523.504161112098
 10
4214.083086114125
 20
-10523.691563085114
 10
4213.9893615296605
 20
-10523.923329649813
1001
GREENCAD_EDIT_V1
1000
{"geometry_role":"OUTER_CONTOUR","id":"kul-tray:000417:1f3ca0cf470b","properties":{"missing_external_references":["\u0410\u0421\u0423_\u041e\u0414\u0421_\u041a\u0443\u043b\u0438\u043a\u043e\u0432\u044
1000
1\u043a\u0430\u044f","\u04407989_\u041a\u0443\u043b\u0438\u043a\u043e\u0432\u0441\u043a\u0430\u044f \u0443\u043b._\u043f\u0440\u043e\u0435\u043a\u0442"],"normative":false,"professional_confirmation":f
1000
alse,"semantic_authority":"project layer-name evidence for diagnostic testing only","semantic_basis":"explicit project layer name; advisory classification","source_currentness_confirmed":false,"source
1000
_entity_type":"LWPOLYLINE","source_file":"cad_candidate.flattened.r2010.dxf","source_layer":"\u0414\u0412_\u0413\u041f_\u041f_\u0412\u043e\u0434\u043e\u043e\u0442\u0432\u043e\u0434\u043d\u044b\u0435_\
1000
u043b\u043e\u0442\u043a\u0438","source_project_id":"898ea8e86f4d","source_status":"partial prepared CAD: 45 of 47 external references embedded","street":"\u041a\u0443\u043b\u0438\u043a\u043e\u0432\u04
1000
41\u043a\u0430\u044f \u0443\u043b\u0438\u0446\u0430, \u041c\u043e\u0441\u043a\u0432\u0430","suggestion_confidence":"high"},"role":"asset","schema_version":1,"type_id":"net.tray"}
  0
LWPOLYLINE
  5
235
330
17
100
AcDbEntity
  8
GC_DRAINAGE_TRAY
100
AcDbPolyline
 90
4
 70
1
 10
4213.989385097277
 20
-10523.923339177596
 10
4214.083086020419
 20
-10523.691563316901
 10
4214.546638067669
 20
-10523.878965289918
 10
4214.452913483205
 20
-10524.110731854616
1001
GREENCAD_EDIT_V1
1000
{"geometry_role":"OUTER_CONTOUR","id":"kul-tray:000418:f2caaddb6f33","properties":{"missing_external_references":["\u0410\u0421\u0423_\u041e\u0414\u0421_\u041a\u0443\u043b\u0438\u043a\u043e\u0432\u044
1000
1\u043a\u0430\u044f","\u04407989_\u041a\u0443\u043b\u0438\u043a\u043e\u0432\u0441\u043a\u0430\u044f \u0443\u043b._\u043f\u0440\u043e\u0435\u043a\u0442"],"normative":false,"professional_confirmation":f
1000
alse,"semantic_authority":"project layer-name evidence for diagnostic testing only","semantic_basis":"explicit project layer name; advisory classification","source_currentness_confirmed":false,"source
1000
_entity_type":"LWPOLYLINE","source_file":"cad_candidate.flattened.r2010.dxf","source_layer":"\u0414\u0412_\u0413\u041f_\u041f_\u0412\u043e\u0434\u043e\u043e\u0442\u0432\u043e\u0434\u043d\u044b\u0435_\
1000
u043b\u043e\u0442\u043a\u0438","source_project_id":"898ea8e86f4d","source_status":"partial prepared CAD: 45 of 47 external references embedded","street":"\u041a\u0443\u043b\u0438\u043a\u043e\u0432\u04
1000
41\u043a\u0430\u044f \u0443\u043b\u0438\u0446\u0430, \u041c\u043e\u0441\u043a\u0432\u0430","suggestion_confidence":"high"},"role":"asset","schema_version":1,"type_id":"net.tray"}
  0
LWPOLYLINE
  5
236
330
17
100
AcDbEntity
  8
GC_DRAINAGE_TRAY
100
AcDbPolyline
 90
4
 70
1
 10
4214.452937050821
 20
-10524.110741382401
 10
4214.546637973963
 20
-10523.878965521706
 10
4215.010190021213
 20
-10524.066367494723
 10
4214.916465436749
 20
-10524.298134059421
1001
GREENCAD_EDIT_V1
1000
{"geometry_role":"OUTER_CONTOUR","id":"kul-tray:000419:ffc2c3a8c8c5","properties":{"missing_external_references":["\u0410\u0421\u0423_\u041e\u0414\u0421_\u041a\u0443\u043b\u0438\u043a\u043e\u0432\u044
1000
1\u043a\u0430\u044f","\u04407989_\u041a\u0443\u043b\u0438\u043a\u043e\u0432\u0441\u043a\u0430\u044f \u0443\u043b._\u043f\u0440\u043e\u0435\u043a\u0442"],"normative":false,"professional_confirmation":f
1000
alse,"semantic_authority":"project layer-name evidence for diagnostic testing only","semantic_basis":"explicit project layer name; advisory classification","source_currentness_confirmed":false,"source
1000
_entity_type":"LWPOLYLINE","source_file":"cad_candidate.flattened.r2010.dxf","source_layer":"\u0414\u0412_\u0413\u041f_\u041f_\u0412\u043e\u0434\u043e\u043e\u0442\u0432\u043e\u0434\u043d\u044b\u0435_\
1000
u043b\u043e\u0442\u043a\u0438","source_project_id":"898ea8e86f4d","source_status":"partial prepared CAD: 45 of 47 external references embedded","street":"\u041a\u0443\u043b\u0438\u043a\u043e\u0432\u04
1000
41\u043a\u0430\u044f \u0443\u043b\u0438\u0446\u0430, \u041c\u043e\u0441\u043a\u0432\u0430","suggestion_confidence":"high"},"role":"asset","schema_version":1,"type_id":"net.tray"}
  0
LWPOLYLINE
  5
237
330
17
100
AcDbEntity
  8
GC_DRAINAGE_TRAY
100
AcDbPolyline
 90
4
 70
1
 10
4214.916489004365
 20
-10524.298143587206
 10
4215.010189927507
 20
-10524.066367726511
 10
4215.473741974757
 20
-10524.253769699528
 10
4215.380017390293
 20
-10524.485536264227
1001
GREENCAD_EDIT_V1
1000
{"geometry_role":"OUTER_CONTOUR","id":"kul-tray:000420:5aa96461fa0c","properties":{"missing_external_references":["\u0410\u0421\u0423_\u041e\u0414\u0421_\u041a\u0443\u043b\u0438\u043a\u043e\u0432\u044
1000
1\u043a\u0430\u044f","\u04407989_\u041a\u0443\u043b\u0438\u043a\u043e\u0432\u0441\u043a\u0430\u044f \u0443\u043b._\u043f\u0440\u043e\u0435\u043a\u0442"],"normative":false,"professional_confirmation":f
1000
alse,"semantic_authority":"project layer-name evidence for diagnostic testing only","semantic_basis":"explicit project layer name; advisory classification","source_currentness_confirmed":false,"source
1000
_entity_type":"LWPOLYLINE","source_file":"cad_candidate.flattened.r2010.dxf","source_layer":"\u0414\u0412_\u0413\u041f_\u041f_\u0412\u043e\u0434\u043e\u043e\u0442\u0432\u043e\u0434\u043d\u044b\u0435_\
1000
u043b\u043e\u0442\u043a\u0438","source_project_id":"898ea8e86f4d","source_status":"partial prepared CAD: 45 of 47 external references embedded","street":"\u041a\u0443\u043b\u0438\u043a\u043e\u0432\u04
1000
41\u043a\u0430\u044f \u0443\u043b\u0438\u0446\u0430, \u041c\u043e\u0441\u043a\u0432\u0430","suggestion_confidence":"high"},"role":"asset","schema_version":1,"type_id":"net.tray"}
  0
LWPOLYLINE
  5
238
330
17
100
AcDbEntity
  8
GC_DRAINAGE_TRAY
100
AcDbPolyline
 90
4
 70
1
 10
4215.380040957909
 20
-10524.48554579201
 10
4215.473741881051
 20
-10524.253769931314
 10
4215.937293928301
 20
-10524.441171904331
 10
4215.843569343837
 20
-10524.67293846903
1001
GREENCAD_EDIT_V1
1000
{"geometry_role":"OUTER_CONTOUR","id":"kul-tray:000421:5ab91b60cb94","properties":{"missing_external_references":["\u0410\u0421\u0423_\u041e\u0414\u0421_\u041a\u0443\u043b\u0438\u043a\u043e\u0432\u044
1000
1\u043a\u0430\u044f","\u04407989_\u041a\u0443\u043b\u0438\u043a\u043e\u0432\u0441\u043a\u0430\u044f \u0443\u043b._\u043f\u0440\u043e\u0435\u043a\u0442"],"normative":false,"professional_confirmation":f
1000
alse,"semantic_authority":"project layer-name evidence for diagnostic testing only","semantic_basis":"explicit project layer name; advisory classification","source_currentness_confirmed":false,"source
1000
_entity_type":"LWPOLYLINE","source_file":"cad_candidate.flattened.r2010.dxf","source_layer":"\u0414\u0412_\u0413\u041f_\u041f_\u0412\u043e\u0434\u043e\u043e\u0442\u0432\u043e\u0434\u043d\u044b\u0435_\
1000
u043b\u043e\u0442\u043a\u0438","source_project_id":"898ea8e86f4d","source_status":"partial prepared CAD: 45 of 47 external references embedded","street":"\u041a\u0443\u043b\u0438\u043a\u043e\u0432\u04
1000
41\u043a\u0430\u044f \u0443\u043b\u0438\u0446\u0430, \u041c\u043e\u0441\u043a\u0432\u0430","suggestion_confidence":"high"},"role":"asset","schema_version":1,"type_id":"net.tray"}
  0
LWPOLYLINE
  5
239
330
17
100
AcDbEntity
  8
GC_DRAINAGE_TRAY
100
AcDbPolyline
 90
4
 70
1
 10
4215.843592911453
 20
-10524.672947996814
 10
4215.937293834595
 20
-10524.44117213612
 10
4216.400845881845
 20
-10524.628574109136
 10
4216.307121297381
 20
-10524.860340673835
1001
GREENCAD_EDIT_V1
1000
{"geometry_role":"OUTER_CONTOUR","id":"kul-tray:000422:1398fa791c82","properties":{"missing_external_references":["\u0410\u0421\u0423_\u041e\u0414\u0421_\u041a\u0443\u043b\u0438\u043a\u043e\u0432\u044
1000
1\u043a\u0430\u044f","\u04407989_\u041a\u0443\u043b\u0438\u043a\u043e\u0432\u0441\u043a\u0430\u044f \u0443\u043b._\u043f\u0440\u043e\u0435\u043a\u0442"],"normative":false,"professional_confirmation":f
1000
alse,"semantic_authority":"project layer-name evidence for diagnostic testing only","semantic_basis":"explicit project layer name; advisory classification","source_currentness_confirmed":false,"source
1000
_entity_type":"LWPOLYLINE","source_file":"cad_candidate.flattened.r2010.dxf","source_layer":"\u0414\u0412_\u0413\u041f_\u041f_\u0412\u043e\u0434\u043e\u043e\u0442\u0432\u043e\u0434\u043d\u044b\u0435_\
1000
u043b\u043e\u0442\u043a\u0438","source_project_id":"898ea8e86f4d","source_status":"partial prepared CAD: 45 of 47 external references embedded","street":"\u041a\u0443\u043b\u0438\u043a\u043e\u0432\u04
1000
41\u043a\u0430\u044f \u0443\u043b\u0438\u0446\u0430, \u041c\u043e\u0441\u043a\u0432\u0430","suggestion_confidence":"high"},"role":"asset","schema_version":1,"type_id":"net.tray"}
  0
LWPOLYLINE
  5
23A
330
17
100
AcDbEntity
  8
GC_DRAINAGE_TRAY
100
AcDbPolyline
 90
4
 70
1
 10
4216.307144864997
 20
-10524.86035020162
 10
4216.400845788139
 20
-10524.628574340924
 10
4216.864397835389
 20
-10524.815976313941
 10
4216.770673250925
 20
-10525.04774287864
1001
GREENCAD_EDIT_V1
1000
{"geometry_role":"OUTER_CONTOUR","id":"kul-tray:000423:68251b114710","properties":{"missing_external_references":["\u0410\u0421\u0423_\u041e\u0414\u0421_\u041a\u0443\u043b\u0438\u043a\u043e\u0432\u044
1000
1\u043a\u0430\u044f","\u04407989_\u041a\u0443\u043b\u0438\u043a\u043e\u0432\u0441\u043a\u0430\u044f \u0443\u043b._\u043f\u0440\u043e\u0435\u043a\u0442"],"normative":false,"professional_confirmation":f
1000
alse,"semantic_authority":"project layer-name evidence for diagnostic testing only","semantic_basis":"explicit project layer name; advisory classification","source_currentness_confirmed":false,"source
1000
_entity_type":"LWPOLYLINE","source_file":"cad_candidate.flattened.r2010.dxf","source_layer":"\u0414\u0412_\u0413\u041f_\u041f_\u0412\u043e\u0434\u043e\u043e\u0442\u0432\u043e\u0434\u043d\u044b\u0435_\
1000
u043b\u043e\u0442\u043a\u0438","source_project_id":"898ea8e86f4d","source_status":"partial prepared CAD: 45 of 47 external references embedded","street":"\u041a\u0443\u043b\u0438\u043a\u043e\u0432\u04
1000
41\u043a\u0430\u044f \u0443\u043b\u0438\u0446\u0430, \u041c\u043e\u0441\u043a\u0432\u0430","suggestion_confidence":"high"},"role":"asset","schema_version":1,"type_id":"net.tray"}
  0
LWPOLYLINE
  5
23B
330
17
100
AcDbEntity
  8
GC_DRAINAGE_TRAY
100
AcDbPolyline
 90
4
 70
1
 10
4216.770696818541
 20
-10525.047752406423
 10
4216.864397741683
 20
-10524.815976545728
 10
4217.327949788933
 20
-10525.003378518744
 10
4217.234225204469
 20
-10525.235145083443
1001
GREENCAD_EDIT_V1
1000
{"geometry_role":"OUTER_CONTOUR","id":"kul-tray:000424:72e1cd18124a","properties":{"missing_external_references":["\u0410\u0421\u0423_\u041e\u0414\u0421_\u041a\u0443\u043b\u0438\u043a\u043e\u0432\u044
1000
1\u043a\u0430\u044f","\u04407989_\u041a\u0443\u043b\u0438\u043a\u043e\u0432\u0441\u043a\u0430\u044f \u0443\u043b._\u043f\u0440\u043e\u0435\u043a\u0442"],"normative":false,"professional_confirmation":f
1000
alse,"semantic_authority":"project layer-name evidence for diagnostic testing only","semantic_basis":"explicit project layer name; advisory classification","source_currentness_confirmed":false,"source
1000
_entity_type":"LWPOLYLINE","source_file":"cad_candidate.flattened.r2010.dxf","source_layer":"\u0414\u0412_\u0413\u041f_\u041f_\u0412\u043e\u0434\u043e\u043e\u0442\u0432\u043e\u0434\u043d\u044b\u0435_\
1000
u043b\u043e\u0442\u043a\u0438","source_project_id":"898ea8e86f4d","source_status":"partial prepared CAD: 45 of 47 external references embedded","street":"\u041a\u0443\u043b\u0438\u043a\u043e\u0432\u04
1000
41\u043a\u0430\u044f \u0443\u043b\u0438\u0446\u0430, \u041c\u043e\u0441\u043a\u0432\u0430","suggestion_confidence":"high"},"role":"asset","schema_version":1,"type_id":"net.tray"}
  0
LWPOLYLINE
  5
23C
330
17
100
AcDbEntity
  8
GC_DRAINAGE_TRAY
100
AcDbPolyline
 90
4
 70
1
 10
4217.234248772085
 20
-10525.235154611228
 10
4217.327949695227
 20
-10525.003378750533
 10
4217.7915017424775
 20
-10525.19078072355
 10
4217.697777158013
 20
-10525.422547288248
1001
GREENCAD_EDIT_V1
1000
{"geometry_role":"OUTER_CONTOUR","id":"kul-tray:000425:f1e455071d9e","properties":{"missing_external_references":["\u0410\u0421\u0423_\u041e\u0414\u0421_\u041a\u0443\u043b\u0438\u043a\u043e\u0432\u044
1000
1\u043a\u0430\u044f","\u04407989_\u041a\u0443\u043b\u0438\u043a\u043e\u0432\u0441\u043a\u0430\u044f \u0443\u043b._\u043f\u0440\u043e\u0435\u043a\u0442"],"normative":false,"professional_confirmation":f
1000
alse,"semantic_authority":"project layer-name evidence for diagnostic testing only","semantic_basis":"explicit project layer name; advisory classification","source_currentness_confirmed":false,"source
1000
_entity_type":"LWPOLYLINE","source_file":"cad_candidate.flattened.r2010.dxf","source_layer":"\u0414\u0412_\u0413\u041f_\u041f_\u0412\u043e\u0434\u043e\u043e\u0442\u0432\u043e\u0434\u043d\u044b\u0435_\
1000
u043b\u043e\u0442\u043a\u0438","source_project_id":"898ea8e86f4d","source_status":"partial prepared CAD: 45 of 47 external references embedded","street":"\u041a\u0443\u043b\u0438\u043a\u043e\u0432\u04
1000
41\u043a\u0430\u044f \u0443\u043b\u0438\u0446\u0430, \u041c\u043e\u0441\u043a\u0432\u0430","suggestion_confidence":"high"},"role":"asset","schema_version":1,"type_id":"net.tray"}
  0
LWPOLYLINE
  5
23D
330
17
100
AcDbEntity
  8
GC_DRAINAGE_TRAY
100
AcDbPolyline
 90
4
 70
1
 10
4217.697800725629
 20
-10525.422556816031
 10
4217.791501648771
 20
-10525.190780955336
 10
4218.255053696022
 20
-10525.378182928353
 10
4218.161329111557
 20
-10525.609949493051
1001
GREENCAD_EDIT_V1
1000
{"geometry_role":"OUTER_CONTOUR","id":"kul-tray:000426:386822f627fe","properties":{"missing_external_references":["\u0410\u0421\u0423_\u041e\u0414\u0421_\u041a\u0443\u043b\u0438\u043a\u043e\u0432\u044
1000
1\u043a\u0430\u044f","\u04407989_\u041a\u0443\u043b\u0438\u043a\u043e\u0432\u0441\u043a\u0430\u044f \u0443\u043b._\u043f\u0440\u043e\u0435\u043a\u0442"],"normative":false,"professional_confirmation":f
1000
alse,"semantic_authority":"project layer-name evidence for diagnostic testing only","semantic_basis":"explicit project layer name; advisory classification","source_currentness_confirmed":false,"source
1000
_entity_type":"LWPOLYLINE","source_file":"cad_candidate.flattened.r2010.dxf","source_layer":"\u0414\u0412_\u0413\u041f_\u041f_\u0412\u043e\u0434\u043e\u043e\u0442\u0432\u043e\u0434\u043d\u044b\u0435_\
1000
u043b\u043e\u0442\u043a\u0438","source_project_id":"898ea8e86f4d","source_status":"partial prepared CAD: 45 of 47 external references embedded","street":"\u041a\u0443\u043b\u0438\u043a\u043e\u0432\u04
1000
41\u043a\u0430\u044f \u0443\u043b\u0438\u0446\u0430, \u041c\u043e\u0441\u043a\u0432\u0430","suggestion_confidence":"high"},"role":"asset","schema_version":1,"type_id":"net.tray"}
  0
LWPOLYLINE
  5
23E
330
17
100
AcDbEntity
  8
GC_DRAINAGE_TRAY
100
AcDbPolyline
 90
4
 70
1
 10
4218.161352679173
 20
-10525.609959020836
 10
4218.2550536023155
 20
-10525.37818316014
 10
4218.718605649566
 20
-10525.565585133158
 10
4218.624881065101
 20
-10525.797351697856
1001
GREENCAD_EDIT_V1
1000
{"geometry_role":"OUTER_CONTOUR","id":"kul-tray:000427:7ba93042c518","properties":{"missing_external_references":["\u0410\u0421\u0423_\u041e\u0414\u0421_\u041a\u0443\u043b\u0438\u043a\u043e\u0432\u044
1000
1\u043a\u0430\u044f","\u04407989_\u041a\u0443\u043b\u0438\u043a\u043e\u0432\u0441\u043a\u0430\u044f \u0443\u043b._\u043f\u0440\u043e\u0435\u043a\u0442"],"normative":false,"professional_confirmation":f
1000
alse,"semantic_authority":"project layer-name evidence for diagnostic testing only","semantic_basis":"explicit project layer name; advisory classification","source_currentness_confirmed":false,"source
1000
_entity_type":"LWPOLYLINE","source_file":"cad_candidate.flattened.r2010.dxf","source_layer":"\u0414\u0412_\u0413\u041f_\u041f_\u0412\u043e\u0434\u043e\u043e\u0442\u0432\u043e\u0434\u043d\u044b\u0435_\
1000
u043b\u043e\u0442\u043a\u0438","source_project_id":"898ea8e86f4d","source_status":"partial prepared CAD: 45 of 47 external references embedded","street":"\u041a\u0443\u043b\u0438\u043a\u043e\u0432\u04
1000
41\u043a\u0430\u044f \u0443\u043b\u0438\u0446\u0430, \u041c\u043e\u0441\u043a\u0432\u0430","suggestion_confidence":"high"},"role":"asset","schema_version":1,"type_id":"net.tray"}
  0
LWPOLYLINE
  5
23F
330
17
100
AcDbEntity
  8
GC_DRAINAGE_TRAY
100
AcDbPolyline
 90
4
 70
1
 10
4218.6249046327175
 20
-10525.797361225641
 10
4218.7186055558595
 20
-10525.565585364946
 10
4219.18215760311
 20
-10525.752987337963
 10
4219.088433018645
 20
-10525.984753902661
1001
GREENCAD_EDIT_V1
1000
{"geometry_role":"OUTER_CONTOUR","id":"kul-tray:000428:3cce05d3ca12","properties":{"missing_external_references":["\u0410\u0421\u0423_\u041e\u0414\u0421_\u041a\u0443\u043b\u0438\u043a\u043e\u0432\u044
1000
1\u043a\u0430\u044f","\u04407989_\u041a\u0443\u043b\u0438\u043a\u043e\u0432\u0441\u043a\u0430\u044f \u0443\u043b._\u043f\u0440\u043e\u0435\u043a\u0442"],"normative":false,"professional_confirmation":f
1000
alse,"semantic_authority":"project layer-name evidence for diagnostic testing only","semantic_basis":"explicit project layer name; advisory classification","source_currentness_confirmed":false,"source
1000
_entity_type":"LWPOLYLINE","source_file":"cad_candidate.flattened.r2010.dxf","source_layer":"\u0414\u0412_\u0413\u041f_\u041f_\u0412\u043e\u0434\u043e\u043e\u0442\u0432\u043e\u0434\u043d\u044b\u0435_\
1000
u043b\u043e\u0442\u043a\u0438","source_project_id":"898ea8e86f4d","source_status":"partial prepared CAD: 45 of 47 external references embedded","street":"\u041a\u0443\u043b\u0438\u043a\u043e\u0432\u04
1000
41\u043a\u0430\u044f \u0443\u043b\u0438\u0446\u0430, \u041c\u043e\u0441\u043a\u0432\u0430","suggestion_confidence":"high"},"role":"asset","schema_version":1,"type_id":"net.tray"}
  0
LWPOLYLINE
  5
240
330
17
100
AcDbEntity
  8
GC_DRAINAGE_TRAY
100
AcDbPolyline
 90
4
 70
1
 10
4219.088456586262
 20
-10525.984763430444
 10
4219.182157509404
 20
-10525.75298756975
 10
4219.645709556654
 20
-10525.940389542766
 10
4219.5519849721895
 20
-10526.172156107465
1001
GREENCAD_EDIT_V1
1000
{"geometry_role":"OUTER_CONTOUR","id":"kul-tray:000429:4a6344512d61","properties":{"missing_external_references":["\u0410\u0421\u0423_\u041e\u0414\u0421_\u041a\u0443\u043b\u0438\u043a\u043e\u0432\u044
1000
1\u043a\u0430\u044f","\u04407989_\u041a\u0443\u043b\u0438\u043a\u043e\u0432\u0441\u043a\u0430\u044f \u0443\u043b._\u043f\u0440\u043e\u0435\u043a\u0442"],"normative":false,"professional_confirmation":f
1000
alse,"semantic_authority":"project layer-name evidence for diagnostic testing only","semantic_basis":"explicit project layer name; advisory classification","source_currentness_confirmed":false,"source
1000
_entity_type":"LWPOLYLINE","source_file":"cad_candidate.flattened.r2010.dxf","source_layer":"\u0414\u0412_\u0413\u041f_\u041f_\u0412\u043e\u0434\u043e\u043e\u0442\u0432\u043e\u0434\u043d\u044b\u0435_\
1000
u043b\u043e\u0442\u043a\u0438","source_project_id":"898ea8e86f4d","source_status":"partial prepared CAD: 45 of 47 external references embedded","street":"\u041a\u0443\u043b\u0438\u043a\u043e\u0432\u04
1000
41\u043a\u0430\u044f \u0443\u043b\u0438\u0446\u0430, \u041c\u043e\u0441\u043a\u0432\u0430","suggestion_confidence":"high"},"role":"asset","schema_version":1,"type_id":"net.tray"}
  0
LWPOLYLINE
  5
241
330
17
100
AcDbEntity
  8
GC_DRAINAGE_TRAY
100
AcDbPolyline
 90
4
 70
1
 10
4219.552008539805
 20
-10526.17216563525
 10
4219.645709462947
 20
-10525.940389774554
 10
4220.109261510197
 20
-10526.12779174757
 10
4220.015536925733
 20
-10526.35955831227
1001
GREENCAD_EDIT_V1
1000
{"geometry_role":"OUTER_CONTOUR","id":"kul-tray:000430:fd579ba648bb","properties":{"missing_external_references":["\u0410\u0421\u0423_\u041e\u0414\u0421_\u041a\u0443\u043b\u0438\u043a\u043e\u0432\u044
1000
1\u043a\u0430\u044f","\u04407989_\u041a\u0443\u043b\u0438\u043a\u043e\u0432\u0441\u043a\u0430\u044f \u0443\u043b._\u043f\u0440\u043e\u0435\u043a\u0442"],"normative":false,"professional_confirmation":f
1000
alse,"semantic_authority":"project layer-name evidence for diagnostic testing only","semantic_basis":"explicit project layer name; advisory classification","source_currentness_confirmed":false,"source
1000
_entity_type":"LWPOLYLINE","source_file":"cad_candidate.flattened.r2010.dxf","source_layer":"\u0414\u0412_\u0413\u041f_\u041f_\u0412\u043e\u0434\u043e\u043e\u0442\u0432\u043e\u0434\u043d\u044b\u0435_\
1000
u043b\u043e\u0442\u043a\u0438","source_project_id":"898ea8e86f4d","source_status":"partial prepared CAD: 45 of 47 external references embedded","street":"\u041a\u0443\u043b\u0438\u043a\u043e\u0432\u04
1000
41\u043a\u0430\u044f \u0443\u043b\u0438\u0446\u0430, \u041c\u043e\u0441\u043a\u0432\u0430","suggestion_confidence":"high"},"role":"asset","schema_version":1,"type_id":"net.tray"}
  0
LWPOLYLINE
  5
242
330
17
100
AcDbEntity
  8
GC_DRAINAGE_TRAY
100
AcDbPolyline
 90
4
 70
1
 10
4220.015560493349
 20
-10526.359567840052
 10
4220.109261416491
 20
-10526.127791979357
 10
4220.572813463741
 20
-10526.315193952374
 10
4220.479088879277
 20
-10526.546960517073
1001
GREENCAD_EDIT_V1
1000
{"geometry_role":"OUTER_CONTOUR","id":"kul-tray:000431:bf4fe557ad32","properties":{"missing_external_references":["\u0410\u0421\u0423_\u041e\u0414\u0421_\u041a\u0443\u043b\u0438\u043a\u043e\u0432\u044
1000
1\u043a\u0430\u044f","\u04407989_\u041a\u0443\u043b\u0438\u043a\u043e\u0432\u0441\u043a\u0430\u044f \u0443\u043b._\u043f\u0440\u043e\u0435\u043a\u0442"],"normative":false,"professional_confirmation":f
1000
alse,"semantic_authority":"project layer-name evidence for diagnostic testing only","semantic_basis":"explicit project layer name; advisory classification","source_currentness_confirmed":false,"source
1000
_entity_type":"LWPOLYLINE","source_file":"cad_candidate.flattened.r2010.dxf","source_layer":"\u0414\u0412_\u0413\u041f_\u041f_\u0412\u043e\u0434\u043e\u043e\u0442\u0432\u043e\u0434\u043d\u044b\u0435_\
1000
u043b\u043e\u0442\u043a\u0438","source_project_id":"898ea8e86f4d","source_status":"partial prepared CAD: 45 of 47 external references embedded","street":"\u041a\u0443\u043b\u0438\u043a\u043e\u0432\u04
1000
41\u043a\u0430\u044f \u0443\u043b\u0438\u0446\u0430, \u041c\u043e\u0441\u043a\u0432\u0430","suggestion_confidence":"high"},"role":"asset","schema_version":1,"type_id":"net.tray"}
  0
LWPOLYLINE
  5
243
330
17
100
AcDbEntity
  8
GC_DRAINAGE_TRAY
100
AcDbPolyline
 90
2
 70
0
 10
4212.598729236646
 20
-10523.36113256319
 10
4220.247324686313
 20
-10526.45326417857
1001
GREENCAD_EDIT_V1
1000
{"geometry_role":"AXIS","id":"kul-tray:000432:f1f0b3005802","properties":{"missing_external_references":["\u0410\u0421\u0423_\u041e\u0414\u0421_\u041a\u0443\u043b\u0438\u043a\u043e\u0432\u0441\u043a\u
1000
0430\u044f","\u04407989_\u041a\u0443\u043b\u0438\u043a\u043e\u0432\u0441\u043a\u0430\u044f \u0443\u043b._\u043f\u0440\u043e\u0435\u043a\u0442"],"normative":false,"professional_confirmation":false,"sem
1000
antic_authority":"project layer-name evidence for diagnostic testing only","semantic_basis":"explicit project layer name; advisory classification","source_currentness_confirmed":false,"source_entity_t
1000
ype":"LWPOLYLINE","source_file":"cad_candidate.flattened.r2010.dxf","source_layer":"\u0414\u0412_\u0413\u041f_\u041f_\u0412\u043e\u0434\u043e\u043e\u0442\u0432\u043e\u0434\u043d\u044b\u0435_\u043b\u04
1000
3e\u0442\u043a\u0438","source_project_id":"898ea8e86f4d","source_status":"partial prepared CAD: 45 of 47 external references embedded","street":"\u041a\u0443\u043b\u0438\u043a\u043e\u0432\u0441\u043a\
1000
u0430\u044f \u0443\u043b\u0438\u0446\u0430, \u041c\u043e\u0441\u043a\u0432\u0430","suggestion_confidence":"high"},"role":"asset","schema_version":1,"type_id":"net.tray"}
  0
LWPOLYLINE
  5
244
330
17
100
AcDbEntity
  8
GC_SIDEWALK_EDGE
100
AcDbPolyline
 90
2
 70
0
 10
4294.550550188063
 20
-10410.46928080099
 42
0.9998355498319624
 10
4296.367804675489
 20
-10411.3044969525
1001
GREENCAD_EDIT_V1
1000
{"geometry_role":"EDGE","id":"kul-sidewalk_edge:000433:55cddc46145a","properties":{"missing_external_references":["\u0410\u0421\u0423_\u041e\u0414\u0421_\u041a\u0443\u043b\u0438\u043a\u043e\u0432\u044
1000
1\u043a\u0430\u044f","\u04407989_\u041a\u0443\u043b\u0438\u043a\u043e\u0432\u0441\u043a\u0430\u044f \u0443\u043b._\u043f\u0440\u043e\u0435\u043a\u0442"],"normative":false,"professional_confirmation":f
1000
alse,"semantic_authority":"project layer-name evidence for diagnostic testing only","semantic_basis":"explicit project layer name; advisory classification","source_currentness_confirmed":false,"source
1000
_entity_type":"LWPOLYLINE","source_file":"cad_candidate.flattened.r2010.dxf","source_layer":"\u0414\u0412_\u0413\u041f_\u041f_\u0411\u043e\u0440\u0442_\u0411\u0420_\u043d\u0430_\u0442\u0440\u043e\u044
1000
2\u0443\u0430\u0440\u0435_15\u0441\u043c","source_project_id":"898ea8e86f4d","source_status":"partial prepared CAD: 45 of 47 external references embedded","street":"\u041a\u0443\u043b\u0438\u043a\u043
1000
e\u0432\u0441\u043a\u0430\u044f \u0443\u043b\u0438\u0446\u0430, \u041c\u043e\u0441\u043a\u0432\u0430","suggestion_confidence":"medium"},"role":"asset","schema_version":1,"type_id":"traffic.sidewalk"}
  0
LWPOLYLINE
  5
245
330
17
100
AcDbEntity
  8
GC_SIDEWALK_EDGE
100
AcDbPolyline
 90
4
 70
0
 10
4273.031
 20
-10401.727
 10
4273.088503446499
 20
-10401.59600024069
 42
-0.4219829509459001
 10
4274.4296064271
 20
-10401.09167571561
 10
4275.015267709409
 20
-10401.36662999512
1001
GREENCAD_EDIT_V1
1000
{"geometry_role":"EDGE","id":"kul-sidewalk_edge:000434:f7e07f436e1e","properties":{"missing_external_references":["\u0410\u0421\u0423_\u041e\u0414\u0421_\u041a\u0443\u043b\u0438\u043a\u043e\u0432\u044
1000
1\u043a\u0430\u044f","\u04407989_\u041a\u0443\u043b\u0438\u043a\u043e\u0432\u0441\u043a\u0430\u044f \u0443\u043b._\u043f\u0440\u043e\u0435\u043a\u0442"],"normative":false,"professional_confirmation":f
1000
alse,"semantic_authority":"project layer-name evidence for diagnostic testing only","semantic_basis":"explicit project layer name; advisory classification","source_currentness_confirmed":false,"source
1000
_entity_type":"LWPOLYLINE","source_file":"cad_candidate.flattened.r2010.dxf","source_layer":"\u0414\u0412_\u0413\u041f_\u041f_\u0411\u043e\u0440\u0442_\u0411\u0420_\u043d\u0430_\u0442\u0440\u043e\u044
1000
2\u0443\u0430\u0440\u0435_15\u0441\u043c","source_project_id":"898ea8e86f4d","source_status":"partial prepared CAD: 45 of 47 external references embedded","street":"\u041a\u0443\u043b\u0438\u043a\u043
1000
e\u0432\u0441\u043a\u0430\u044f \u0443\u043b\u0438\u0446\u0430, \u041c\u043e\u0441\u043a\u0432\u0430","suggestion_confidence":"medium"},"role":"asset","schema_version":1,"type_id":"traffic.sidewalk"}
  0
LWPOLYLINE
  5
246
330
17
100
AcDbEntity
  8
GC_DRAINAGE_TRAY
100
AcDbPolyline
 90
4
 70
1
 10
4132.371011276864
 20
-10576.092842515167
 10
4132.469601261011
 20
-10575.863103690359
 10
4132.929079233731
 20
-10576.06028379226
 10
4132.830465790505
 20
-10576.2900128219
1001
GREENCAD_EDIT_V1
1000
{"geometry_role":"OUTER_CONTOUR","id":"kul-tray:000435:d68e1efe5341","properties":{"missing_external_references":["\u0410\u0421\u0423_\u041e\u0414\u0421_\u041a\u0443\u043b\u0438\u043a\u043e\u0432\u044
1000
1\u043a\u0430\u044f","\u04407989_\u041a\u0443\u043b\u0438\u043a\u043e\u0432\u0441\u043a\u0430\u044f \u0443\u043b._\u043f\u0440\u043e\u0435\u043a\u0442"],"normative":false,"professional_confirmation":f
1000
alse,"semantic_authority":"project layer-name evidence for diagnostic testing only","semantic_basis":"explicit project layer name; advisory classification","source_currentness_confirmed":false,"source
1000
_entity_type":"LWPOLYLINE","source_file":"cad_candidate.flattened.r2010.dxf","source_layer":"\u0414\u0412_\u0413\u041f_\u041f_\u0412\u043e\u0434\u043e\u043e\u0442\u0432\u043e\u0434\u043d\u044b\u0435_\
1000
u043b\u043e\u0442\u043a\u0438","source_project_id":"898ea8e86f4d","source_status":"partial prepared CAD: 45 of 47 external references embedded","street":"\u041a\u0443\u043b\u0438\u043a\u043e\u0432\u04
1000
41\u043a\u0430\u044f \u0443\u043b\u0438\u0446\u0430, \u041c\u043e\u0441\u043a\u0432\u0430","suggestion_confidence":"high"},"role":"asset","schema_version":1,"type_id":"net.tray"}
  0
LWPOLYLINE
  5
247
330
17
100
AcDbEntity
  8
GC_DRAINAGE_TRAY
100
AcDbPolyline
 90
4
 70
1
 10
4132.830489150988
 20
-10576.290022846817
 10
4132.929079135135
 20
-10576.060284022009
 10
4133.3885571078545
 20
-10576.25746412391
 10
4133.2899436646285
 20
-10576.48719315355
1001
GREENCAD_EDIT_V1
1000
{"geometry_role":"OUTER_CONTOUR","id":"kul-tray:000436:73ec6bd77307","properties":{"missing_external_references":["\u0410\u0421\u0423_\u041e\u0414\u0421_\u041a\u0443\u043b\u0438\u043a\u043e\u0432\u044
1000
1\u043a\u0430\u044f","\u04407989_\u041a\u0443\u043b\u0438\u043a\u043e\u0432\u0441\u043a\u0430\u044f \u0443\u043b._\u043f\u0440\u043e\u0435\u043a\u0442"],"normative":false,"professional_confirmation":f
1000
alse,"semantic_authority":"project layer-name evidence for diagnostic testing only","semantic_basis":"explicit project layer name; advisory classification","source_currentness_confirmed":false,"source
1000
_entity_type":"LWPOLYLINE","source_file":"cad_candidate.flattened.r2010.dxf","source_layer":"\u0414\u0412_\u0413\u041f_\u041f_\u0412\u043e\u0434\u043e\u043e\u0442\u0432\u043e\u0434\u043d\u044b\u0435_\
1000
u043b\u043e\u0442\u043a\u0438","source_project_id":"898ea8e86f4d","source_status":"partial prepared CAD: 45 of 47 external references embedded","street":"\u041a\u0443\u043b\u0438\u043a\u043e\u0432\u04
1000
41\u043a\u0430\u044f \u0443\u043b\u0438\u0446\u0430, \u041c\u043e\u0441\u043a\u0432\u0430","suggestion_confidence":"high"},"role":"asset","schema_version":1,"type_id":"net.tray"}
  0
LWPOLYLINE
  5
248
330
17
100
AcDbEntity
  8
GC_DRAINAGE_TRAY
100
AcDbPolyline
 90
4
 70
1
 10
4133.289967025113
 20
-10576.487203178469
 10
4133.38855700926
 20
-10576.25746435366
 10
4133.848034981979
 20
-10576.454644455562
 10
4133.749421538753
 20
-10576.684373485203
1001
GREENCAD_EDIT_V1
1000
{"geometry_role":"OUTER_CONTOUR","id":"kul-tray:000437:ba14b79eb23b","properties":{"missing_external_references":["\u0410\u0421\u0423_\u041e\u0414\u0421_\u041a\u0443\u043b\u0438\u043a\u043e\u0432\u044
1000
1\u043a\u0430\u044f","\u04407989_\u041a\u0443\u043b\u0438\u043a\u043e\u0432\u0441\u043a\u0430\u044f \u0443\u043b._\u043f\u0440\u043e\u0435\u043a\u0442"],"normative":false,"professional_confirmation":f
1000
alse,"semantic_authority":"project layer-name evidence for diagnostic testing only","semantic_basis":"explicit project layer name; advisory classification","source_currentness_confirmed":false,"source
1000
_entity_type":"LWPOLYLINE","source_file":"cad_candidate.flattened.r2010.dxf","source_layer":"\u0414\u0412_\u0413\u041f_\u041f_\u0412\u043e\u0434\u043e\u043e\u0442\u0432\u043e\u0434\u043d\u044b\u0435_\
1000
u043b\u043e\u0442\u043a\u0438","source_project_id":"898ea8e86f4d","source_status":"partial prepared CAD: 45 of 47 external references embedded","street":"\u041a\u0443\u043b\u0438\u043a\u043e\u0432\u04
1000
41\u043a\u0430\u044f \u0443\u043b\u0438\u0446\u0430, \u041c\u043e\u0441\u043a\u0432\u0430","suggestion_confidence":"high"},"role":"asset","schema_version":1,"type_id":"net.tray"}
  0
LWPOLYLINE
  5
249
330
17
100
AcDbEntity
  8
GC_DRAINAGE_TRAY
100
AcDbPolyline
 90
4
 70
1
 10
4133.749444899237
 20
-10576.68438351012
 10
4133.848034883384
 20
-10576.454644685313
 10
4134.307512856103
 20
-10576.651824787214
 10
4134.208899412877
 20
-10576.881553816855
1001
GREENCAD_EDIT_V1
1000
{"geometry_role":"OUTER_CONTOUR","id":"kul-tray:000438:bcb3ff22c8a3","properties":{"missing_external_references":["\u0410\u0421\u0423_\u041e\u0414\u0421_\u041a\u0443\u043b\u0438\u043a\u043e\u0432\u044
1000
1\u043a\u0430\u044f","\u04407989_\u041a\u0443\u043b\u0438\u043a\u043e\u0432\u0441\u043a\u0430\u044f \u0443\u043b._\u043f\u0440\u043e\u0435\u043a\u0442"],"normative":false,"professional_confirmation":f
1000
alse,"semantic_authority":"project layer-name evidence for diagnostic testing only","semantic_basis":"explicit project layer name; advisory classification","source_currentness_confirmed":false,"source
1000
_entity_type":"LWPOLYLINE","source_file":"cad_candidate.flattened.r2010.dxf","source_layer":"\u0414\u0412_\u0413\u041f_\u041f_\u0412\u043e\u0434\u043e\u043e\u0442\u0432\u043e\u0434\u043d\u044b\u0435_\
1000
u043b\u043e\u0442\u043a\u0438","source_project_id":"898ea8e86f4d","source_status":"partial prepared CAD: 45 of 47 external references embedded","street":"\u041a\u0443\u043b\u0438\u043a\u043e\u0432\u04
1000
41\u043a\u0430\u044f \u0443\u043b\u0438\u0446\u0430, \u041c\u043e\u0441\u043a\u0432\u0430","suggestion_confidence":"high"},"role":"asset","schema_version":1,"type_id":"net.tray"}
  0
LWPOLYLINE
  5
24A
330
17
100
AcDbEntity
  8
GC_DRAINAGE_TRAY
100
AcDbPolyline
 90
4
 70
1
 10
4134.208922773361
 20
-10576.881563841773
 10
4134.307512757508
 20
-10576.651825016965
 10
4134.766990730228
 20
-10576.849005118866
 10
4134.668377287002
 20
-10577.078734148507
1001
GREENCAD_EDIT_V1
1000
{"geometry_role":"OUTER_CONTOUR","id":"kul-tray:000439:7dfa6576922b","properties":{"missing_external_references":["\u0410\u0421\u0423_\u041e\u0414\u0421_\u041a\u0443\u043b\u0438\u043a\u043e\u0432\u044
1000
1\u043a\u0430\u044f","\u04407989_\u041a\u0443\u043b\u0438\u043a\u043e\u0432\u0441\u043a\u0430\u044f \u0443\u043b._\u043f\u0440\u043e\u0435\u043a\u0442"],"normative":false,"professional_confirmation":f
1000
alse,"semantic_authority":"project layer-name evidence for diagnostic testing only","semantic_basis":"explicit project layer name; advisory classification","source_currentness_confirmed":false,"source
1000
_entity_type":"LWPOLYLINE","source_file":"cad_candidate.flattened.r2010.dxf","source_layer":"\u0414\u0412_\u0413\u041f_\u041f_\u0412\u043e\u0434\u043e\u043e\u0442\u0432\u043e\u0434\u043d\u044b\u0435_\
1000
u043b\u043e\u0442\u043a\u0438","source_project_id":"898ea8e86f4d","source_status":"partial prepared CAD: 45 of 47 external references embedded","street":"\u041a\u0443\u043b\u0438\u043a\u043e\u0432\u04
1000
41\u043a\u0430\u044f \u0443\u043b\u0438\u0446\u0430, \u041c\u043e\u0441\u043a\u0432\u0430","suggestion_confidence":"high"},"role":"asset","schema_version":1,"type_id":"net.tray"}
  0
LWPOLYLINE
  5
24B
330
17
100
AcDbEntity
  8
GC_DRAINAGE_TRAY
100
AcDbPolyline
 90
4
 70
1
 10
4134.668400647485
 20
-10577.078744173425
 10
4134.766990631632
 20
-10576.849005348617
 10
4135.226468604352
 20
-10577.046185450517
 10
4135.127855161126
 20
-10577.275914480158
1001
GREENCAD_EDIT_V1
1000
{"geometry_role":"OUTER_CONTOUR","id":"kul-tray:000440:2de88fe70e0f","properties":{"missing_external_references":["\u0410\u0421\u0423_\u041e\u0414\u0421_\u041a\u0443\u043b\u0438\u043a\u043e\u0432\u044
1000
1\u043a\u0430\u044f","\u04407989_\u041a\u0443\u043b\u0438\u043a\u043e\u0432\u0441\u043a\u0430\u044f \u0443\u043b._\u043f\u0440\u043e\u0435\u043a\u0442"],"normative":false,"professional_confirmation":f
1000
alse,"semantic_authority":"project layer-name evidence for diagnostic testing only","semantic_basis":"explicit project layer name; advisory classification","source_currentness_confirmed":false,"source
1000
_entity_type":"LWPOLYLINE","source_file":"cad_candidate.flattened.r2010.dxf","source_layer":"\u0414\u0412_\u0413\u041f_\u041f_\u0412\u043e\u0434\u043e\u043e\u0442\u0432\u043e\u0434\u043d\u044b\u0435_\
1000
u043b\u043e\u0442\u043a\u0438","source_project_id":"898ea8e86f4d","source_status":"partial prepared CAD: 45 of 47 external references embedded","street":"\u041a\u0443\u043b\u0438\u043a\u043e\u0432\u04
1000
41\u043a\u0430\u044f \u0443\u043b\u0438\u0446\u0430, \u041c\u043e\u0441\u043a\u0432\u0430","suggestion_confidence":"high"},"role":"asset","schema_version":1,"type_id":"net.tray"}
  0
LWPOLYLINE
  5
24C
330
17
100
AcDbEntity
  8
GC_DRAINAGE_TRAY
100
AcDbPolyline
 90
4
 70
1
 10
4135.127878521609
 20
-10577.275924505077
 10
4135.226468505756
 20
-10577.046185680269
 10
4135.685946478476
 20
-10577.24336578217
 10
4135.58733303525
 20
-10577.47309481181
1001
GREENCAD_EDIT_V1
1000
{"geometry_role":"OUTER_CONTOUR","id":"kul-tray:000441:3066529d68e2","properties":{"missing_external_references":["\u0410\u0421\u0423_\u041e\u0414\u0421_\u041a\u0443\u043b\u0438\u043a\u043e\u0432\u044
1000
1\u043a\u0430\u044f","\u04407989_\u041a\u0443\u043b\u0438\u043a\u043e\u0432\u0441\u043a\u0430\u044f \u0443\u043b._\u043f\u0440\u043e\u0435\u043a\u0442"],"normative":false,"professional_confirmation":f
1000
alse,"semantic_authority":"project layer-name evidence for diagnostic testing only","semantic_basis":"explicit project layer name; advisory classification","source_currentness_confirmed":false,"source
1000
_entity_type":"LWPOLYLINE","source_file":"cad_candidate.flattened.r2010.dxf","source_layer":"\u0414\u0412_\u0413\u041f_\u041f_\u0412\u043e\u0434\u043e\u043e\u0442\u0432\u043e\u0434\u043d\u044b\u0435_\
1000
u043b\u043e\u0442\u043a\u0438","source_project_id":"898ea8e86f4d","source_status":"partial prepared CAD: 45 of 47 external references embedded","street":"\u041a\u0443\u043b\u0438\u043a\u043e\u0432\u04
1000
41\u043a\u0430\u044f \u0443\u043b\u0438\u0446\u0430, \u041c\u043e\u0441\u043a\u0432\u0430","suggestion_confidence":"high"},"role":"asset","schema_version":1,"type_id":"net.tray"}
  0
LWPOLYLINE
  5
24D
330
17
100
AcDbEntity
  8
GC_DRAINAGE_TRAY
100
AcDbPolyline
 90
4
 70
1
 10
4135.587356395734
 20
-10577.473104836728
 10
4135.685946379881
 20
-10577.24336601192
 10
4136.1454243526005
 20
-10577.440546113821
 10
4136.0468109093745
 20
-10577.670275143462
1001
GREENCAD_EDIT_V1
1000
{"geometry_role":"OUTER_CONTOUR","id":"kul-tray:000442:0a3a96af6e7b","properties":{"missing_external_references":["\u0410\u0421\u0423_\u041e\u0414\u0421_\u041a\u0443\u043b\u0438\u043a\u043e\u0432\u044
1000
1\u043a\u0430\u044f","\u04407989_\u041a\u0443\u043b\u0438\u043a\u043e\u0432\u0441\u043a\u0430\u044f \u0443\u043b._\u043f\u0440\u043e\u0435\u043a\u0442"],"normative":false,"professional_confirmation":f
1000
alse,"semantic_authority":"project layer-name evidence for diagnostic testing only","semantic_basis":"explicit project layer name; advisory classification","source_currentness_confirmed":false,"source
1000
_entity_type":"LWPOLYLINE","source_file":"cad_candidate.flattened.r2010.dxf","source_layer":"\u0414\u0412_\u0413\u041f_\u041f_\u0412\u043e\u0434\u043e\u043e\u0442\u0432\u043e\u0434\u043d\u044b\u0435_\
1000
u043b\u043e\u0442\u043a\u0438","source_project_id":"898ea8e86f4d","source_status":"partial prepared CAD: 45 of 47 external references embedded","street":"\u041a\u0443\u043b\u0438\u043a\u043e\u0432\u04
1000
41\u043a\u0430\u044f \u0443\u043b\u0438\u0446\u0430, \u041c\u043e\u0441\u043a\u0432\u0430","suggestion_confidence":"high"},"role":"asset","schema_version":1,"type_id":"net.tray"}
  0
LWPOLYLINE
  5
24E
330
17
100
AcDbEntity
  8
GC_DRAINAGE_TRAY
100
AcDbPolyline
 90
4
 70
1
 10
4136.046834269858
 20
-10577.67028516838
 10
4136.145424254005
 20
-10577.440546343572
 10
4136.604902226724
 20
-10577.637726445473
 10
4136.506288783498
 20
-10577.867455475114
1001
GREENCAD_EDIT_V1
1000
{"geometry_role":"OUTER_CONTOUR","id":"kul-tray:000443:99635e163880","properties":{"missing_external_references":["\u0410\u0421\u0423_\u041e\u0414\u0421_\u041a\u0443\u043b\u0438\u043a\u043e\u0432\u044
1000
1\u043a\u0430\u044f","\u04407989_\u041a\u0443\u043b\u0438\u043a\u043e\u0432\u0441\u043a\u0430\u044f \u0443\u043b._\u043f\u0440\u043e\u0435\u043a\u0442"],"normative":false,"professional_confirmation":f
1000
alse,"semantic_authority":"project layer-name evidence for diagnostic testing only","semantic_basis":"explicit project layer name; advisory classification","source_currentness_confirmed":false,"source
1000
_entity_type":"LWPOLYLINE","source_file":"cad_candidate.flattened.r2010.dxf","source_layer":"\u0414\u0412_\u0413\u041f_\u041f_\u0412\u043e\u0434\u043e\u043e\u0442\u0432\u043e\u0434\u043d\u044b\u0435_\
1000
u043b\u043e\u0442\u043a\u0438","source_project_id":"898ea8e86f4d","source_status":"partial prepared CAD: 45 of 47 external references embedded","street":"\u041a\u0443\u043b\u0438\u043a\u043e\u0432\u04
1000
41\u043a\u0430\u044f \u0443\u043b\u0438\u0446\u0430, \u041c\u043e\u0441\u043a\u0432\u0430","suggestion_confidence":"high"},"role":"asset","schema_version":1,"type_id":"net.tray"}
  0
LWPOLYLINE
  5
24F
330
17
100
AcDbEntity
  8
GC_DRAINAGE_TRAY
100
AcDbPolyline
 90
4
 70
1
 10
4136.506312143982
 20
-10577.867465500032
 10
4136.604902128129
 20
-10577.637726675224
 10
4137.064380100848
 20
-10577.834906777125
 10
4136.965766657622
 20
-10578.064635806766
1001
GREENCAD_EDIT_V1
1000
{"geometry_role":"OUTER_CONTOUR","id":"kul-tray:000444:2a42a7c4e3c4","properties":{"missing_external_references":["\u0410\u0421\u0423_\u041e\u0414\u0421_\u041a\u0443\u043b\u0438\u043a\u043e\u0432\u044
1000
1\u043a\u0430\u044f","\u04407989_\u041a\u0443\u043b\u0438\u043a\u043e\u0432\u0441\u043a\u0430\u044f \u0443\u043b._\u043f\u0440\u043e\u0435\u043a\u0442"],"normative":false,"professional_confirmation":f
1000
alse,"semantic_authority":"project layer-name evidence for diagnostic testing only","semantic_basis":"explicit project layer name; advisory classification","source_currentness_confirmed":false,"source
1000
_entity_type":"LWPOLYLINE","source_file":"cad_candidate.flattened.r2010.dxf","source_layer":"\u0414\u0412_\u0413\u041f_\u041f_\u0412\u043e\u0434\u043e\u043e\u0442\u0432\u043e\u0434\u043d\u044b\u0435_\
1000
u043b\u043e\u0442\u043a\u0438","source_project_id":"898ea8e86f4d","source_status":"partial prepared CAD: 45 of 47 external references embedded","street":"\u041a\u0443\u043b\u0438\u043a\u043e\u0432\u04
1000
41\u043a\u0430\u044f \u0443\u043b\u0438\u0446\u0430, \u041c\u043e\u0441\u043a\u0432\u0430","suggestion_confidence":"high"},"role":"asset","schema_version":1,"type_id":"net.tray"}
  0
LWPOLYLINE
  5
250
330
17
100
AcDbEntity
  8
GC_DRAINAGE_TRAY
100
AcDbPolyline
 90
4
 70
1
 10
4136.965790018106
 20
-10578.064645831684
 10
4137.0643800022535
 20
-10577.834907006876
 10
4137.523857974973
 20
-10578.032087108777
 10
4137.425244531747
 20
-10578.261816138418
1001
GREENCAD_EDIT_V1
1000
{"geometry_role":"OUTER_CONTOUR","id":"kul-tray:000445:4d95c830ce3f","properties":{"missing_external_references":["\u0410\u0421\u0423_\u041e\u0414\u0421_\u041a\u0443\u043b\u0438\u043a\u043e\u0432\u044
1000
1\u043a\u0430\u044f","\u04407989_\u041a\u0443\u043b\u0438\u043a\u043e\u0432\u0441\u043a\u0430\u044f \u0443\u043b._\u043f\u0440\u043e\u0435\u043a\u0442"],"normative":false,"professional_confirmation":f
1000
alse,"semantic_authority":"project layer-name evidence for diagnostic testing only","semantic_basis":"explicit project layer name; advisory classification","source_currentness_confirmed":false,"source
1000
_entity_type":"LWPOLYLINE","source_file":"cad_candidate.flattened.r2010.dxf","source_layer":"\u0414\u0412_\u0413\u041f_\u041f_\u0412\u043e\u0434\u043e\u043e\u0442\u0432\u043e\u0434\u043d\u044b\u0435_\
1000
u043b\u043e\u0442\u043a\u0438","source_project_id":"898ea8e86f4d","source_status":"partial prepared CAD: 45 of 47 external references embedded","street":"\u041a\u0443\u043b\u0438\u043a\u043e\u0432\u04
1000
41\u043a\u0430\u044f \u0443\u043b\u0438\u0446\u0430, \u041c\u043e\u0441\u043a\u0432\u0430","suggestion_confidence":"high"},"role":"asset","schema_version":1,"type_id":"net.tray"}
  0
LWPOLYLINE
  5
251
330
17
100
AcDbEntity
  8
GC_DRAINAGE_TRAY
100
AcDbPolyline
 90
4
 70
1
 10
4137.42526789223
 20
-10578.261826163334
 10
4137.523857876377
 20
-10578.032087338526
 10
4137.983335849097
 20
-10578.229267440427
 10
4137.884722405871
 20
-10578.458996470068
1001
GREENCAD_EDIT_V1
1000
{"geometry_role":"OUTER_CONTOUR","id":"kul-tray:000446:bea0077ab7f3","properties":{"missing_external_references":["\u0410\u0421\u0423_\u041e\u0414\u0421_\u041a\u0443\u043b\u0438\u043a\u043e\u0432\u044
1000
1\u043a\u0430\u044f","\u04407989_\u041a\u0443\u043b\u0438\u043a\u043e\u0432\u0441\u043a\u0430\u044f \u0443\u043b._\u043f\u0440\u043e\u0435\u043a\u0442"],"normative":false,"professional_confirmation":f
1000
alse,"semantic_authority":"project layer-name evidence for diagnostic testing only","semantic_basis":"explicit project layer name; advisory classification","source_currentness_confirmed":false,"source
1000
_entity_type":"LWPOLYLINE","source_file":"cad_candidate.flattened.r2010.dxf","source_layer":"\u0414\u0412_\u0413\u041f_\u041f_\u0412\u043e\u0434\u043e\u043e\u0442\u0432\u043e\u0434\u043d\u044b\u0435_\
1000
u043b\u043e\u0442\u043a\u0438","source_project_id":"898ea8e86f4d","source_status":"partial prepared CAD: 45 of 47 external references embedded","street":"\u041a\u0443\u043b\u0438\u043a\u043e\u0432\u04
1000
41\u043a\u0430\u044f \u0443\u043b\u0438\u0446\u0430, \u041c\u043e\u0441\u043a\u0432\u0430","suggestion_confidence":"high"},"role":"asset","schema_version":1,"type_id":"net.tray"}
  0
LWPOLYLINE
  5
252
330
17
100
AcDbEntity
  8
GC_DRAINAGE_TRAY
100
AcDbPolyline
 90
4
 70
1
 10
4137.884745766354
 20
-10578.459006494986
 10
4137.983335750501
 20
-10578.229267670178
 10
4138.442813723221
 20
-10578.426447772079
 10
4138.344200279995
 20
-10578.65617680172
1001
GREENCAD_EDIT_V1
1000
{"geometry_role":"OUTER_CONTOUR","id":"kul-tray:000447:d0a333ba5906","properties":{"missing_external_references":["\u0410\u0421\u0423_\u041e\u0414\u0421_\u041a\u0443\u043b\u0438\u043a\u043e\u0432\u044
1000
1\u043a\u0430\u044f","\u04407989_\u041a\u0443\u043b\u0438\u043a\u043e\u0432\u0441\u043a\u0430\u044f \u0443\u043b._\u043f\u0440\u043e\u0435\u043a\u0442"],"normative":false,"professional_confirmation":f
1000
alse,"semantic_authority":"project layer-name evidence for diagnostic testing only","semantic_basis":"explicit project layer name; advisory classification","source_currentness_confirmed":false,"source
1000
_entity_type":"LWPOLYLINE","source_file":"cad_candidate.flattened.r2010.dxf","source_layer":"\u0414\u0412_\u0413\u041f_\u041f_\u0412\u043e\u0434\u043e\u043e\u0442\u0432\u043e\u0434\u043d\u044b\u0435_\
1000
u043b\u043e\u0442\u043a\u0438","source_project_id":"898ea8e86f4d","source_status":"partial prepared CAD: 45 of 47 external references embedded","street":"\u041a\u0443\u043b\u0438\u043a\u043e\u0432\u04
1000
41\u043a\u0430\u044f \u0443\u043b\u0438\u0446\u0430, \u041c\u043e\u0441\u043a\u0432\u0430","suggestion_confidence":"high"},"role":"asset","schema_version":1,"type_id":"net.tray"}
  0
LWPOLYLINE
  5
253
330
17
100
AcDbEntity
  8
GC_DRAINAGE_TRAY
100
AcDbPolyline
 90
4
 70
1
 10
4138.344223640479
 20
-10578.656186826638
 10
4138.442813624626
 20
-10578.42644800183
 10
4138.9022915973455
 20
-10578.62362810373
 10
4138.80367815412
 20
-10578.853357133372
1001
GREENCAD_EDIT_V1
1000
{"geometry_role":"OUTER_CONTOUR","id":"kul-tray:000448:6c00b8fa4a0f","properties":{"missing_external_references":["\u0410\u0421\u0423_\u041e\u0414\u0421_\u041a\u0443\u043b\u0438\u043a\u043e\u0432\u044
1000
1\u043a\u0430\u044f","\u04407989_\u041a\u0443\u043b\u0438\u043a\u043e\u0432\u0441\u043a\u0430\u044f \u0443\u043b._\u043f\u0440\u043e\u0435\u043a\u0442"],"normative":false,"professional_confirmation":f
1000
alse,"semantic_authority":"project layer-name evidence for diagnostic testing only","semantic_basis":"explicit project layer name; advisory classification","source_currentness_confirmed":false,"source
1000
_entity_type":"LWPOLYLINE","source_file":"cad_candidate.flattened.r2010.dxf","source_layer":"\u0414\u0412_\u0413\u041f_\u041f_\u0412\u043e\u0434\u043e\u043e\u0442\u0432\u043e\u0434\u043d\u044b\u0435_\
1000
u043b\u043e\u0442\u043a\u0438","source_project_id":"898ea8e86f4d","source_status":"partial prepared CAD: 45 of 47 external references embedded","street":"\u041a\u0443\u043b\u0438\u043a\u043e\u0432\u04
1000
41\u043a\u0430\u044f \u0443\u043b\u0438\u0446\u0430, \u041c\u043e\u0441\u043a\u0432\u0430","suggestion_confidence":"high"},"role":"asset","schema_version":1,"type_id":"net.tray"}
  0
LWPOLYLINE
  5
254
330
17
100
AcDbEntity
  8
GC_DRAINAGE_TRAY
100
AcDbPolyline
 90
4
 70
1
 10
4138.803701514603
 20
-10578.85336715829
 10
4138.90229149875
 20
-10578.623628333482
 10
4139.361769471469
 20
-10578.820808435383
 10
4139.263156028243
 20
-10579.050537465024
1001
GREENCAD_EDIT_V1
1000
{"geometry_role":"OUTER_CONTOUR","id":"kul-tray:000449:68fcc6b430c1","properties":{"missing_external_references":["\u0410\u0421\u0423_\u041e\u0414\u0421_\u041a\u0443\u043b\u0438\u043a\u043e\u0432\u044
1000
1\u043a\u0430\u044f","\u04407989_\u041a\u0443\u043b\u0438\u043a\u043e\u0432\u0441\u043a\u0430\u044f \u0443\u043b._\u043f\u0440\u043e\u0435\u043a\u0442"],"normative":false,"professional_confirmation":f
1000
alse,"semantic_authority":"project layer-name evidence for diagnostic testing only","semantic_basis":"explicit project layer name; advisory classification","source_currentness_confirmed":false,"source
1000
_entity_type":"LWPOLYLINE","source_file":"cad_candidate.flattened.r2010.dxf","source_layer":"\u0414\u0412_\u0413\u041f_\u041f_\u0412\u043e\u0434\u043e\u043e\u0442\u0432\u043e\u0434\u043d\u044b\u0435_\
1000
u043b\u043e\u0442\u043a\u0438","source_project_id":"898ea8e86f4d","source_status":"partial prepared CAD: 45 of 47 external references embedded","street":"\u041a\u0443\u043b\u0438\u043a\u043e\u0432\u04
1000
41\u043a\u0430\u044f \u0443\u043b\u0438\u0446\u0430, \u041c\u043e\u0441\u043a\u0432\u0430","suggestion_confidence":"high"},"role":"asset","schema_version":1,"type_id":"net.tray"}
  0
LWPOLYLINE
  5
255
330
17
100
AcDbEntity
  8
GC_DRAINAGE_TRAY
100
AcDbPolyline
 90
4
 70
1
 10
4139.263179388728
 20
-10579.050547489942
 10
4139.361769372875
 20
-10578.820808665134
 10
4139.821247345594
 20
-10579.017988767035
 10
4139.722633902368
 20
-10579.247717796676
1001
GREENCAD_EDIT_V1
1000
{"geometry_role":"OUTER_CONTOUR","id":"kul-tray:000450:342d7549a40e","properties":{"missing_external_references":["\u0410\u0421\u0423_\u041e\u0414\u0421_\u041a\u0443\u043b\u0438\u043a\u043e\u0432\u044
1000
1\u043a\u0430\u044f","\u04407989_\u041a\u0443\u043b\u0438\u043a\u043e\u0432\u0441\u043a\u0430\u044f \u0443\u043b._\u043f\u0440\u043e\u0435\u043a\u0442"],"normative":false,"professional_confirmation":f
1000
alse,"semantic_authority":"project layer-name evidence for diagnostic testing only","semantic_basis":"explicit project layer name; advisory classification","source_currentness_confirmed":false,"source
1000
_entity_type":"LWPOLYLINE","source_file":"cad_candidate.flattened.r2010.dxf","source_layer":"\u0414\u0412_\u0413\u041f_\u041f_\u0412\u043e\u0434\u043e\u043e\u0442\u0432\u043e\u0434\u043d\u044b\u0435_\
1000
u043b\u043e\u0442\u043a\u0438","source_project_id":"898ea8e86f4d","source_status":"partial prepared CAD: 45 of 47 external references embedded","street":"\u041a\u0443\u043b\u0438\u043a\u043e\u0432\u04
1000
41\u043a\u0430\u044f \u0443\u043b\u0438\u0446\u0430, \u041c\u043e\u0441\u043a\u0432\u0430","suggestion_confidence":"high"},"role":"asset","schema_version":1,"type_id":"net.tray"}
  0
LWPOLYLINE
  5
256
330
17
100
AcDbEntity
  8
GC_DRAINAGE_TRAY
100
AcDbPolyline
 90
4
 70
1
 10
4139.7226572628515
 20
-10579.247727821594
 10
4139.821247246999
 20
-10579.017988996786
 10
4140.280725219718
 20
-10579.215169098687
 10
4140.182111776492
 20
-10579.444898128328
1001
GREENCAD_EDIT_V1
1000
{"geometry_role":"OUTER_CONTOUR","id":"kul-tray:000451:68efc0784026","properties":{"missing_external_references":["\u0410\u0421\u0423_\u041e\u0414\u0421_\u041a\u0443\u043b\u0438\u043a\u043e\u0432\u044
1000
1\u043a\u0430\u044f","\u04407989_\u041a\u0443\u043b\u0438\u043a\u043e\u0432\u0441\u043a\u0430\u044f \u0443\u043b._\u043f\u0440\u043e\u0435\u043a\u0442"],"normative":false,"professional_confirmation":f
1000
alse,"semantic_authority":"project layer-name evidence for diagnostic testing only","semantic_basis":"explicit project layer name; advisory classification","source_currentness_confirmed":false,"source
1000
_entity_type":"LWPOLYLINE","source_file":"cad_candidate.flattened.r2010.dxf","source_layer":"\u0414\u0412_\u0413\u041f_\u041f_\u0412\u043e\u0434\u043e\u043e\u0442\u0432\u043e\u0434\u043d\u044b\u0435_\
1000
u043b\u043e\u0442\u043a\u0438","source_project_id":"898ea8e86f4d","source_status":"partial prepared CAD: 45 of 47 external references embedded","street":"\u041a\u0443\u043b\u0438\u043a\u043e\u0432\u04
1000
41\u043a\u0430\u044f \u0443\u043b\u0438\u0446\u0430, \u041c\u043e\u0441\u043a\u0432\u0430","suggestion_confidence":"high"},"role":"asset","schema_version":1,"type_id":"net.tray"}
  0
LWPOLYLINE
  5
257
330
17
100
AcDbEntity
  8
GC_DRAINAGE_TRAY
100
AcDbPolyline
 90
4
 70
1
 10
4140.182135136975
 20
-10579.444908153246
 10
4140.2807251211225
 20
-10579.215169328438
 10
4140.740203093842
 20
-10579.412349430339
 10
4140.641589650616
 20
-10579.64207845998
1001
GREENCAD_EDIT_V1
1000
{"geometry_role":"OUTER_CONTOUR","id":"kul-tray:000452:0f4a49ee241a","properties":{"missing_external_references":["\u0410\u0421\u0423_\u041e\u0414\u0421_\u041a\u0443\u043b\u0438\u043a\u043e\u0432\u044
1000
1\u043a\u0430\u044f","\u04407989_\u041a\u0443\u043b\u0438\u043a\u043e\u0432\u0441\u043a\u0430\u044f \u0443\u043b._\u043f\u0440\u043e\u0435\u043a\u0442"],"normative":false,"professional_confirmation":f
1000
alse,"semantic_authority":"project layer-name evidence for diagnostic testing only","semantic_basis":"explicit project layer name; advisory classification","source_currentness_confirmed":false,"source
1000
_entity_type":"LWPOLYLINE","source_file":"cad_candidate.flattened.r2010.dxf","source_layer":"\u0414\u0412_\u0413\u041f_\u041f_\u0412\u043e\u0434\u043e\u043e\u0442\u0432\u043e\u0434\u043d\u044b\u0435_\
1000
u043b\u043e\u0442\u043a\u0438","source_project_id":"898ea8e86f4d","source_status":"partial prepared CAD: 45 of 47 external references embedded","street":"\u041a\u0443\u043b\u0438\u043a\u043e\u0432\u04
1000
41\u043a\u0430\u044f \u0443\u043b\u0438\u0446\u0430, \u041c\u043e\u0441\u043a\u0432\u0430","suggestion_confidence":"high"},"role":"asset","schema_version":1,"type_id":"net.tray"}
  0
LWPOLYLINE
  5
258
330
17
100
AcDbEntity
  8
GC_DRAINAGE_TRAY
100
AcDbPolyline
 90
4
 70
1
 10
4140.6416130111
 20
-10579.642088484898
 10
4140.740202995247
 20
-10579.41234966009
 10
4141.199680967967
 20
-10579.60952976199
 10
4141.101067524741
 20
-10579.839258791631
1001
GREENCAD_EDIT_V1
1000
{"geometry_role":"OUTER_CONTOUR","id":"kul-tray:000453:be794c18b1b4","properties":{"missing_external_references":["\u0410\u0421\u0423_\u041e\u0414\u0421_\u041a\u0443\u043b\u0438\u043a\u043e\u0432\u044
1000
1\u043a\u0430\u044f","\u04407989_\u041a\u0443\u043b\u0438\u043a\u043e\u0432\u0441\u043a\u0430\u044f \u0443\u043b._\u043f\u0440\u043e\u0435\u043a\u0442"],"normative":false,"professional_confirmation":f
1000
alse,"semantic_authority":"project layer-name evidence for diagnostic testing only","semantic_basis":"explicit project layer name; advisory classification","source_currentness_confirmed":false,"source
1000
_entity_type":"LWPOLYLINE","source_file":"cad_candidate.flattened.r2010.dxf","source_layer":"\u0414\u0412_\u0413\u041f_\u041f_\u0412\u043e\u0434\u043e\u043e\u0442\u0432\u043e\u0434\u043d\u044b\u0435_\
1000
u043b\u043e\u0442\u043a\u0438","source_project_id":"898ea8e86f4d","source_status":"partial prepared CAD: 45 of 47 external references embedded","street":"\u041a\u0443\u043b\u0438\u043a\u043e\u0432\u04
1000
41\u043a\u0430\u044f \u0443\u043b\u0438\u0446\u0430, \u041c\u043e\u0441\u043a\u0432\u0430","suggestion_confidence":"high"},"role":"asset","schema_version":1,"type_id":"net.tray"}
  0
LWPOLYLINE
  5
259
330
17
100
AcDbEntity
  8
GC_DRAINAGE_TRAY
100
AcDbPolyline
 90
4
 70
1
 10
4141.101090885224
 20
-10579.83926881655
 10
4141.199680869371
 20
-10579.609529991742
 10
4141.659158842091
 20
-10579.806710093642
 10
4141.560545398865
 20
-10580.036439123283
1001
GREENCAD_EDIT_V1
1000
{"geometry_role":"OUTER_CONTOUR","id":"kul-tray:000454:9e42b89443cc","properties":{"missing_external_references":["\u0410\u0421\u0423_\u041e\u0414\u0421_\u041a\u0443\u043b\u0438\u043a\u043e\u0432\u044
1000
1\u043a\u0430\u044f","\u04407989_\u041a\u0443\u043b\u0438\u043a\u043e\u0432\u0441\u043a\u0430\u044f \u0443\u043b._\u043f\u0440\u043e\u0435\u043a\u0442"],"normative":false,"professional_confirmation":f
1000
alse,"semantic_authority":"project layer-name evidence for diagnostic testing only","semantic_basis":"explicit project layer name; advisory classification","source_currentness_confirmed":false,"source
1000
_entity_type":"LWPOLYLINE","source_file":"cad_candidate.flattened.r2010.dxf","source_layer":"\u0414\u0412_\u0413\u041f_\u041f_\u0412\u043e\u0434\u043e\u043e\u0442\u0432\u043e\u0434\u043d\u044b\u0435_\
1000
u043b\u043e\u0442\u043a\u0438","source_project_id":"898ea8e86f4d","source_status":"partial prepared CAD: 45 of 47 external references embedded","street":"\u041a\u0443\u043b\u0438\u043a\u043e\u0432\u04
1000
41\u043a\u0430\u044f \u0443\u043b\u0438\u0446\u0430, \u041c\u043e\u0441\u043a\u0432\u0430","suggestion_confidence":"high"},"role":"asset","schema_version":1,"type_id":"net.tray"}
  0
LWPOLYLINE
  5
25A
330
17
100
AcDbEntity
  8
GC_DRAINAGE_TRAY
100
AcDbPolyline
 90
4
 70
1
 10
4141.560568759349
 20
-10580.0364491482
 10
4141.659158743496
 20
-10579.806710323392
 10
4142.118636716215
 20
-10580.003890425292
 10
4142.020023272989
 20
-10580.233619454933
1001
GREENCAD_EDIT_V1
1000
{"geometry_role":"OUTER_CONTOUR","id":"kul-tray:000455:d0d28bf66b4f","properties":{"missing_external_references":["\u0410\u0421\u0423_\u041e\u0414\u0421_\u041a\u0443\u043b\u0438\u043a\u043e\u0432\u044
1000
1\u043a\u0430\u044f","\u04407989_\u041a\u0443\u043b\u0438\u043a\u043e\u0432\u0441\u043a\u0430\u044f \u0443\u043b._\u043f\u0440\u043e\u0435\u043a\u0442"],"normative":false,"professional_confirmation":f
1000
alse,"semantic_authority":"project layer-name evidence for diagnostic testing only","semantic_basis":"explicit project layer name; advisory classification","source_currentness_confirmed":false,"source
1000
_entity_type":"LWPOLYLINE","source_file":"cad_candidate.flattened.r2010.dxf","source_layer":"\u0414\u0412_\u0413\u041f_\u041f_\u0412\u043e\u0434\u043e\u043e\u0442\u0432\u043e\u0434\u043d\u044b\u0435_\
1000
u043b\u043e\u0442\u043a\u0438","source_project_id":"898ea8e86f4d","source_status":"partial prepared CAD: 45 of 47 external references embedded","street":"\u041a\u0443\u043b\u0438\u043a\u043e\u0432\u04
1000
41\u043a\u0430\u044f \u0443\u043b\u0438\u0446\u0430, \u041c\u043e\u0441\u043a\u0432\u0430","suggestion_confidence":"high"},"role":"asset","schema_version":1,"type_id":"net.tray"}
  0
LWPOLYLINE
  5
25B
330
17
100
AcDbEntity
  8
GC_DRAINAGE_TRAY
100
AcDbPolyline
 90
4
 70
1
 10
4142.020046633473
 20
-10580.233629479852
 10
4142.11863661762
 20
-10580.003890655044
 10
4142.578114590339
 20
-10580.201070756944
 10
4142.479501147113
 20
-10580.430799786585
1001
GREENCAD_EDIT_V1
1000
{"geometry_role":"OUTER_CONTOUR","id":"kul-tray:000456:17599d6c7645","properties":{"missing_external_references":["\u0410\u0421\u0423_\u041e\u0414\u0421_\u041a\u0443\u043b\u0438\u043a\u043e\u0432\u044
1000
1\u043a\u0430\u044f","\u04407989_\u041a\u0443\u043b\u0438\u043a\u043e\u0432\u0441\u043a\u0430\u044f \u0443\u043b._\u043f\u0440\u043e\u0435\u043a\u0442"],"normative":false,"professional_confirmation":f
1000
alse,"semantic_authority":"project layer-name evidence for diagnostic testing only","semantic_basis":"explicit project layer name; advisory classification","source_currentness_confirmed":false,"source
1000
_entity_type":"LWPOLYLINE","source_file":"cad_candidate.flattened.r2010.dxf","source_layer":"\u0414\u0412_\u0413\u041f_\u041f_\u0412\u043e\u0434\u043e\u043e\u0442\u0432\u043e\u0434\u043d\u044b\u0435_\
1000
u043b\u043e\u0442\u043a\u0438","source_project_id":"898ea8e86f4d","source_status":"partial prepared CAD: 45 of 47 external references embedded","street":"\u041a\u0443\u043b\u0438\u043a\u043e\u0432\u04
1000
41\u043a\u0430\u044f \u0443\u043b\u0438\u0446\u0430, \u041c\u043e\u0441\u043a\u0432\u0430","suggestion_confidence":"high"},"role":"asset","schema_version":1,"type_id":"net.tray"}
  0
LWPOLYLINE
  5
25C
330
17
100
AcDbEntity
  8
GC_DRAINAGE_TRAY
100
AcDbPolyline
 90
4
 70
1
 10
4142.479524507597
 20
-10580.430809811503
 10
4142.578114491744
 20
-10580.201070986695
 10
4143.037592464463
 20
-10580.398251088596
 10
4142.938979021237
 20
-10580.627980118237
1001
GREENCAD_EDIT_V1
1000
{"geometry_role":"OUTER_CONTOUR","id":"kul-tray:000457:abf838e30092","properties":{"missing_external_references":["\u0410\u0421\u0423_\u041e\u0414\u0421_\u041a\u0443\u043b\u0438\u043a\u043e\u0432\u044
1000
1\u043a\u0430\u044f","\u04407989_\u041a\u0443\u043b\u0438\u043a\u043e\u0432\u0441\u043a\u0430\u044f \u0443\u043b._\u043f\u0440\u043e\u0435\u043a\u0442"],"normative":false,"professional_confirmation":f
1000
alse,"semantic_authority":"project layer-name evidence for diagnostic testing only","semantic_basis":"explicit project layer name; advisory classification","source_currentness_confirmed":false,"source
1000
_entity_type":"LWPOLYLINE","source_file":"cad_candidate.flattened.r2010.dxf","source_layer":"\u0414\u0412_\u0413\u041f_\u041f_\u0412\u043e\u0434\u043e\u043e\u0442\u0432\u043e\u0434\u043d\u044b\u0435_\
1000
u043b\u043e\u0442\u043a\u0438","source_project_id":"898ea8e86f4d","source_status":"partial prepared CAD: 45 of 47 external references embedded","street":"\u041a\u0443\u043b\u0438\u043a\u043e\u0432\u04
1000
41\u043a\u0430\u044f \u0443\u043b\u0438\u0446\u0430, \u041c\u043e\u0441\u043a\u0432\u0430","suggestion_confidence":"high"},"role":"asset","schema_version":1,"type_id":"net.tray"}
  0
LWPOLYLINE
  5
25D
330
17
100
AcDbEntity
  8
GC_DRAINAGE_TRAY
100
AcDbPolyline
 90
4
 70
1
 10
4142.939002381721
 20
-10580.627990143155
 10
4143.0375923658685
 20
-10580.398251318347
 10
4143.497070338588
 20
-10580.595431420248
 10
4143.398456895362
 20
-10580.82516044989
1001
GREENCAD_EDIT_V1
1000
{"geometry_role":"OUTER_CONTOUR","id":"kul-tray:000458:c4233fa99f51","properties":{"missing_external_references":["\u0410\u0421\u0423_\u041e\u0414\u0421_\u041a\u0443\u043b\u0438\u043a\u043e\u0432\u044
1000
1\u043a\u0430\u044f","\u04407989_\u041a\u0443\u043b\u0438\u043a\u043e\u0432\u0441\u043a\u0430\u044f \u0443\u043b._\u043f\u0440\u043e\u0435\u043a\u0442"],"normative":false,"professional_confirmation":f
1000
alse,"semantic_authority":"project layer-name evidence for diagnostic testing only","semantic_basis":"explicit project layer name; advisory classification","source_currentness_confirmed":false,"source
1000
_entity_type":"LWPOLYLINE","source_file":"cad_candidate.flattened.r2010.dxf","source_layer":"\u0414\u0412_\u0413\u041f_\u041f_\u0412\u043e\u0434\u043e\u043e\u0442\u0432\u043e\u0434\u043d\u044b\u0435_\
1000
u043b\u043e\u0442\u043a\u0438","source_project_id":"898ea8e86f4d","source_status":"partial prepared CAD: 45 of 47 external references embedded","street":"\u041a\u0443\u043b\u0438\u043a\u043e\u0432\u04
1000
41\u043a\u0430\u044f \u0443\u043b\u0438\u0446\u0430, \u041c\u043e\u0441\u043a\u0432\u0430","suggestion_confidence":"high"},"role":"asset","schema_version":1,"type_id":"net.tray"}
  0
LWPOLYLINE
  5
25E
330
17
100
AcDbEntity
  8
GC_DRAINAGE_TRAY
100
AcDbPolyline
 90
4
 70
1
 10
4143.398480255845
 20
-10580.825170474807
 10
4143.497070239992
 20
-10580.59543165
 10
4143.956548212712
 20
-10580.7926117519
 10
4143.857934769486
 20
-10581.022340781541
1001
GREENCAD_EDIT_V1
1000
{"geometry_role":"OUTER_CONTOUR","id":"kul-tray:000459:7b0279c7bd34","properties":{"missing_external_references":["\u0410\u0421\u0423_\u041e\u0414\u0421_\u041a\u0443\u043b\u0438\u043a\u043e\u0432\u044
1000
1\u043a\u0430\u044f","\u04407989_\u041a\u0443\u043b\u0438\u043a\u043e\u0432\u0441\u043a\u0430\u044f \u0443\u043b._\u043f\u0440\u043e\u0435\u043a\u0442"],"normative":false,"professional_confirmation":f
1000
alse,"semantic_authority":"project layer-name evidence for diagnostic testing only","semantic_basis":"explicit project layer name; advisory classification","source_currentness_confirmed":false,"source
1000
_entity_type":"LWPOLYLINE","source_file":"cad_candidate.flattened.r2010.dxf","source_layer":"\u0414\u0412_\u0413\u041f_\u041f_\u0412\u043e\u0434\u043e\u043e\u0442\u0432\u043e\u0434\u043d\u044b\u0435_\
1000
u043b\u043e\u0442\u043a\u0438","source_project_id":"898ea8e86f4d","source_status":"partial prepared CAD: 45 of 47 external references embedded","street":"\u041a\u0443\u043b\u0438\u043a\u043e\u0432\u04
1000
41\u043a\u0430\u044f \u0443\u043b\u0438\u0446\u0430, \u041c\u043e\u0441\u043a\u0432\u0430","suggestion_confidence":"high"},"role":"asset","schema_version":1,"type_id":"net.tray"}
  0
LWPOLYLINE
  5
25F
330
17
100
AcDbEntity
  8
GC_DRAINAGE_TRAY
100
AcDbPolyline
 90
4
 70
1
 10
4143.85795812997
 20
-10581.02235080646
 10
4143.956548114117
 20
-10580.792611981651
 10
4144.416026086837
 20
-10580.989792083552
 10
4144.317412643611
 20
-10581.219521113193
1001
GREENCAD_EDIT_V1
1000
{"geometry_role":"OUTER_CONTOUR","id":"kul-tray:000460:1e66ba250bdc","properties":{"missing_external_references":["\u0410\u0421\u0423_\u041e\u0414\u0421_\u041a\u0443\u043b\u0438\u043a\u043e\u0432\u044
1000
1\u043a\u0430\u044f","\u04407989_\u041a\u0443\u043b\u0438\u043a\u043e\u0432\u0441\u043a\u0430\u044f \u0443\u043b._\u043f\u0440\u043e\u0435\u043a\u0442"],"normative":false,"professional_confirmation":f
1000
alse,"semantic_authority":"project layer-name evidence for diagnostic testing only","semantic_basis":"explicit project layer name; advisory classification","source_currentness_confirmed":false,"source
1000
_entity_type":"LWPOLYLINE","source_file":"cad_candidate.flattened.r2010.dxf","source_layer":"\u0414\u0412_\u0413\u041f_\u041f_\u0412\u043e\u0434\u043e\u043e\u0442\u0432\u043e\u0434\u043d\u044b\u0435_\
1000
u043b\u043e\u0442\u043a\u0438","source_project_id":"898ea8e86f4d","source_status":"partial prepared CAD: 45 of 47 external references embedded","street":"\u041a\u0443\u043b\u0438\u043a\u043e\u0432\u04
1000
41\u043a\u0430\u044f \u0443\u043b\u0438\u0446\u0430, \u041c\u043e\u0441\u043a\u0432\u0430","suggestion_confidence":"high"},"role":"asset","schema_version":1,"type_id":"net.tray"}
  0
LWPOLYLINE
  5
260
330
17
100
AcDbEntity
  8
GC_DRAINAGE_TRAY
100
AcDbPolyline
 90
4
 70
1
 10
4144.317436004094
 20
-10581.219531138111
 10
4144.416025988241
 20
-10580.989792313303
 10
4144.8755039609605
 20
-10581.186972415204
 10
4144.7768905177345
 20
-10581.416701444845
1001
GREENCAD_EDIT_V1
1000
{"geometry_role":"OUTER_CONTOUR","id":"kul-tray:000461:858e30a76c0f","properties":{"missing_external_references":["\u0410\u0421\u0423_\u041e\u0414\u0421_\u041a\u0443\u043b\u0438\u043a\u043e\u0432\u044
1000
1\u043a\u0430\u044f","\u04407989_\u041a\u0443\u043b\u0438\u043a\u043e\u0432\u0441\u043a\u0430\u044f \u0443\u043b._\u043f\u0440\u043e\u0435\u043a\u0442"],"normative":false,"professional_confirmation":f
1000
alse,"semantic_authority":"project layer-name evidence for diagnostic testing only","semantic_basis":"explicit project layer name; advisory classification","source_currentness_confirmed":false,"source
1000
_entity_type":"LWPOLYLINE","source_file":"cad_candidate.flattened.r2010.dxf","source_layer":"\u0414\u0412_\u0413\u041f_\u041f_\u0412\u043e\u0434\u043e\u043e\u0442\u0432\u043e\u0434\u043d\u044b\u0435_\
1000
u043b\u043e\u0442\u043a\u0438","source_project_id":"898ea8e86f4d","source_status":"partial prepared CAD: 45 of 47 external references embedded","street":"\u041a\u0443\u043b\u0438\u043a\u043e\u0432\u04
1000
41\u043a\u0430\u044f \u0443\u043b\u0438\u0446\u0430, \u041c\u043e\u0441\u043a\u0432\u0430","suggestion_confidence":"high"},"role":"asset","schema_version":1,"type_id":"net.tray"}
  0
LWPOLYLINE
  5
261
330
17
100
AcDbEntity
  8
GC_DRAINAGE_TRAY
100
AcDbPolyline
 90
4
 70
1
 10
4144.776913878218
 20
-10581.416711469763
 10
4144.875503862365
 20
-10581.186972644955
 10
4145.334981835084
 20
-10581.384152746856
 10
4145.236368391858
 20
-10581.613881776497
1001
GREENCAD_EDIT_V1
1000
{"geometry_role":"OUTER_CONTOUR","id":"kul-tray:000462:c629a1ac4004","properties":{"missing_external_references":["\u0410\u0421\u0423_\u041e\u0414\u0421_\u041a\u0443\u043b\u0438\u043a\u043e\u0432\u044
1000
1\u043a\u0430\u044f","\u04407989_\u041a\u0443\u043b\u0438\u043a\u043e\u0432\u0441\u043a\u0430\u044f \u0443\u043b._\u043f\u0440\u043e\u0435\u043a\u0442"],"normative":false,"professional_confirmation":f
1000
alse,"semantic_authority":"project layer-name evidence for diagnostic testing only","semantic_basis":"explicit project layer name; advisory classification","source_currentness_confirmed":false,"source
1000
_entity_type":"LWPOLYLINE","source_file":"cad_candidate.flattened.r2010.dxf","source_layer":"\u0414\u0412_\u0413\u041f_\u041f_\u0412\u043e\u0434\u043e\u043e\u0442\u0432\u043e\u0434\u043d\u044b\u0435_\
1000
u043b\u043e\u0442\u043a\u0438","source_project_id":"898ea8e86f4d","source_status":"partial prepared CAD: 45 of 47 external references embedded","street":"\u041a\u0443\u043b\u0438\u043a\u043e\u0432\u04
1000
41\u043a\u0430\u044f \u0443\u043b\u0438\u0446\u0430, \u041c\u043e\u0441\u043a\u0432\u0430","suggestion_confidence":"high"},"role":"asset","schema_version":1,"type_id":"net.tray"}
  0
LWPOLYLINE
  5
262
330
17
100
AcDbEntity
  8
GC_DRAINAGE_TRAY
100
AcDbPolyline
 90
4
 70
1
 10
4145.236391752343
 20
-10581.613891801415
 10
4145.33498173649
 20
-10581.384152976607
 10
4145.794459709209
 20
-10581.581333078508
 10
4145.695846265983
 20
-10581.811062108149
1001
GREENCAD_EDIT_V1
1000
{"geometry_role":"OUTER_CONTOUR","id":"kul-tray:000463:5e974fd97173","properties":{"missing_external_references":["\u0410\u0421\u0423_\u041e\u0414\u0421_\u041a\u0443\u043b\u0438\u043a\u043e\u0432\u044
1000
1\u043a\u0430\u044f","\u04407989_\u041a\u0443\u043b\u0438\u043a\u043e\u0432\u0441\u043a\u0430\u044f \u0443\u043b._\u043f\u0440\u043e\u0435\u043a\u0442"],"normative":false,"professional_confirmation":f
1000
alse,"semantic_authority":"project layer-name evidence for diagnostic testing only","semantic_basis":"explicit project layer name; advisory classification","source_currentness_confirmed":false,"source
1000
_entity_type":"LWPOLYLINE","source_file":"cad_candidate.flattened.r2010.dxf","source_layer":"\u0414\u0412_\u0413\u041f_\u041f_\u0412\u043e\u0434\u043e\u043e\u0442\u0432\u043e\u0434\u043d\u044b\u0435_\
1000
u043b\u043e\u0442\u043a\u0438","source_project_id":"898ea8e86f4d","source_status":"partial prepared CAD: 45 of 47 external references embedded","street":"\u041a\u0443\u043b\u0438\u043a\u043e\u0432\u04
1000
41\u043a\u0430\u044f \u0443\u043b\u0438\u0446\u0430, \u041c\u043e\u0441\u043a\u0432\u0430","suggestion_confidence":"high"},"role":"asset","schema_version":1,"type_id":"net.tray"}
  0
LWPOLYLINE
  5
263
330
17
100
AcDbEntity
  8
GC_DRAINAGE_TRAY
100
AcDbPolyline
 90
4
 70
1
 10
4145.695869626466
 20
-10581.811072133067
 10
4145.794459610614
 20
-10581.581333308259
 10
4146.253937583333
 20
-10581.77851341016
 10
4146.155324140107
 20
-10582.0082424398
1001
GREENCAD_EDIT_V1
1000
{"geometry_role":"OUTER_CONTOUR","id":"kul-tray:000464:df09e7048809","properties":{"missing_external_references":["\u0410\u0421\u0423_\u041e\u0414\u0421_\u041a\u0443\u043b\u0438\u043a\u043e\u0432\u044
1000
1\u043a\u0430\u044f","\u04407989_\u041a\u0443\u043b\u0438\u043a\u043e\u0432\u0441\u043a\u0430\u044f \u0443\u043b._\u043f\u0440\u043e\u0435\u043a\u0442"],"normative":false,"professional_confirmation":f
1000
alse,"semantic_authority":"project layer-name evidence for diagnostic testing only","semantic_basis":"explicit project layer name; advisory classification","source_currentness_confirmed":false,"source
1000
_entity_type":"LWPOLYLINE","source_file":"cad_candidate.flattened.r2010.dxf","source_layer":"\u0414\u0412_\u0413\u041f_\u041f_\u0412\u043e\u0434\u043e\u043e\u0442\u0432\u043e\u0434\u043d\u044b\u0435_\
1000
u043b\u043e\u0442\u043a\u0438","source_project_id":"898ea8e86f4d","source_status":"partial prepared CAD: 45 of 47 external references embedded","street":"\u041a\u0443\u043b\u0438\u043a\u043e\u0432\u04
1000
41\u043a\u0430\u044f \u0443\u043b\u0438\u0446\u0430, \u041c\u043e\u0441\u043a\u0432\u0430","suggestion_confidence":"high"},"role":"asset","schema_version":1,"type_id":"net.tray"}
  0
LWPOLYLINE
  5
264
330
17
100
AcDbEntity
  8
GC_DRAINAGE_TRAY
100
AcDbPolyline
 90
4
 70
1
 10
4146.15534750059
 20
-10582.008252464717
 10
4146.253937484737
 20
-10581.778513639909
 10
4146.713415457457
 20
-10581.97569374181
 10
4146.614802014231
 20
-10582.20542277145
1001
GREENCAD_EDIT_V1
1000
{"geometry_role":"OUTER_CONTOUR","id":"kul-tray:000465:5fa78d28b355","properties":{"missing_external_references":["\u0410\u0421\u0423_\u041e\u0414\u0421_\u041a\u0443\u043b\u0438\u043a\u043e\u0432\u044
1000
1\u043a\u0430\u044f","\u04407989_\u041a\u0443\u043b\u0438\u043a\u043e\u0432\u0441\u043a\u0430\u044f \u0443\u043b._\u043f\u0440\u043e\u0435\u043a\u0442"],"normative":false,"professional_confirmation":f
1000
alse,"semantic_authority":"project layer-name evidence for diagnostic testing only","semantic_basis":"explicit project layer name; advisory classification","source_currentness_confirmed":false,"source
1000
_entity_type":"LWPOLYLINE","source_file":"cad_candidate.flattened.r2010.dxf","source_layer":"\u0414\u0412_\u0413\u041f_\u041f_\u0412\u043e\u0434\u043e\u043e\u0442\u0432\u043e\u0434\u043d\u044b\u0435_\
1000
u043b\u043e\u0442\u043a\u0438","source_project_id":"898ea8e86f4d","source_status":"partial prepared CAD: 45 of 47 external references embedded","street":"\u041a\u0443\u043b\u0438\u043a\u043e\u0432\u04
1000
41\u043a\u0430\u044f \u0443\u043b\u0438\u0446\u0430, \u041c\u043e\u0441\u043a\u0432\u0430","suggestion_confidence":"high"},"role":"asset","schema_version":1,"type_id":"net.tray"}
  0
LWPOLYLINE
  5
265
330
17
100
AcDbEntity
  8
GC_DRAINAGE_TRAY
100
AcDbPolyline
 90
4
 70
1
 10
4146.614825374715
 20
-10582.205432796369
 10
4146.713415358862
 20
-10581.97569397156
 10
4147.172893331582
 20
-10582.172874073462
 10
4147.074279888356
 20
-10582.402603103103
1001
GREENCAD_EDIT_V1
1000
{"geometry_role":"OUTER_CONTOUR","id":"kul-tray:000466:d65e010245d3","properties":{"missing_external_references":["\u0410\u0421\u0423_\u041e\u0414\u0421_\u041a\u0443\u043b\u0438\u043a\u043e\u0432\u044
1000
1\u043a\u0430\u044f","\u04407989_\u041a\u0443\u043b\u0438\u043a\u043e\u0432\u0441\u043a\u0430\u044f \u0443\u043b._\u043f\u0440\u043e\u0435\u043a\u0442"],"normative":false,"professional_confirmation":f
1000
alse,"semantic_authority":"project layer-name evidence for diagnostic testing only","semantic_basis":"explicit project layer name; advisory classification","source_currentness_confirmed":false,"source
1000
_entity_type":"LWPOLYLINE","source_file":"cad_candidate.flattened.r2010.dxf","source_layer":"\u0414\u0412_\u0413\u041f_\u041f_\u0412\u043e\u0434\u043e\u043e\u0442\u0432\u043e\u0434\u043d\u044b\u0435_\
1000
u043b\u043e\u0442\u043a\u0438","source_project_id":"898ea8e86f4d","source_status":"partial prepared CAD: 45 of 47 external references embedded","street":"\u041a\u0443\u043b\u0438\u043a\u043e\u0432\u04
1000
41\u043a\u0430\u044f \u0443\u043b\u0438\u0446\u0430, \u041c\u043e\u0441\u043a\u0432\u0430","suggestion_confidence":"high"},"role":"asset","schema_version":1,"type_id":"net.tray"}
  0
LWPOLYLINE
  5
266
330
17
100
AcDbEntity
  8
GC_DRAINAGE_TRAY
100
AcDbPolyline
 90
4
 70
1
 10
4147.074303248839
 20
-10582.40261312802
 10
4147.172893232986
 20
-10582.172874303213
 10
4147.632371205706
 20
-10582.370054405113
 10
4147.53375776248
 20
-10582.599783434754
1001
GREENCAD_EDIT_V1
1000
{"geometry_role":"OUTER_CONTOUR","id":"kul-tray:000467:bb06e3f106c0","properties":{"missing_external_references":["\u0410\u0421\u0423_\u041e\u0414\u0421_\u041a\u0443\u043b\u0438\u043a\u043e\u0432\u044
1000
1\u043a\u0430\u044f","\u04407989_\u041a\u0443\u043b\u0438\u043a\u043e\u0432\u0441\u043a\u0430\u044f \u0443\u043b._\u043f\u0440\u043e\u0435\u043a\u0442"],"normative":false,"professional_confirmation":f
1000
alse,"semantic_authority":"project layer-name evidence for diagnostic testing only","semantic_basis":"explicit project layer name; advisory classification","source_currentness_confirmed":false,"source
1000
_entity_type":"LWPOLYLINE","source_file":"cad_candidate.flattened.r2010.dxf","source_layer":"\u0414\u0412_\u0413\u041f_\u041f_\u0412\u043e\u0434\u043e\u043e\u0442\u0432\u043e\u0434\u043d\u044b\u0435_\
1000
u043b\u043e\u0442\u043a\u0438","source_project_id":"898ea8e86f4d","source_status":"partial prepared CAD: 45 of 47 external references embedded","street":"\u041a\u0443\u043b\u0438\u043a\u043e\u0432\u04
1000
41\u043a\u0430\u044f \u0443\u043b\u0438\u0446\u0430, \u041c\u043e\u0441\u043a\u0432\u0430","suggestion_confidence":"high"},"role":"asset","schema_version":1,"type_id":"net.tray"}
  0
LWPOLYLINE
  5
267
330
17
100
AcDbEntity
  8
GC_DRAINAGE_TRAY
100
AcDbPolyline
 90
4
 70
1
 10
4147.533781122964
 20
-10582.599793459673
 10
4147.632371107111
 20
-10582.370054634865
 10
4148.09184907983
 20
-10582.567234736765
 10
4147.993235636604
 20
-10582.796963766406
1001
GREENCAD_EDIT_V1
1000
{"geometry_role":"OUTER_CONTOUR","id":"kul-tray:000468:d4c9970569e6","properties":{"missing_external_references":["\u0410\u0421\u0423_\u041e\u0414\u0421_\u041a\u0443\u043b\u0438\u043a\u043e\u0432\u044
1000
1\u043a\u0430\u044f","\u04407989_\u041a\u0443\u043b\u0438\u043a\u043e\u0432\u0441\u043a\u0430\u044f \u0443\u043b._\u043f\u0440\u043e\u0435\u043a\u0442"],"normative":false,"professional_confirmation":f
1000
alse,"semantic_authority":"project layer-name evidence for diagnostic testing only","semantic_basis":"explicit project layer name; advisory classification","source_currentness_confirmed":false,"source
1000
_entity_type":"LWPOLYLINE","source_file":"cad_candidate.flattened.r2010.dxf","source_layer":"\u0414\u0412_\u0413\u041f_\u041f_\u0412\u043e\u0434\u043e\u043e\u0442\u0432\u043e\u0434\u043d\u044b\u0435_\
1000
u043b\u043e\u0442\u043a\u0438","source_project_id":"898ea8e86f4d","source_status":"partial prepared CAD: 45 of 47 external references embedded","street":"\u041a\u0443\u043b\u0438\u043a\u043e\u0432\u04
1000
41\u043a\u0430\u044f \u0443\u043b\u0438\u0446\u0430, \u041c\u043e\u0441\u043a\u0432\u0430","suggestion_confidence":"high"},"role":"asset","schema_version":1,"type_id":"net.tray"}
  0
LWPOLYLINE
  5
268
330
17
100
AcDbEntity
  8
GC_DRAINAGE_TRAY
100
AcDbPolyline
 90
4
 70
1
 10
4147.993258997088
 20
-10582.796973791324
 10
4148.091848981235
 20
-10582.567234966516
 10
4148.551326953954
 20
-10582.764415068417
 10
4148.452713510728
 20
-10582.994144098058
1001
GREENCAD_EDIT_V1
1000
{"geometry_role":"OUTER_CONTOUR","id":"kul-tray:000469:3506776094af","properties":{"missing_external_references":["\u0410\u0421\u0423_\u041e\u0414\u0421_\u041a\u0443\u043b\u0438\u043a\u043e\u0432\u044
1000
1\u043a\u0430\u044f","\u04407989_\u041a\u0443\u043b\u0438\u043a\u043e\u0432\u0441\u043a\u0430\u044f \u0443\u043b._\u043f\u0440\u043e\u0435\u043a\u0442"],"normative":false,"professional_confirmation":f
1000
alse,"semantic_authority":"project layer-name evidence for diagnostic testing only","semantic_basis":"explicit project layer name; advisory classification","source_currentness_confirmed":false,"source
1000
_entity_type":"LWPOLYLINE","source_file":"cad_candidate.flattened.r2010.dxf","source_layer":"\u0414\u0412_\u0413\u041f_\u041f_\u0412\u043e\u0434\u043e\u043e\u0442\u0432\u043e\u0434\u043d\u044b\u0435_\
1000
u043b\u043e\u0442\u043a\u0438","source_project_id":"898ea8e86f4d","source_status":"partial prepared CAD: 45 of 47 external references embedded","street":"\u041a\u0443\u043b\u0438\u043a\u043e\u0432\u04
1000
41\u043a\u0430\u044f \u0443\u043b\u0438\u0446\u0430, \u041c\u043e\u0441\u043a\u0432\u0430","suggestion_confidence":"high"},"role":"asset","schema_version":1,"type_id":"net.tray"}
  0
LWPOLYLINE
  5
269
330
17
100
AcDbEntity
  8
GC_DRAINAGE_TRAY
100
AcDbPolyline
 90
4
 70
1
 10
4148.4527368712115
 20
-10582.994154122976
 10
4148.551326855359
 20
-10582.764415298168
 10
4149.010804828078
 20
-10582.96159540007
 10
4148.912191384852
 20
-10583.19132442971
1001
GREENCAD_EDIT_V1
1000
{"geometry_role":"OUTER_CONTOUR","id":"kul-tray:000470:15417b9f77b4","properties":{"missing_external_references":["\u0410\u0421\u0423_\u041e\u0414\u0421_\u041a\u0443\u043b\u0438\u043a\u043e\u0432\u044
1000
1\u043a\u0430\u044f","\u04407989_\u041a\u0443\u043b\u0438\u043a\u043e\u0432\u0441\u043a\u0430\u044f \u0443\u043b._\u043f\u0440\u043e\u0435\u043a\u0442"],"normative":false,"professional_confirmation":f
1000
alse,"semantic_authority":"project layer-name evidence for diagnostic testing only","semantic_basis":"explicit project layer name; advisory classification","source_currentness_confirmed":false,"source
1000
_entity_type":"LWPOLYLINE","source_file":"cad_candidate.flattened.r2010.dxf","source_layer":"\u0414\u0412_\u0413\u041f_\u041f_\u0412\u043e\u0434\u043e\u043e\u0442\u0432\u043e\u0434\u043d\u044b\u0435_\
1000
u043b\u043e\u0442\u043a\u0438","source_project_id":"898ea8e86f4d","source_status":"partial prepared CAD: 45 of 47 external references embedded","street":"\u041a\u0443\u043b\u0438\u043a\u043e\u0432\u04
1000
41\u043a\u0430\u044f \u0443\u043b\u0438\u0446\u0430, \u041c\u043e\u0441\u043a\u0432\u0430","suggestion_confidence":"high"},"role":"asset","schema_version":1,"type_id":"net.tray"}
  0
LWPOLYLINE
  5
26A
330
17
100
AcDbEntity
  8
GC_DRAINAGE_TRAY
100
AcDbPolyline
 90
4
 70
1
 10
4148.912214745336
 20
-10583.191334454628
 10
4149.010804729483
 20
-10582.96159562982
 10
4149.470282702203
 20
-10583.158775731721
 10
4149.371669258977
 20
-10583.388504761362
1001
GREENCAD_EDIT_V1
1000
{"geometry_role":"OUTER_CONTOUR","id":"kul-tray:000471:4af0d70eddbb","properties":{"missing_external_references":["\u0410\u0421\u0423_\u041e\u0414\u0421_\u041a\u0443\u043b\u0438\u043a\u043e\u0432\u044
1000
1\u043a\u0430\u044f","\u04407989_\u041a\u0443\u043b\u0438\u043a\u043e\u0432\u0441\u043a\u0430\u044f \u0443\u043b._\u043f\u0440\u043e\u0435\u043a\u0442"],"normative":false,"professional_confirmation":f
1000
alse,"semantic_authority":"project layer-name evidence for diagnostic testing only","semantic_basis":"explicit project layer name; advisory classification","source_currentness_confirmed":false,"source
1000
_entity_type":"LWPOLYLINE","source_file":"cad_candidate.flattened.r2010.dxf","source_layer":"\u0414\u0412_\u0413\u041f_\u041f_\u0412\u043e\u0434\u043e\u043e\u0442\u0432\u043e\u0434\u043d\u044b\u0435_\
1000
u043b\u043e\u0442\u043a\u0438","source_project_id":"898ea8e86f4d","source_status":"partial prepared CAD: 45 of 47 external references embedded","street":"\u041a\u0443\u043b\u0438\u043a\u043e\u0432\u04
1000
41\u043a\u0430\u044f \u0443\u043b\u0438\u0446\u0430, \u041c\u043e\u0441\u043a\u0432\u0430","suggestion_confidence":"high"},"role":"asset","schema_version":1,"type_id":"net.tray"}
  0
LWPOLYLINE
  5
26B
330
17
100
AcDbEntity
  8
GC_DRAINAGE_TRAY
100
AcDbPolyline
 90
4
 70
1
 10
4149.37169261946
 20
-10583.38851478628
 10
4149.470282603607
 20
-10583.158775961472
 10
4149.929760576327
 20
-10583.355956063373
 10
4149.831147133101
 20
-10583.585685093014
1001
GREENCAD_EDIT_V1
1000
{"geometry_role":"OUTER_CONTOUR","id":"kul-tray:000472:dd0e06250e80","properties":{"missing_external_references":["\u0410\u0421\u0423_\u041e\u0414\u0421_\u041a\u0443\u043b\u0438\u043a\u043e\u0432\u044
1000
1\u043a\u0430\u044f","\u04407989_\u041a\u0443\u043b\u0438\u043a\u043e\u0432\u0441\u043a\u0430\u044f \u0443\u043b._\u043f\u0440\u043e\u0435\u043a\u0442"],"normative":false,"professional_confirmation":f
1000
alse,"semantic_authority":"project layer-name evidence for diagnostic testing only","semantic_basis":"explicit project layer name; advisory classification","source_currentness_confirmed":false,"source
1000
_entity_type":"LWPOLYLINE","source_file":"cad_candidate.flattened.r2010.dxf","source_layer":"\u0414\u0412_\u0413\u041f_\u041f_\u0412\u043e\u0434\u043e\u043e\u0442\u0432\u043e\u0434\u043d\u044b\u0435_\
1000
u043b\u043e\u0442\u043a\u0438","source_project_id":"898ea8e86f4d","source_status":"partial prepared CAD: 45 of 47 external references embedded","street":"\u041a\u0443\u043b\u0438\u043a\u043e\u0432\u04
1000
41\u043a\u0430\u044f \u0443\u043b\u0438\u0446\u0430, \u041c\u043e\u0441\u043a\u0432\u0430","suggestion_confidence":"high"},"role":"asset","schema_version":1,"type_id":"net.tray"}
  0
LWPOLYLINE
  5
26C
330
17
100
AcDbEntity
  8
GC_DRAINAGE_TRAY
100
AcDbPolyline
 90
4
 70
1
 10
4149.831170493585
 20
-10583.585695117932
 10
4149.929760477732
 20
-10583.355956293124
 10
4150.389238450452
 20
-10583.553136395025
 10
4150.290625007226
 20
-10583.782865424666
1001
GREENCAD_EDIT_V1
1000
{"geometry_role":"OUTER_CONTOUR","id":"kul-tray:000473:dcbd0f71fede","properties":{"missing_external_references":["\u0410\u0421\u0423_\u041e\u0414\u0421_\u041a\u0443\u043b\u0438\u043a\u043e\u0432\u044
1000
1\u043a\u0430\u044f","\u04407989_\u041a\u0443\u043b\u0438\u043a\u043e\u0432\u0441\u043a\u0430\u044f \u0443\u043b._\u043f\u0440\u043e\u0435\u043a\u0442"],"normative":false,"professional_confirmation":f
1000
alse,"semantic_authority":"project layer-name evidence for diagnostic testing only","semantic_basis":"explicit project layer name; advisory classification","source_currentness_confirmed":false,"source
1000
_entity_type":"LWPOLYLINE","source_file":"cad_candidate.flattened.r2010.dxf","source_layer":"\u0414\u0412_\u0413\u041f_\u041f_\u0412\u043e\u0434\u043e\u043e\u0442\u0432\u043e\u0434\u043d\u044b\u0435_\
1000
u043b\u043e\u0442\u043a\u0438","source_project_id":"898ea8e86f4d","source_status":"partial prepared CAD: 45 of 47 external references embedded","street":"\u041a\u0443\u043b\u0438\u043a\u043e\u0432\u04
1000
41\u043a\u0430\u044f \u0443\u043b\u0438\u0446\u0430, \u041c\u043e\u0441\u043a\u0432\u0430","suggestion_confidence":"high"},"role":"asset","schema_version":1,"type_id":"net.tray"}
  0
LWPOLYLINE
  5
26D
330
17
100
AcDbEntity
  8
GC_DRAINAGE_TRAY
100
AcDbPolyline
 90
4
 70
1
 10
4150.290648367709
 20
-10583.782875449582
 10
4150.389238351856
 20
-10583.553136624774
 10
4150.848716324575
 20
-10583.750316726675
 10
4150.750102881349
 20
-10583.980045756316
1001
GREENCAD_EDIT_V1
1000
{"geometry_role":"OUTER_CONTOUR","id":"kul-tray:000474:a4c3e71ca882","properties":{"missing_external_references":["\u0410\u0421\u0423_\u041e\u0414\u0421_\u041a\u0443\u043b\u0438\u043a\u043e\u0432\u044
1000
1\u043a\u0430\u044f","\u04407989_\u041a\u0443\u043b\u0438\u043a\u043e\u0432\u0441\u043a\u0430\u044f \u0443\u043b._\u043f\u0440\u043e\u0435\u043a\u0442"],"normative":false,"professional_confirmation":f
1000
alse,"semantic_authority":"project layer-name evidence for diagnostic testing only","semantic_basis":"explicit project layer name; advisory classification","source_currentness_confirmed":false,"source
1000
_entity_type":"LWPOLYLINE","source_file":"cad_candidate.flattened.r2010.dxf","source_layer":"\u0414\u0412_\u0413\u041f_\u041f_\u0412\u043e\u0434\u043e\u043e\u0442\u0432\u043e\u0434\u043d\u044b\u0435_\
1000
u043b\u043e\u0442\u043a\u0438","source_project_id":"898ea8e86f4d","source_status":"partial prepared CAD: 45 of 47 external references embedded","street":"\u041a\u0443\u043b\u0438\u043a\u043e\u0432\u04
1000
41\u043a\u0430\u044f \u0443\u043b\u0438\u0446\u0430, \u041c\u043e\u0441\u043a\u0432\u0430","suggestion_confidence":"high"},"role":"asset","schema_version":1,"type_id":"net.tray"}
  0
LWPOLYLINE
  5
26E
330
17
100
AcDbEntity
  8
GC_DRAINAGE_TRAY
100
AcDbPolyline
 90
4
 70
1
 10
4150.750126241833
 20
-10583.980055781234
 10
4150.84871622598
 20
-10583.750316956426
 10
4151.308194198699
 20
-10583.947497058327
 10
4151.209580755473
 20
-10584.177226087968
1001
GREENCAD_EDIT_V1
1000
{"geometry_role":"OUTER_CONTOUR","id":"kul-tray:000475:d5fd7e5e1897","properties":{"missing_external_references":["\u0410\u0421\u0423_\u041e\u0414\u0421_\u041a\u0443\u043b\u0438\u043a\u043e\u0432\u044
1000
1\u043a\u0430\u044f","\u04407989_\u041a\u0443\u043b\u0438\u043a\u043e\u0432\u0441\u043a\u0430\u044f \u0443\u043b._\u043f\u0440\u043e\u0435\u043a\u0442"],"normative":false,"professional_confirmation":f
1000
alse,"semantic_authority":"project layer-name evidence for diagnostic testing only","semantic_basis":"explicit project layer name; advisory classification","source_currentness_confirmed":false,"source
1000
_entity_type":"LWPOLYLINE","source_file":"cad_candidate.flattened.r2010.dxf","source_layer":"\u0414\u0412_\u0413\u041f_\u041f_\u0412\u043e\u0434\u043e\u043e\u0442\u0432\u043e\u0434\u043d\u044b\u0435_\
1000
u043b\u043e\u0442\u043a\u0438","source_project_id":"898ea8e86f4d","source_status":"partial prepared CAD: 45 of 47 external references embedded","street":"\u041a\u0443\u043b\u0438\u043a\u043e\u0432\u04
1000
41\u043a\u0430\u044f \u0443\u043b\u0438\u0446\u0430, \u041c\u043e\u0441\u043a\u0432\u0430","suggestion_confidence":"high"},"role":"asset","schema_version":1,"type_id":"net.tray"}
  0
LWPOLYLINE
  5
26F
330
17
100
AcDbEntity
  8
GC_DRAINAGE_TRAY
100
AcDbPolyline
 90
4
 70
1
 10
4151.2096041159575
 20
-10584.177236112886
 10
4151.308194100105
 20
-10583.947497288078
 10
4151.767672072824
 20
-10584.144677389979
 10
4151.669058629598
 20
-10584.37440641962
1001
GREENCAD_EDIT_V1
1000
{"geometry_role":"OUTER_CONTOUR","id":"kul-tray:000476:ea9862dc75da","properties":{"missing_external_references":["\u0410\u0421\u0423_\u041e\u0414\u0421_\u041a\u0443\u043b\u0438\u043a\u043e\u0432\u044
1000
1\u043a\u0430\u044f","\u04407989_\u041a\u0443\u043b\u0438\u043a\u043e\u0432\u0441\u043a\u0430\u044f \u0443\u043b._\u043f\u0440\u043e\u0435\u043a\u0442"],"normative":false,"professional_confirmation":f
1000
alse,"semantic_authority":"project layer-name evidence for diagnostic testing only","semantic_basis":"explicit project layer name; advisory classification","source_currentness_confirmed":false,"source
1000
_entity_type":"LWPOLYLINE","source_file":"cad_candidate.flattened.r2010.dxf","source_layer":"\u0414\u0412_\u0413\u041f_\u041f_\u0412\u043e\u0434\u043e\u043e\u0442\u0432\u043e\u0434\u043d\u044b\u0435_\
1000
u043b\u043e\u0442\u043a\u0438","source_project_id":"898ea8e86f4d","source_status":"partial prepared CAD: 45 of 47 external references embedded","street":"\u041a\u0443\u043b\u0438\u043a\u043e\u0432\u04
1000
41\u043a\u0430\u044f \u0443\u043b\u0438\u0446\u0430, \u041c\u043e\u0441\u043a\u0432\u0430","suggestion_confidence":"high"},"role":"asset","schema_version":1,"type_id":"net.tray"}
  0
LWPOLYLINE
  5
270
330
17
100
AcDbEntity
  8
GC_DRAINAGE_TRAY
100
AcDbPolyline
 90
4
 70
1
 10
4151.669081990081
 20
-10584.374416444538
 10
4151.7676719742285
 20
-10584.14467761973
 10
4152.227149946948
 20
-10584.34185772163
 10
4152.128536503722
 20
-10584.571586751272
1001
GREENCAD_EDIT_V1
1000
{"geometry_role":"OUTER_CONTOUR","id":"kul-tray:000477:375af64b2e9c","properties":{"missing_external_references":["\u0410\u0421\u0423_\u041e\u0414\u0421_\u041a\u0443\u043b\u0438\u043a\u043e\u0432\u044
1000
1\u043a\u0430\u044f","\u04407989_\u041a\u0443\u043b\u0438\u043a\u043e\u0432\u0441\u043a\u0430\u044f \u0443\u043b._\u043f\u0440\u043e\u0435\u043a\u0442"],"normative":false,"professional_confirmation":f
1000
alse,"semantic_authority":"project layer-name evidence for diagnostic testing only","semantic_basis":"explicit project layer name; advisory classification","source_currentness_confirmed":false,"source
1000
_entity_type":"LWPOLYLINE","source_file":"cad_candidate.flattened.r2010.dxf","source_layer":"\u0414\u0412_\u0413\u041f_\u041f_\u0412\u043e\u0434\u043e\u043e\u0442\u0432\u043e\u0434\u043d\u044b\u0435_\
1000
u043b\u043e\u0442\u043a\u0438","source_project_id":"898ea8e86f4d","source_status":"partial prepared CAD: 45 of 47 external references embedded","street":"\u041a\u0443\u043b\u0438\u043a\u043e\u0432\u04
1000
41\u043a\u0430\u044f \u0443\u043b\u0438\u0446\u0430, \u041c\u043e\u0441\u043a\u0432\u0430","suggestion_confidence":"high"},"role":"asset","schema_version":1,"type_id":"net.tray"}
  0
LWPOLYLINE
  5
271
330
17
100
AcDbEntity
  8
GC_DRAINAGE_TRAY
100
AcDbPolyline
 90
4
 70
1
 10
4152.128559864205
 20
-10584.57159677619
 10
4152.227149848352
 20
-10584.341857951382
 10
4152.686627821072
 20
-10584.539038053283
 10
4152.588014377846
 20
-10584.768767082924
1001
GREENCAD_EDIT_V1
1000
{"geometry_role":"OUTER_CONTOUR","id":"kul-tray:000478:0c405991f699","properties":{"missing_external_references":["\u0410\u0421\u0423_\u041e\u0414\u0421_\u041a\u0443\u043b\u0438\u043a\u043e\u0432\u044
1000
1\u043a\u0430\u044f","\u04407989_\u041a\u0443\u043b\u0438\u043a\u043e\u0432\u0441\u043a\u0430\u044f \u0443\u043b._\u043f\u0440\u043e\u0435\u043a\u0442"],"normative":false,"professional_confirmation":f
1000
alse,"semantic_authority":"project layer-name evidence for diagnostic testing only","semantic_basis":"explicit project layer name; advisory classification","source_currentness_confirmed":false,"source
1000
_entity_type":"LWPOLYLINE","source_file":"cad_candidate.flattened.r2010.dxf","source_layer":"\u0414\u0412_\u0413\u041f_\u041f_\u0412\u043e\u0434\u043e\u043e\u0442\u0432\u043e\u0434\u043d\u044b\u0435_\
1000
u043b\u043e\u0442\u043a\u0438","source_project_id":"898ea8e86f4d","source_status":"partial prepared CAD: 45 of 47 external references embedded","street":"\u041a\u0443\u043b\u0438\u043a\u043e\u0432\u04
1000
41\u043a\u0430\u044f \u0443\u043b\u0438\u0446\u0430, \u041c\u043e\u0441\u043a\u0432\u0430","suggestion_confidence":"high"},"role":"asset","schema_version":1,"type_id":"net.tray"}
  0
LWPOLYLINE
  5
272
330
17
100
AcDbEntity
  8
GC_DRAINAGE_TRAY
100
AcDbPolyline
 90
4
 70
1
 10
4152.58803773833
 20
-10584.768777107842
 10
4152.686627722477
 20
-10584.539038283034
 10
4153.146105695197
 20
-10584.736218384935
 10
4153.047492251971
 20
-10584.965947414576
1001
GREENCAD_EDIT_V1
1000
{"geometry_role":"OUTER_CONTOUR","id":"kul-tray:000479:f67016bced31","properties":{"missing_external_references":["\u0410\u0421\u0423_\u041e\u0414\u0421_\u041a\u0443\u043b\u0438\u043a\u043e\u0432\u044
1000
1\u043a\u0430\u044f","\u04407989_\u041a\u0443\u043b\u0438\u043a\u043e\u0432\u0441\u043a\u0430\u044f \u0443\u043b._\u043f\u0440\u043e\u0435\u043a\u0442"],"normative":false,"professional_confirmation":f
1000
alse,"semantic_authority":"project layer-name evidence for diagnostic testing only","semantic_basis":"explicit project layer name; advisory classification","source_currentness_confirmed":false,"source
1000
_entity_type":"LWPOLYLINE","source_file":"cad_candidate.flattened.r2010.dxf","source_layer":"\u0414\u0412_\u0413\u041f_\u041f_\u0412\u043e\u0434\u043e\u043e\u0442\u0432\u043e\u0434\u043d\u044b\u0435_\
1000
u043b\u043e\u0442\u043a\u0438","source_project_id":"898ea8e86f4d","source_status":"partial prepared CAD: 45 of 47 external references embedded","street":"\u041a\u0443\u043b\u0438\u043a\u043e\u0432\u04
1000
41\u043a\u0430\u044f \u0443\u043b\u0438\u0446\u0430, \u041c\u043e\u0441\u043a\u0432\u0430","suggestion_confidence":"high"},"role":"asset","schema_version":1,"type_id":"net.tray"}
  0
LWPOLYLINE
  5
273
330
17
100
AcDbEntity
  8
GC_DRAINAGE_TRAY
100
AcDbPolyline
 90
4
 70
1
 10
4153.047515612454
 20
-10584.965957439494
 10
4153.146105596601
 20
-10584.736218614686
 10
4153.6055835693205
 20
-10584.933398716586
 10
4153.5069701260945
 20
-10585.163127746227
1001
GREENCAD_EDIT_V1
1000
{"geometry_role":"OUTER_CONTOUR","id":"kul-tray:000480:bda7f12befdb","properties":{"missing_external_references":["\u0410\u0421\u0423_\u041e\u0414\u0421_\u041a\u0443\u043b\u0438\u043a\u043e\u0432\u044
1000
1\u043a\u0430\u044f","\u04407989_\u041a\u0443\u043b\u0438\u043a\u043e\u0432\u0441\u043a\u0430\u044f \u0443\u043b._\u043f\u0440\u043e\u0435\u043a\u0442"],"normative":false,"professional_confirmation":f
1000
alse,"semantic_authority":"project layer-name evidence for diagnostic testing only","semantic_basis":"explicit project layer name; advisory classification","source_currentness_confirmed":false,"source
1000
_entity_type":"LWPOLYLINE","source_file":"cad_candidate.flattened.r2010.dxf","source_layer":"\u0414\u0412_\u0413\u041f_\u041f_\u0412\u043e\u0434\u043e\u043e\u0442\u0432\u043e\u0434\u043d\u044b\u0435_\
1000
u043b\u043e\u0442\u043a\u0438","source_project_id":"898ea8e86f4d","source_status":"partial prepared CAD: 45 of 47 external references embedded","street":"\u041a\u0443\u043b\u0438\u043a\u043e\u0432\u04
1000
41\u043a\u0430\u044f \u0443\u043b\u0438\u0446\u0430, \u041c\u043e\u0441\u043a\u0432\u0430","suggestion_confidence":"high"},"role":"asset","schema_version":1,"type_id":"net.tray"}
  0
LWPOLYLINE
  5
274
330
17
100
AcDbEntity
  8
GC_DRAINAGE_TRAY
100
AcDbPolyline
 90
4
 70
1
 10
4153.506993486579
 20
-10585.163137771146
 10
4153.605583470726
 20
-10584.933398946338
 10
4154.065061443445
 20
-10585.130579048238
 10
4153.966448000219
 20
-10585.36030807788
1001
GREENCAD_EDIT_V1
1000
{"geometry_role":"OUTER_CONTOUR","id":"kul-tray:000481:fc1da256330c","properties":{"missing_external_references":["\u0410\u0421\u0423_\u041e\u0414\u0421_\u041a\u0443\u043b\u0438\u043a\u043e\u0432\u044
1000
1\u043a\u0430\u044f","\u04407989_\u041a\u0443\u043b\u0438\u043a\u043e\u0432\u0441\u043a\u0430\u044f \u0443\u043b._\u043f\u0440\u043e\u0435\u043a\u0442"],"normative":false,"professional_confirmation":f
1000
alse,"semantic_authority":"project layer-name evidence for diagnostic testing only","semantic_basis":"explicit project layer name; advisory classification","source_currentness_confirmed":false,"source
1000
_entity_type":"LWPOLYLINE","source_file":"cad_candidate.flattened.r2010.dxf","source_layer":"\u0414\u0412_\u0413\u041f_\u041f_\u0412\u043e\u0434\u043e\u043e\u0442\u0432\u043e\u0434\u043d\u044b\u0435_\
1000
u043b\u043e\u0442\u043a\u0438","source_project_id":"898ea8e86f4d","source_status":"partial prepared CAD: 45 of 47 external references embedded","street":"\u041a\u0443\u043b\u0438\u043a\u043e\u0432\u04
1000
41\u043a\u0430\u044f \u0443\u043b\u0438\u0446\u0430, \u041c\u043e\u0441\u043a\u0432\u0430","suggestion_confidence":"high"},"role":"asset","schema_version":1,"type_id":"net.tray"}
  0
LWPOLYLINE
  5
275
330
17
100
AcDbEntity
  8
GC_DRAINAGE_TRAY
100
AcDbPolyline
 90
4
 70
1
 10
4153.966471360703
 20
-10585.360318102797
 10
4154.06506134485
 20
-10585.13057927799
 10
4154.524539317569
 20
-10585.32775937989
 10
4154.425925874343
 20
-10585.557488409531
1001
GREENCAD_EDIT_V1
1000
{"geometry_role":"OUTER_CONTOUR","id":"kul-tray:000482:6dfb8b18e391","properties":{"missing_external_references":["\u0410\u0421\u0423_\u041e\u0414\u0421_\u041a\u0443\u043b\u0438\u043a\u043e\u0432\u044
1000
1\u043a\u0430\u044f","\u04407989_\u041a\u0443\u043b\u0438\u043a\u043e\u0432\u0441\u043a\u0430\u044f \u0443\u043b._\u043f\u0440\u043e\u0435\u043a\u0442"],"normative":false,"professional_confirmation":f
1000
alse,"semantic_authority":"project layer-name evidence for diagnostic testing only","semantic_basis":"explicit project layer name; advisory classification","source_currentness_confirmed":false,"source
1000
_entity_type":"LWPOLYLINE","source_file":"cad_candidate.flattened.r2010.dxf","source_layer":"\u0414\u0412_\u0413\u041f_\u041f_\u0412\u043e\u0434\u043e\u043e\u0442\u0432\u043e\u0434\u043d\u044b\u0435_\
1000
u043b\u043e\u0442\u043a\u0438","source_project_id":"898ea8e86f4d","source_status":"partial prepared CAD: 45 of 47 external references embedded","street":"\u041a\u0443\u043b\u0438\u043a\u043e\u0432\u04
1000
41\u043a\u0430\u044f \u0443\u043b\u0438\u0446\u0430, \u041c\u043e\u0441\u043a\u0432\u0430","suggestion_confidence":"high"},"role":"asset","schema_version":1,"type_id":"net.tray"}
  0
LWPOLYLINE
  5
276
330
17
100
AcDbEntity
  8
GC_DRAINAGE_TRAY
100
AcDbPolyline
 90
4
 70
1
 10
4154.4259492348265
 20
-10585.55749843445
 10
4154.524539218974
 20
-10585.327759609641
 10
4154.984017191693
 20
-10585.524939711542
 10
4154.885403748467
 20
-10585.754668741183
1001
GREENCAD_EDIT_V1
1000
{"geometry_role":"OUTER_CONTOUR","id":"kul-tray:000483:d39e2ee5120e","properties":{"missing_external_references":["\u0410\u0421\u0423_\u041e\u0414\u0421_\u041a\u0443\u043b\u0438\u043a\u043e\u0432\u044
1000
1\u043a\u0430\u044f","\u04407989_\u041a\u0443\u043b\u0438\u043a\u043e\u0432\u0441\u043a\u0430\u044f \u0443\u043b._\u043f\u0440\u043e\u0435\u043a\u0442"],"normative":false,"professional_confirmation":f
1000
alse,"semantic_authority":"project layer-name evidence for diagnostic testing only","semantic_basis":"explicit project layer name; advisory classification","source_currentness_confirmed":false,"source
1000
_entity_type":"LWPOLYLINE","source_file":"cad_candidate.flattened.r2010.dxf","source_layer":"\u0414\u0412_\u0413\u041f_\u041f_\u0412\u043e\u0434\u043e\u043e\u0442\u0432\u043e\u0434\u043d\u044b\u0435_\
1000
u043b\u043e\u0442\u043a\u0438","source_project_id":"898ea8e86f4d","source_status":"partial prepared CAD: 45 of 47 external references embedded","street":"\u041a\u0443\u043b\u0438\u043a\u043e\u0432\u04
1000
41\u043a\u0430\u044f \u0443\u043b\u0438\u0446\u0430, \u041c\u043e\u0441\u043a\u0432\u0430","suggestion_confidence":"high"},"role":"asset","schema_version":1,"type_id":"net.tray"}
  0
LWPOLYLINE
  5
277
330
17
100
AcDbEntity
  8
GC_DRAINAGE_TRAY
100
AcDbPolyline
 90
4
 70
1
 10
4154.885427108951
 20
-10585.7546787661
 10
4154.984017093098
 20
-10585.524939941291
 10
4155.443495065818
 20
-10585.722120043192
 10
4155.344881622592
 20
-10585.951849072833
1001
GREENCAD_EDIT_V1
1000
{"geometry_role":"OUTER_CONTOUR","id":"kul-tray:000484:1693a33f4b09","properties":{"missing_external_references":["\u0410\u0421\u0423_\u041e\u0414\u0421_\u041a\u0443\u043b\u0438\u043a\u043e\u0432\u044
1000
1\u043a\u0430\u044f","\u04407989_\u041a\u0443\u043b\u0438\u043a\u043e\u0432\u0441\u043a\u0430\u044f \u0443\u043b._\u043f\u0440\u043e\u0435\u043a\u0442"],"normative":false,"professional_confirmation":f
1000
alse,"semantic_authority":"project layer-name evidence for diagnostic testing only","semantic_basis":"explicit project layer name; advisory classification","source_currentness_confirmed":false,"source
1000
_entity_type":"LWPOLYLINE","source_file":"cad_candidate.flattened.r2010.dxf","source_layer":"\u0414\u0412_\u0413\u041f_\u041f_\u0412\u043e\u0434\u043e\u043e\u0442\u0432\u043e\u0434\u043d\u044b\u0435_\
1000
u043b\u043e\u0442\u043a\u0438","source_project_id":"898ea8e86f4d","source_status":"partial prepared CAD: 45 of 47 external references embedded","street":"\u041a\u0443\u043b\u0438\u043a\u043e\u0432\u04
1000
41\u043a\u0430\u044f \u0443\u043b\u0438\u0446\u0430, \u041c\u043e\u0441\u043a\u0432\u0430","suggestion_confidence":"high"},"role":"asset","schema_version":1,"type_id":"net.tray"}
  0
LWPOLYLINE
  5
278
330
17
100
AcDbEntity
  8
GC_DRAINAGE_TRAY
100
AcDbPolyline
 90
4
 70
1
 10
4155.344904983075
 20
-10585.951859097751
 10
4155.443494967222
 20
-10585.722120272943
 10
4155.902972939942
 20
-10585.919300374844
 10
4155.804359496716
 20
-10586.149029404485
1001
GREENCAD_EDIT_V1
1000
{"geometry_role":"OUTER_CONTOUR","id":"kul-tray:000485:55144129ad0f","properties":{"missing_external_references":["\u0410\u0421\u0423_\u041e\u0414\u0421_\u041a\u0443\u043b\u0438\u043a\u043e\u0432\u044
1000
1\u043a\u0430\u044f","\u04407989_\u041a\u0443\u043b\u0438\u043a\u043e\u0432\u0441\u043a\u0430\u044f \u0443\u043b._\u043f\u0440\u043e\u0435\u043a\u0442"],"normative":false,"professional_confirmation":f
1000
alse,"semantic_authority":"project layer-name evidence for diagnostic testing only","semantic_basis":"explicit project layer name; advisory classification","source_currentness_confirmed":false,"source
1000
_entity_type":"LWPOLYLINE","source_file":"cad_candidate.flattened.r2010.dxf","source_layer":"\u0414\u0412_\u0413\u041f_\u041f_\u0412\u043e\u0434\u043e\u043e\u0442\u0432\u043e\u0434\u043d\u044b\u0435_\
1000
u043b\u043e\u0442\u043a\u0438","source_project_id":"898ea8e86f4d","source_status":"partial prepared CAD: 45 of 47 external references embedded","street":"\u041a\u0443\u043b\u0438\u043a\u043e\u0432\u04
1000
41\u043a\u0430\u044f \u0443\u043b\u0438\u0446\u0430, \u041c\u043e\u0441\u043a\u0432\u0430","suggestion_confidence":"high"},"role":"asset","schema_version":1,"type_id":"net.tray"}
  0
LWPOLYLINE
  5
279
330
17
100
AcDbEntity
  8
GC_DRAINAGE_TRAY
100
AcDbPolyline
 90
4
 70
1
 10
4155.804382857199
 20
-10586.149039429403
 10
4155.902972841346
 20
-10585.919300604595
 10
4156.362450814066
 20
-10586.116480706496
 10
4156.26383737084
 20
-10586.346209736137
1001
GREENCAD_EDIT_V1
1000
{"geometry_role":"OUTER_CONTOUR","id":"kul-tray:000486:1122eb7259a4","properties":{"missing_external_references":["\u0410\u0421\u0423_\u041e\u0414\u0421_\u041a\u0443\u043b\u0438\u043a\u043e\u0432\u044
1000
1\u043a\u0430\u044f","\u04407989_\u041a\u0443\u043b\u0438\u043a\u043e\u0432\u0441\u043a\u0430\u044f \u0443\u043b._\u043f\u0440\u043e\u0435\u043a\u0442"],"normative":false,"professional_confirmation":f
1000
alse,"semantic_authority":"project layer-name evidence for diagnostic testing only","semantic_basis":"explicit project layer name; advisory classification","source_currentness_confirmed":false,"source
1000
_entity_type":"LWPOLYLINE","source_file":"cad_candidate.flattened.r2010.dxf","source_layer":"\u0414\u0412_\u0413\u041f_\u041f_\u0412\u043e\u0434\u043e\u043e\u0442\u0432\u043e\u0434\u043d\u044b\u0435_\
1000
u043b\u043e\u0442\u043a\u0438","source_project_id":"898ea8e86f4d","source_status":"partial prepared CAD: 45 of 47 external references embedded","street":"\u041a\u0443\u043b\u0438\u043a\u043e\u0432\u04
1000
41\u043a\u0430\u044f \u0443\u043b\u0438\u0446\u0430, \u041c\u043e\u0441\u043a\u0432\u0430","suggestion_confidence":"high"},"role":"asset","schema_version":1,"type_id":"net.tray"}
  0
LWPOLYLINE
  5
27A
330
17
100
AcDbEntity
  8
GC_DRAINAGE_TRAY
100
AcDbPolyline
 90
4
 70
1
 10
4156.263860731324
 20
-10586.346219761055
 10
4156.362450715471
 20
-10586.116480936247
 10
4156.82192868819
 20
-10586.313661038148
 10
4156.723315244964
 20
-10586.543390067789
1001
GREENCAD_EDIT_V1
1000
{"geometry_role":"OUTER_CONTOUR","id":"kul-tray:000487:07ffc3613ef1","properties":{"missing_external_references":["\u0410\u0421\u0423_\u041e\u0414\u0421_\u041a\u0443\u043b\u0438\u043a\u043e\u0432\u044
1000
1\u043a\u0430\u044f","\u04407989_\u041a\u0443\u043b\u0438\u043a\u043e\u0432\u0441\u043a\u0430\u044f \u0443\u043b._\u043f\u0440\u043e\u0435\u043a\u0442"],"normative":false,"professional_confirmation":f
1000
alse,"semantic_authority":"project layer-name evidence for diagnostic testing only","semantic_basis":"explicit project layer name; advisory classification","source_currentness_confirmed":false,"source
1000
_entity_type":"LWPOLYLINE","source_file":"cad_candidate.flattened.r2010.dxf","source_layer":"\u0414\u0412_\u0413\u041f_\u041f_\u0412\u043e\u0434\u043e\u043e\u0442\u0432\u043e\u0434\u043d\u044b\u0435_\
1000
u043b\u043e\u0442\u043a\u0438","source_project_id":"898ea8e86f4d","source_status":"partial prepared CAD: 45 of 47 external references embedded","street":"\u041a\u0443\u043b\u0438\u043a\u043e\u0432\u04
1000
41\u043a\u0430\u044f \u0443\u043b\u0438\u0446\u0430, \u041c\u043e\u0441\u043a\u0432\u0430","suggestion_confidence":"high"},"role":"asset","schema_version":1,"type_id":"net.tray"}
  0
LWPOLYLINE
  5
27B
330
17
100
AcDbEntity
  8
GC_DRAINAGE_TRAY
100
AcDbPolyline
 90
4
 70
1
 10
4156.723338605448
 20
-10586.543400092707
 10
4156.821928589595
 20
-10586.313661267899
 10
4157.281406562314
 20
-10586.5108413698
 10
4157.182793119088
 20
-10586.740570399441
1001
GREENCAD_EDIT_V1
1000
{"geometry_role":"OUTER_CONTOUR","id":"kul-tray:000488:04992f65e0bd","properties":{"missing_external_references":["\u0410\u0421\u0423_\u041e\u0414\u0421_\u041a\u0443\u043b\u0438\u043a\u043e\u0432\u044
1000
1\u043a\u0430\u044f","\u04407989_\u041a\u0443\u043b\u0438\u043a\u043e\u0432\u0441\u043a\u0430\u044f \u0443\u043b._\u043f\u0440\u043e\u0435\u043a\u0442"],"normative":false,"professional_confirmation":f
1000
alse,"semantic_authority":"project layer-name evidence for diagnostic testing only","semantic_basis":"explicit project layer name; advisory classification","source_currentness_confirmed":false,"source
1000
_entity_type":"LWPOLYLINE","source_file":"cad_candidate.flattened.r2010.dxf","source_layer":"\u0414\u0412_\u0413\u041f_\u041f_\u0412\u043e\u0434\u043e\u043e\u0442\u0432\u043e\u0434\u043d\u044b\u0435_\
1000
u043b\u043e\u0442\u043a\u0438","source_project_id":"898ea8e86f4d","source_status":"partial prepared CAD: 45 of 47 external references embedded","street":"\u041a\u0443\u043b\u0438\u043a\u043e\u0432\u04
1000
41\u043a\u0430\u044f \u0443\u043b\u0438\u0446\u0430, \u041c\u043e\u0441\u043a\u0432\u0430","suggestion_confidence":"high"},"role":"asset","schema_version":1,"type_id":"net.tray"}
  0
LWPOLYLINE
  5
27C
330
17
100
AcDbEntity
  8
GC_DRAINAGE_TRAY
100
AcDbPolyline
 90
4
 70
1
 10
4157.1828164795725
 20
-10586.740580424359
 10
4157.28140646372
 20
-10586.510841599551
 10
4157.740884436439
 20
-10586.708021701452
 10
4157.642270993213
 20
-10586.937750731093
1001
GREENCAD_EDIT_V1
1000
{"geometry_role":"OUTER_CONTOUR","id":"kul-tray:000489:dbebfc386c2c","properties":{"missing_external_references":["\u0410\u0421\u0423_\u041e\u0414\u0421_\u041a\u0443\u043b\u0438\u043a\u043e\u0432\u044
1000
1\u043a\u0430\u044f","\u04407989_\u041a\u0443\u043b\u0438\u043a\u043e\u0432\u0441\u043a\u0430\u044f \u0443\u043b._\u043f\u0440\u043e\u0435\u043a\u0442"],"normative":false,"professional_confirmation":f
1000
alse,"semantic_authority":"project layer-name evidence for diagnostic testing only","semantic_basis":"explicit project layer name; advisory classification","source_currentness_confirmed":false,"source
1000
_entity_type":"LWPOLYLINE","source_file":"cad_candidate.flattened.r2010.dxf","source_layer":"\u0414\u0412_\u0413\u041f_\u041f_\u0412\u043e\u0434\u043e\u043e\u0442\u0432\u043e\u0434\u043d\u044b\u0435_\
1000
u043b\u043e\u0442\u043a\u0438","source_project_id":"898ea8e86f4d","source_status":"partial prepared CAD: 45 of 47 external references embedded","street":"\u041a\u0443\u043b\u0438\u043a\u043e\u0432\u04
1000
41\u043a\u0430\u044f \u0443\u043b\u0438\u0446\u0430, \u041c\u043e\u0441\u043a\u0432\u0430","suggestion_confidence":"high"},"role":"asset","schema_version":1,"type_id":"net.tray"}
  0
LWPOLYLINE
  5
27D
330
17
100
AcDbEntity
  8
GC_DRAINAGE_TRAY
100
AcDbPolyline
 90
4
 70
1
 10
4157.642294353696
 20
-10586.93776075601
 10
4157.740884337843
 20
-10586.708021931203
 10
4158.200362310563
 20
-10586.905202033104
 10
4158.101748867337
 20
-10587.134931062745
1001
GREENCAD_EDIT_V1
1000
{"geometry_role":"OUTER_CONTOUR","id":"kul-tray:000490:e631cb680131","properties":{"missing_external_references":["\u0410\u0421\u0423_\u041e\u0414\u0421_\u041a\u0443\u043b\u0438\u043a\u043e\u0432\u044
1000
1\u043a\u0430\u044f","\u04407989_\u041a\u0443\u043b\u0438\u043a\u043e\u0432\u0441\u043a\u0430\u044f \u0443\u043b._\u043f\u0440\u043e\u0435\u043a\u0442"],"normative":false,"professional_confirmation":f
1000
alse,"semantic_authority":"project layer-name evidence for diagnostic testing only","semantic_basis":"explicit project layer name; advisory classification","source_currentness_confirmed":false,"source
1000
_entity_type":"LWPOLYLINE","source_file":"cad_candidate.flattened.r2010.dxf","source_layer":"\u0414\u0412_\u0413\u041f_\u041f_\u0412\u043e\u0434\u043e\u043e\u0442\u0432\u043e\u0434\u043d\u044b\u0435_\
1000
u043b\u043e\u0442\u043a\u0438","source_project_id":"898ea8e86f4d","source_status":"partial prepared CAD: 45 of 47 external references embedded","street":"\u041a\u0443\u043b\u0438\u043a\u043e\u0432\u04
1000
41\u043a\u0430\u044f \u0443\u043b\u0438\u0446\u0430, \u041c\u043e\u0441\u043a\u0432\u0430","suggestion_confidence":"high"},"role":"asset","schema_version":1,"type_id":"net.tray"}
  0
LWPOLYLINE
  5
27E
330
17
100
AcDbEntity
  8
GC_DRAINAGE_TRAY
100
AcDbPolyline
 90
4
 70
1
 10
4158.10177222782
 20
-10587.134941087663
 10
4158.200362211967
 20
-10586.905202262855
 10
4158.659840184687
 20
-10587.102382364756
 10
4158.561226741461
 20
-10587.332111394397
1001
GREENCAD_EDIT_V1
1000
{"geometry_role":"OUTER_CONTOUR","id":"kul-tray:000491:624207a0dde6","properties":{"missing_external_references":["\u0410\u0421\u0423_\u041e\u0414\u0421_\u041a\u0443\u043b\u0438\u043a\u043e\u0432\u044
1000
1\u043a\u0430\u044f","\u04407989_\u041a\u0443\u043b\u0438\u043a\u043e\u0432\u0441\u043a\u0430\u044f \u0443\u043b._\u043f\u0440\u043e\u0435\u043a\u0442"],"normative":false,"professional_confirmation":f
1000
alse,"semantic_authority":"project layer-name evidence for diagnostic testing only","semantic_basis":"explicit project layer name; advisory classification","source_currentness_confirmed":false,"source
1000
_entity_type":"LWPOLYLINE","source_file":"cad_candidate.flattened.r2010.dxf","source_layer":"\u0414\u0412_\u0413\u041f_\u041f_\u0412\u043e\u0434\u043e\u043e\u0442\u0432\u043e\u0434\u043d\u044b\u0435_\
1000
u043b\u043e\u0442\u043a\u0438","source_project_id":"898ea8e86f4d","source_status":"partial prepared CAD: 45 of 47 external references embedded","street":"\u041a\u0443\u043b\u0438\u043a\u043e\u0432\u04
1000
41\u043a\u0430\u044f \u0443\u043b\u0438\u0446\u0430, \u041c\u043e\u0441\u043a\u0432\u0430","suggestion_confidence":"high"},"role":"asset","schema_version":1,"type_id":"net.tray"}
  0
LWPOLYLINE
  5
27F
330
17
100
AcDbEntity
  8
GC_DRAINAGE_TRAY
100
AcDbPolyline
 90
4
 70
1
 10
4158.561250101945
 20
-10587.332121419315
 10
4158.659840086092
 20
-10587.102382594507
 10
4159.119318058812
 20
-10587.299562696408
 10
4159.020704615586
 20
-10587.529291726049
1001
GREENCAD_EDIT_V1
1000
{"geometry_role":"OUTER_CONTOUR","id":"kul-tray:000492:1c5b71447d32","properties":{"missing_external_references":["\u0410\u0421\u0423_\u041e\u0414\u0421_\u041a\u0443\u043b\u0438\u043a\u043e\u0432\u044
1000
1\u043a\u0430\u044f","\u04407989_\u041a\u0443\u043b\u0438\u043a\u043e\u0432\u0441\u043a\u0430\u044f \u0443\u043b._\u043f\u0440\u043e\u0435\u043a\u0442"],"normative":false,"professional_confirmation":f
1000
alse,"semantic_authority":"project layer-name evidence for diagnostic testing only","semantic_basis":"explicit project layer name; advisory classification","source_currentness_confirmed":false,"source
1000
_entity_type":"LWPOLYLINE","source_file":"cad_candidate.flattened.r2010.dxf","source_layer":"\u0414\u0412_\u0413\u041f_\u041f_\u0412\u043e\u0434\u043e\u043e\u0442\u0432\u043e\u0434\u043d\u044b\u0435_\
1000
u043b\u043e\u0442\u043a\u0438","source_project_id":"898ea8e86f4d","source_status":"partial prepared CAD: 45 of 47 external references embedded","street":"\u041a\u0443\u043b\u0438\u043a\u043e\u0432\u04
1000
41\u043a\u0430\u044f \u0443\u043b\u0438\u0446\u0430, \u041c\u043e\u0441\u043a\u0432\u0430","suggestion_confidence":"high"},"role":"asset","schema_version":1,"type_id":"net.tray"}
  0
LWPOLYLINE
  5
280
330
17
100
AcDbEntity
  8
GC_DRAINAGE_TRAY
100
AcDbPolyline
 90
4
 70
1
 10
4159.020727976069
 20
-10587.529301750967
 10
4159.119317960216
 20
-10587.299562926159
 10
4159.5787959329355
 20
-10587.49674302806
 10
4159.4801824897095
 20
-10587.7264720577
1001
GREENCAD_EDIT_V1
1000
{"geometry_role":"OUTER_CONTOUR","id":"kul-tray:000493:a26c6ea64890","properties":{"missing_external_references":["\u0410\u0421\u0423_\u041e\u0414\u0421_\u041a\u0443\u043b\u0438\u043a\u043e\u0432\u044
1000
1\u043a\u0430\u044f","\u04407989_\u041a\u0443\u043b\u0438\u043a\u043e\u0432\u0441\u043a\u0430\u044f \u0443\u043b._\u043f\u0440\u043e\u0435\u043a\u0442"],"normative":false,"professional_confirmation":f
1000
alse,"semantic_authority":"project layer-name evidence for diagnostic testing only","semantic_basis":"explicit project layer name; advisory classification","source_currentness_confirmed":false,"source
1000
_entity_type":"LWPOLYLINE","source_file":"cad_candidate.flattened.r2010.dxf","source_layer":"\u0414\u0412_\u0413\u041f_\u041f_\u0412\u043e\u0434\u043e\u043e\u0442\u0432\u043e\u0434\u043d\u044b\u0435_\
1000
u043b\u043e\u0442\u043a\u0438","source_project_id":"898ea8e86f4d","source_status":"partial prepared CAD: 45 of 47 external references embedded","street":"\u041a\u0443\u043b\u0438\u043a\u043e\u0432\u04
1000
41\u043a\u0430\u044f \u0443\u043b\u0438\u0446\u0430, \u041c\u043e\u0441\u043a\u0432\u0430","suggestion_confidence":"high"},"role":"asset","schema_version":1,"type_id":"net.tray"}
  0
LWPOLYLINE
  5
281
330
17
100
AcDbEntity
  8
GC_DRAINAGE_TRAY
100
AcDbPolyline
 90
4
 70
1
 10
4159.480205850194
 20
-10587.726482082617
 10
4159.578795834341
 20
-10587.496743257809
 10
4160.03827380706
 20
-10587.69392335971
 10
4159.939660363834
 20
-10587.92365238935
1001
GREENCAD_EDIT_V1
1000
{"geometry_role":"OUTER_CONTOUR","id":"kul-tray:000494:14a6f623f7cd","properties":{"missing_external_references":["\u0410\u0421\u0423_\u041e\u0414\u0421_\u041a\u0443\u043b\u0438\u043a\u043e\u0432\u044
1000
1\u043a\u0430\u044f","\u04407989_\u041a\u0443\u043b\u0438\u043a\u043e\u0432\u0441\u043a\u0430\u044f \u0443\u043b._\u043f\u0440\u043e\u0435\u043a\u0442"],"normative":false,"professional_confirmation":f
1000
alse,"semantic_authority":"project layer-name evidence for diagnostic testing only","semantic_basis":"explicit project layer name; advisory classification","source_currentness_confirmed":false,"source
1000
_entity_type":"LWPOLYLINE","source_file":"cad_candidate.flattened.r2010.dxf","source_layer":"\u0414\u0412_\u0413\u041f_\u041f_\u0412\u043e\u0434\u043e\u043e\u0442\u0432\u043e\u0434\u043d\u044b\u0435_\
1000
u043b\u043e\u0442\u043a\u0438","source_project_id":"898ea8e86f4d","source_status":"partial prepared CAD: 45 of 47 external references embedded","street":"\u041a\u0443\u043b\u0438\u043a\u043e\u0432\u04
1000
41\u043a\u0430\u044f \u0443\u043b\u0438\u0446\u0430, \u041c\u043e\u0441\u043a\u0432\u0430","suggestion_confidence":"high"},"role":"asset","schema_version":1,"type_id":"net.tray"}
  0
LWPOLYLINE
  5
282
330
17
100
AcDbEntity
  8
GC_DRAINAGE_TRAY
100
AcDbPolyline
 90
4
 70
1
 10
4159.939683724318
 20
-10587.923662414269
 10
4160.038273708465
 20
-10587.69392358946
 10
4160.497751681184
 20
-10587.891103691361
 10
4160.399138237958
 20
-10588.120832721002
1001
GREENCAD_EDIT_V1
1000
{"geometry_role":"OUTER_CONTOUR","id":"kul-tray:000495:64eee4b00a08","properties":{"missing_external_references":["\u0410\u0421\u0423_\u041e\u0414\u0421_\u041a\u0443\u043b\u0438\u043a\u043e\u0432\u044
1000
1\u043a\u0430\u044f","\u04407989_\u041a\u0443\u043b\u0438\u043a\u043e\u0432\u0441\u043a\u0430\u044f \u0443\u043b._\u043f\u0440\u043e\u0435\u043a\u0442"],"normative":false,"professional_confirmation":f
1000
alse,"semantic_authority":"project layer-name evidence for diagnostic testing only","semantic_basis":"explicit project layer name; advisory classification","source_currentness_confirmed":false,"source
1000
_entity_type":"LWPOLYLINE","source_file":"cad_candidate.flattened.r2010.dxf","source_layer":"\u0414\u0412_\u0413\u041f_\u041f_\u0412\u043e\u0434\u043e\u043e\u0442\u0432\u043e\u0434\u043d\u044b\u0435_\
1000
u043b\u043e\u0442\u043a\u0438","source_project_id":"898ea8e86f4d","source_status":"partial prepared CAD: 45 of 47 external references embedded","street":"\u041a\u0443\u043b\u0438\u043a\u043e\u0432\u04
1000
41\u043a\u0430\u044f \u0443\u043b\u0438\u0446\u0430, \u041c\u043e\u0441\u043a\u0432\u0430","suggestion_confidence":"high"},"role":"asset","schema_version":1,"type_id":"net.tray"}
  0
LWPOLYLINE
  5
283
330
17
100
AcDbEntity
  8
GC_DRAINAGE_TRAY
100
AcDbPolyline
 90
4
 70
1
 10
4160.399161598441
 20
-10588.12084274592
 10
4160.4977515825885
 20
-10587.891103921113
 10
4160.957229555308
 20
-10588.088284023013
 10
4160.858616112082
 20
-10588.318013052654
1001
GREENCAD_EDIT_V1
1000
{"geometry_role":"OUTER_CONTOUR","id":"kul-tray:000496:131a600faae9","properties":{"missing_external_references":["\u0410\u0421\u0423_\u041e\u0414\u0421_\u041a\u0443\u043b\u0438\u043a\u043e\u0432\u044
1000
1\u043a\u0430\u044f","\u04407989_\u041a\u0443\u043b\u0438\u043a\u043e\u0432\u0441\u043a\u0430\u044f \u0443\u043b._\u043f\u0440\u043e\u0435\u043a\u0442"],"normative":false,"professional_confirmation":f
1000
alse,"semantic_authority":"project layer-name evidence for diagnostic testing only","semantic_basis":"explicit project layer name; advisory classification","source_currentness_confirmed":false,"source
1000
_entity_type":"LWPOLYLINE","source_file":"cad_candidate.flattened.r2010.dxf","source_layer":"\u0414\u0412_\u0413\u041f_\u041f_\u0412\u043e\u0434\u043e\u043e\u0442\u0432\u043e\u0434\u043d\u044b\u0435_\
1000
u043b\u043e\u0442\u043a\u0438","source_project_id":"898ea8e86f4d","source_status":"partial prepared CAD: 45 of 47 external references embedded","street":"\u041a\u0443\u043b\u0438\u043a\u043e\u0432\u04
1000
41\u043a\u0430\u044f \u0443\u043b\u0438\u0446\u0430, \u041c\u043e\u0441\u043a\u0432\u0430","suggestion_confidence":"high"},"role":"asset","schema_version":1,"type_id":"net.tray"}
  0
LWPOLYLINE
  5
284
330
17
100
AcDbEntity
  8
GC_DRAINAGE_TRAY
100
AcDbPolyline
 90
4
 70
1
 10
4160.858639472566
 20
-10588.318023077572
 10
4160.957229456713
 20
-10588.088284252764
 10
4161.416707429433
 20
-10588.285464354665
 10
4161.318093986207
 20
-10588.515193384306
1001
GREENCAD_EDIT_V1
1000
{"geometry_role":"OUTER_CONTOUR","id":"kul-tray:000497:e739d3a52eaf","properties":{"missing_external_references":["\u0410\u0421\u0423_\u041e\u0414\u0421_\u041a\u0443\u043b\u0438\u043a\u043e\u0432\u044
1000
1\u043a\u0430\u044f","\u04407989_\u041a\u0443\u043b\u0438\u043a\u043e\u0432\u0441\u043a\u0430\u044f \u0443\u043b._\u043f\u0440\u043e\u0435\u043a\u0442"],"normative":false,"professional_confirmation":f
1000
alse,"semantic_authority":"project layer-name evidence for diagnostic testing only","semantic_basis":"explicit project layer name; advisory classification","source_currentness_confirmed":false,"source
1000
_entity_type":"LWPOLYLINE","source_file":"cad_candidate.flattened.r2010.dxf","source_layer":"\u0414\u0412_\u0413\u041f_\u041f_\u0412\u043e\u0434\u043e\u043e\u0442\u0432\u043e\u0434\u043d\u044b\u0435_\
1000
u043b\u043e\u0442\u043a\u0438","source_project_id":"898ea8e86f4d","source_status":"partial prepared CAD: 45 of 47 external references embedded","street":"\u041a\u0443\u043b\u0438\u043a\u043e\u0432\u04
1000
41\u043a\u0430\u044f \u0443\u043b\u0438\u0446\u0430, \u041c\u043e\u0441\u043a\u0432\u0430","suggestion_confidence":"high"},"role":"asset","schema_version":1,"type_id":"net.tray"}
  0
LWPOLYLINE
  5
285
330
17
100
AcDbEntity
  8
GC_DRAINAGE_TRAY
100
AcDbPolyline
 90
2
 70
0
 10
4132.371011276864
 20
-10576.09284251517
 10
4161.114509986095
 20
-10588.42782734794
1001
GREENCAD_EDIT_V1
1000
{"geometry_role":"AXIS","id":"kul-tray:000498:bd251c13bed4","properties":{"missing_external_references":["\u0410\u0421\u0423_\u041e\u0414\u0421_\u041a\u0443\u043b\u0438\u043a\u043e\u0432\u0441\u043a\u
1000
0430\u044f","\u04407989_\u041a\u0443\u043b\u0438\u043a\u043e\u0432\u0441\u043a\u0430\u044f \u0443\u043b._\u043f\u0440\u043e\u0435\u043a\u0442"],"normative":false,"professional_confirmation":false,"sem
1000
antic_authority":"project layer-name evidence for diagnostic testing only","semantic_basis":"explicit project layer name; advisory classification","source_currentness_confirmed":false,"source_entity_t
1000
ype":"LWPOLYLINE","source_file":"cad_candidate.flattened.r2010.dxf","source_layer":"\u0414\u0412_\u0413\u041f_\u041f_\u0412\u043e\u0434\u043e\u043e\u0442\u0432\u043e\u0434\u043d\u044b\u0435_\u043b\u04
1000
3e\u0442\u043a\u0438","source_project_id":"898ea8e86f4d","source_status":"partial prepared CAD: 45 of 47 external references embedded","street":"\u041a\u0443\u043b\u0438\u043a\u043e\u0432\u0441\u043a\
1000
u0430\u044f \u0443\u043b\u0438\u0446\u0430, \u041c\u043e\u0441\u043a\u0432\u0430","suggestion_confidence":"high"},"role":"asset","schema_version":1,"type_id":"net.tray"}
  0
LWPOLYLINE
  5
286
330
17
100
AcDbEntity
  8
GC_DRAINAGE_TRAY
100
AcDbPolyline
 90
4
 70
1
 10
4136.72620509038
 20
-10750.596200889277
 10
4136.497490659021
 20
-10750.495257234268
 10
4136.699378105956
 20
-10750.037828049835
 10
4136.928082501796
 20
-10750.138795062114
1001
GREENCAD_EDIT_V1
1000
{"geometry_role":"OUTER_CONTOUR","id":"kul-tray:000499:65bcf6e38c20","properties":{"missing_external_references":["\u0410\u0421\u0423_\u041e\u0414\u0421_\u041a\u0443\u043b\u0438\u043a\u043e\u0432\u044
1000
1\u043a\u0430\u044f","\u04407989_\u041a\u0443\u043b\u0438\u043a\u043e\u0432\u0441\u043a\u0430\u044f \u0443\u043b._\u043f\u0440\u043e\u0435\u043a\u0442"],"normative":false,"professional_confirmation":f
1000
alse,"semantic_authority":"project layer-name evidence for diagnostic testing only","semantic_basis":"explicit project layer name; advisory classification","source_currentness_confirmed":false,"source
1000
_entity_type":"LWPOLYLINE","source_file":"cad_candidate.flattened.r2010.dxf","source_layer":"\u0414\u0412_\u0413\u041f_\u041f_\u0412\u043e\u0434\u043e\u043e\u0442\u0432\u043e\u0434\u043d\u044b\u0435_\
1000
u043b\u043e\u0442\u043a\u0438","source_project_id":"898ea8e86f4d","source_status":"partial prepared CAD: 45 of 47 external references embedded","street":"\u041a\u0443\u043b\u0438\u043a\u043e\u0432\u04
1000
41\u043a\u0430\u044f \u0443\u043b\u0438\u0446\u0430, \u041c\u043e\u0441\u043a\u0432\u0430","suggestion_confidence":"high"},"role":"asset","schema_version":1,"type_id":"net.tray"}
  0
LWPOLYLINE
  5
287
330
17
100
AcDbEntity
  8
GC_DRAINAGE_TRAY
100
AcDbPolyline
 90
4
 70
1
 10
4136.928092766042
 20
-10750.138771805794
 10
4136.699378334683
 20
-10750.037828150786
 10
4136.901265781618
 20
-10749.580398966353
 10
4137.129970177458
 20
-10749.681365978631
1001
GREENCAD_EDIT_V1
1000
{"geometry_role":"OUTER_CONTOUR","id":"kul-tray:000500:436e18de87dd","properties":{"missing_external_references":["\u0410\u0421\u0423_\u041e\u0414\u0421_\u041a\u0443\u043b\u0438\u043a\u043e\u0432\u044
1000
1\u043a\u0430\u044f","\u04407989_\u041a\u0443\u043b\u0438\u043a\u043e\u0432\u0441\u043a\u0430\u044f \u0443\u043b._\u043f\u0440\u043e\u0435\u043a\u0442"],"normative":false,"professional_confirmation":f
1000
alse,"semantic_authority":"project layer-name evidence for diagnostic testing only","semantic_basis":"explicit project layer name; advisory classification","source_currentness_confirmed":false,"source
1000
_entity_type":"LWPOLYLINE","source_file":"cad_candidate.flattened.r2010.dxf","source_layer":"\u0414\u0412_\u0413\u041f_\u041f_\u0412\u043e\u0434\u043e\u043e\u0442\u0432\u043e\u0434\u043d\u044b\u0435_\
1000
u043b\u043e\u0442\u043a\u0438","source_project_id":"898ea8e86f4d","source_status":"partial prepared CAD: 45 of 47 external references embedded","street":"\u041a\u0443\u043b\u0438\u043a\u043e\u0432\u04
1000
41\u043a\u0430\u044f \u0443\u043b\u0438\u0446\u0430, \u041c\u043e\u0441\u043a\u0432\u0430","suggestion_confidence":"high"},"role":"asset","schema_version":1,"type_id":"net.tray"}
  0
LWPOLYLINE
  5
288
330
17
100
AcDbEntity
  8
GC_DRAINAGE_TRAY
100
AcDbPolyline
 90
4
 70
1
 10
4137.129980441703
 20
-10749.681342722311
 10
4136.901266010344
 20
-10749.580399067303
 10
4137.103153457279
 20
-10749.12296988287
 10
4137.331857853119
 20
-10749.223936895149
1001
GREENCAD_EDIT_V1
1000
{"geometry_role":"OUTER_CONTOUR","id":"kul-tray:000501:5440067bfd59","properties":{"missing_external_references":["\u0410\u0421\u0423_\u041e\u0414\u0421_\u041a\u0443\u043b\u0438\u043a\u043e\u0432\u044
1000
1\u043a\u0430\u044f","\u04407989_\u041a\u0443\u043b\u0438\u043a\u043e\u0432\u0441\u043a\u0430\u044f \u0443\u043b._\u043f\u0440\u043e\u0435\u043a\u0442"],"normative":false,"professional_confirmation":f
1000
alse,"semantic_authority":"project layer-name evidence for diagnostic testing only","semantic_basis":"explicit project layer name; advisory classification","source_currentness_confirmed":false,"source
1000
_entity_type":"LWPOLYLINE","source_file":"cad_candidate.flattened.r2010.dxf","source_layer":"\u0414\u0412_\u0413\u041f_\u041f_\u0412\u043e\u0434\u043e\u043e\u0442\u0432\u043e\u0434\u043d\u044b\u0435_\
1000
u043b\u043e\u0442\u043a\u0438","source_project_id":"898ea8e86f4d","source_status":"partial prepared CAD: 45 of 47 external references embedded","street":"\u041a\u0443\u043b\u0438\u043a\u043e\u0432\u04
1000
41\u043a\u0430\u044f \u0443\u043b\u0438\u0446\u0430, \u041c\u043e\u0441\u043a\u0432\u0430","suggestion_confidence":"high"},"role":"asset","schema_version":1,"type_id":"net.tray"}
  0
LWPOLYLINE
  5
289
330
17
100
AcDbEntity
  8
GC_DRAINAGE_TRAY
100
AcDbPolyline
 90
4
 70
1
 10
4137.331868117364
 20
-10749.223913638827
 10
4137.1031536860055
 20
-10749.122969983819
 10
4137.3050411329405
 20
-10748.665540799386
 10
4137.53374552878
 20
-10748.766507811664
1001
GREENCAD_EDIT_V1
1000
{"geometry_role":"OUTER_CONTOUR","id":"kul-tray:000502:b5acbaea9f82","properties":{"missing_external_references":["\u0410\u0421\u0423_\u041e\u0414\u0421_\u041a\u0443\u043b\u0438\u043a\u043e\u0432\u044
1000
1\u043a\u0430\u044f","\u04407989_\u041a\u0443\u043b\u0438\u043a\u043e\u0432\u0441\u043a\u0430\u044f \u0443\u043b._\u043f\u0440\u043e\u0435\u043a\u0442"],"normative":false,"professional_confirmation":f
1000
alse,"semantic_authority":"project layer-name evidence for diagnostic testing only","semantic_basis":"explicit project layer name; advisory classification","source_currentness_confirmed":false,"source
1000
_entity_type":"LWPOLYLINE","source_file":"cad_candidate.flattened.r2010.dxf","source_layer":"\u0414\u0412_\u0413\u041f_\u041f_\u0412\u043e\u0434\u043e\u043e\u0442\u0432\u043e\u0434\u043d\u044b\u0435_\
1000
u043b\u043e\u0442\u043a\u0438","source_project_id":"898ea8e86f4d","source_status":"partial prepared CAD: 45 of 47 external references embedded","street":"\u041a\u0443\u043b\u0438\u043a\u043e\u0432\u04
1000
41\u043a\u0430\u044f \u0443\u043b\u0438\u0446\u0430, \u041c\u043e\u0441\u043a\u0432\u0430","suggestion_confidence":"high"},"role":"asset","schema_version":1,"type_id":"net.tray"}
  0
LWPOLYLINE
  5
28A
330
17
100
AcDbEntity
  8
GC_DRAINAGE_TRAY
100
AcDbPolyline
 90
4
 70
1
 10
4137.533755793025
 20
-10748.766484555345
 10
4137.305041361667
 20
-10748.665540900336
 10
4137.5069288086015
 20
-10748.208111715903
 10
4137.735633204441
 20
-10748.309078728182
1001
GREENCAD_EDIT_V1
1000
{"geometry_role":"OUTER_CONTOUR","id":"kul-tray:000503:e5c87150220f","properties":{"missing_external_references":["\u0410\u0421\u0423_\u041e\u0414\u0421_\u041a\u0443\u043b\u0438\u043a\u043e\u0432\u044
1000
1\u043a\u0430\u044f","\u04407989_\u041a\u0443\u043b\u0438\u043a\u043e\u0432\u0441\u043a\u0430\u044f \u0443\u043b._\u043f\u0440\u043e\u0435\u043a\u0442"],"normative":false,"professional_confirmation":f
1000
alse,"semantic_authority":"project layer-name evidence for diagnostic testing only","semantic_basis":"explicit project layer name; advisory classification","source_currentness_confirmed":false,"source
1000
_entity_type":"LWPOLYLINE","source_file":"cad_candidate.flattened.r2010.dxf","source_layer":"\u0414\u0412_\u0413\u041f_\u041f_\u0412\u043e\u0434\u043e\u043e\u0442\u0432\u043e\u0434\u043d\u044b\u0435_\
1000
u043b\u043e\u0442\u043a\u0438","source_project_id":"898ea8e86f4d","source_status":"partial prepared CAD: 45 of 47 external references embedded","street":"\u041a\u0443\u043b\u0438\u043a\u043e\u0432\u04
1000
41\u043a\u0430\u044f \u0443\u043b\u0438\u0446\u0430, \u041c\u043e\u0441\u043a\u0432\u0430","suggestion_confidence":"high"},"role":"asset","schema_version":1,"type_id":"net.tray"}
  0
LWPOLYLINE
  5
28B
330
17
100
AcDbEntity
  8
GC_DRAINAGE_TRAY
100
AcDbPolyline
 90
4
 70
1
 10
4137.735643468686
 20
-10748.309055471862
 10
4137.506929037328
 20
-10748.208111816853
 10
4137.708816484263
 20
-10747.75068263242
 10
4137.937520880102
 20
-10747.8516496447
1001
GREENCAD_EDIT_V1
1000
{"geometry_role":"OUTER_CONTOUR","id":"kul-tray:000504:fe9a76f96032","properties":{"missing_external_references":["\u0410\u0421\u0423_\u041e\u0414\u0421_\u041a\u0443\u043b\u0438\u043a\u043e\u0432\u044
1000
1\u043a\u0430\u044f","\u04407989_\u041a\u0443\u043b\u0438\u043a\u043e\u0432\u0441\u043a\u0430\u044f \u0443\u043b._\u043f\u0440\u043e\u0435\u043a\u0442"],"normative":false,"professional_confirmation":f
1000
alse,"semantic_authority":"project layer-name evidence for diagnostic testing only","semantic_basis":"explicit project layer name; advisory classification","source_currentness_confirmed":false,"source
1000
_entity_type":"LWPOLYLINE","source_file":"cad_candidate.flattened.r2010.dxf","source_layer":"\u0414\u0412_\u0413\u041f_\u041f_\u0412\u043e\u0434\u043e\u043e\u0442\u0432\u043e\u0434\u043d\u044b\u0435_\
1000
u043b\u043e\u0442\u043a\u0438","source_project_id":"898ea8e86f4d","source_status":"partial prepared CAD: 45 of 47 external references embedded","street":"\u041a\u0443\u043b\u0438\u043a\u043e\u0432\u04
1000
41\u043a\u0430\u044f \u0443\u043b\u0438\u0446\u0430, \u041c\u043e\u0441\u043a\u0432\u0430","suggestion_confidence":"high"},"role":"asset","schema_version":1,"type_id":"net.tray"}
  0
LWPOLYLINE
  5
28C
330
17
100
AcDbEntity
  8
GC_DRAINAGE_TRAY
100
AcDbPolyline
 90
4
 70
1
 10
4137.937531144348
 20
-10747.85162638838
 10
4137.70881671299
 20
-10747.750682733371
 10
4137.9107041599245
 20
-10747.293253548938
 10
4138.139408555764
 20
-10747.394220561217
1001
GREENCAD_EDIT_V1
1000
{"geometry_role":"OUTER_CONTOUR","id":"kul-tray:000505:d16f319f502e","properties":{"missing_external_references":["\u0410\u0421\u0423_\u041e\u0414\u0421_\u041a\u0443\u043b\u0438\u043a\u043e\u0432\u044
1000
1\u043a\u0430\u044f","\u04407989_\u041a\u0443\u043b\u0438\u043a\u043e\u0432\u0441\u043a\u0430\u044f \u0443\u043b._\u043f\u0440\u043e\u0435\u043a\u0442"],"normative":false,"professional_confirmation":f
1000
alse,"semantic_authority":"project layer-name evidence for diagnostic testing only","semantic_basis":"explicit project layer name; advisory classification","source_currentness_confirmed":false,"source
1000
_entity_type":"LWPOLYLINE","source_file":"cad_candidate.flattened.r2010.dxf","source_layer":"\u0414\u0412_\u0413\u041f_\u041f_\u0412\u043e\u0434\u043e\u043e\u0442\u0432\u043e\u0434\u043d\u044b\u0435_\
1000
u043b\u043e\u0442\u043a\u0438","source_project_id":"898ea8e86f4d","source_status":"partial prepared CAD: 45 of 47 external references embedded","street":"\u041a\u0443\u043b\u0438\u043a\u043e\u0432\u04
1000
41\u043a\u0430\u044f \u0443\u043b\u0438\u0446\u0430, \u041c\u043e\u0441\u043a\u0432\u0430","suggestion_confidence":"high"},"role":"asset","schema_version":1,"type_id":"net.tray"}
  0
LWPOLYLINE
  5
28D
330
17
100
AcDbEntity
  8
GC_DRAINAGE_TRAY
100
AcDbPolyline
 90
4
 70
1
 10
4138.139418820009
 20
-10747.394197304897
 10
4137.910704388651
 20
-10747.293253649888
 10
4138.112591835586
 20
-10746.835824465456
 10
4138.341296231425
 20
-10746.936791477734
1001
GREENCAD_EDIT_V1
1000
{"geometry_role":"OUTER_CONTOUR","id":"kul-tray:000506:ae3efd1c21e5","properties":{"missing_external_references":["\u0410\u0421\u0423_\u041e\u0414\u0421_\u041a\u0443\u043b\u0438\u043a\u043e\u0432\u044
1000
1\u043a\u0430\u044f","\u04407989_\u041a\u0443\u043b\u0438\u043a\u043e\u0432\u0441\u043a\u0430\u044f \u0443\u043b._\u043f\u0440\u043e\u0435\u043a\u0442"],"normative":false,"professional_confirmation":f
1000
alse,"semantic_authority":"project layer-name evidence for diagnostic testing only","semantic_basis":"explicit project layer name; advisory classification","source_currentness_confirmed":false,"source
1000
_entity_type":"LWPOLYLINE","source_file":"cad_candidate.flattened.r2010.dxf","source_layer":"\u0414\u0412_\u0413\u041f_\u041f_\u0412\u043e\u0434\u043e\u043e\u0442\u0432\u043e\u0434\u043d\u044b\u0435_\
1000
u043b\u043e\u0442\u043a\u0438","source_project_id":"898ea8e86f4d","source_status":"partial prepared CAD: 45 of 47 external references embedded","street":"\u041a\u0443\u043b\u0438\u043a\u043e\u0432\u04
1000
41\u043a\u0430\u044f \u0443\u043b\u0438\u0446\u0430, \u041c\u043e\u0441\u043a\u0432\u0430","suggestion_confidence":"high"},"role":"asset","schema_version":1,"type_id":"net.tray"}
  0
LWPOLYLINE
  5
28E
330
17
100
AcDbEntity
  8
GC_DRAINAGE_TRAY
100
AcDbPolyline
 90
4
 70
1
 10
4138.34130649567
 20
-10746.936768221412
 10
4138.112592064312
 20
-10746.835824566404
 10
4138.314479511247
 20
-10746.378395381971
 10
4138.543183907086
 20
-10746.47936239425
1001
GREENCAD_EDIT_V1
1000
{"geometry_role":"OUTER_CONTOUR","id":"kul-tray:000507:e210079e0ad7","properties":{"missing_external_references":["\u0410\u0421\u0423_\u041e\u0414\u0421_\u041a\u0443\u043b\u0438\u043a\u043e\u0432\u044
1000
1\u043a\u0430\u044f","\u04407989_\u041a\u0443\u043b\u0438\u043a\u043e\u0432\u0441\u043a\u0430\u044f \u0443\u043b._\u043f\u0440\u043e\u0435\u043a\u0442"],"normative":false,"professional_confirmation":f
1000
alse,"semantic_authority":"project layer-name evidence for diagnostic testing only","semantic_basis":"explicit project layer name; advisory classification","source_currentness_confirmed":false,"source
1000
_entity_type":"LWPOLYLINE","source_file":"cad_candidate.flattened.r2010.dxf","source_layer":"\u0414\u0412_\u0413\u041f_\u041f_\u0412\u043e\u0434\u043e\u043e\u0442\u0432\u043e\u0434\u043d\u044b\u0435_\
1000
u043b\u043e\u0442\u043a\u0438","source_project_id":"898ea8e86f4d","source_status":"partial prepared CAD: 45 of 47 external references embedded","street":"\u041a\u0443\u043b\u0438\u043a\u043e\u0432\u04
1000
41\u043a\u0430\u044f \u0443\u043b\u0438\u0446\u0430, \u041c\u043e\u0441\u043a\u0432\u0430","suggestion_confidence":"high"},"role":"asset","schema_version":1,"type_id":"net.tray"}
  0
LWPOLYLINE
  5
28F
330
17
100
AcDbEntity
  8
GC_DRAINAGE_TRAY
100
AcDbPolyline
 90
2
 70
0
 10
4136.72620509038
 20
-10750.59620088928
 10
4138.521529171017
 20
-10746.52842683586
1001
GREENCAD_EDIT_V1
1000
{"geometry_role":"AXIS","id":"kul-tray:000508:6038ed301eff","properties":{"missing_external_references":["\u0410\u0421\u0423_\u041e\u0414\u0421_\u041a\u0443\u043b\u0438\u043a\u043e\u0432\u0441\u043a\u
1000
0430\u044f","\u04407989_\u041a\u0443\u043b\u0438\u043a\u043e\u0432\u0441\u043a\u0430\u044f \u0443\u043b._\u043f\u0440\u043e\u0435\u043a\u0442"],"normative":false,"professional_confirmation":false,"sem
1000
antic_authority":"project layer-name evidence for diagnostic testing only","semantic_basis":"explicit project layer name; advisory classification","source_currentness_confirmed":false,"source_entity_t
1000
ype":"LWPOLYLINE","source_file":"cad_candidate.flattened.r2010.dxf","source_layer":"\u0414\u0412_\u0413\u041f_\u041f_\u0412\u043e\u0434\u043e\u043e\u0442\u0432\u043e\u0434\u043d\u044b\u0435_\u043b\u04
1000
3e\u0442\u043a\u0438","source_project_id":"898ea8e86f4d","source_status":"partial prepared CAD: 45 of 47 external references embedded","street":"\u041a\u0443\u043b\u0438\u043a\u043e\u0432\u0441\u043a\
1000
u0430\u044f \u0443\u043b\u0438\u0446\u0430, \u041c\u043e\u0441\u043a\u0432\u0430","suggestion_confidence":"high"},"role":"asset","schema_version":1,"type_id":"net.tray"}
  0
LWPOLYLINE
  5
290
330
17
100
AcDbEntity
  8
GC_SIDEWALK_EDGE
100
AcDbPolyline
 90
7
 70
0
 10
4172.385667324226
 20
-11115.01480764797
 10
4172.551067670443
 20
-11115.07098062885
 10
4176.523982902989
 20
-11116.57324388738
 10
4182.249661847476
 20
-11118.67641244932
 10
4187.04389322854
 20
-11120.42930471114
 10
4188.579654245055
 20
-11120.82990824675
 10
4188.630790231749
 20
-11120.83922636631
1001
GREENCAD_EDIT_V1
1000
{"geometry_role":"EDGE","id":"kul-sidewalk_edge:000509:bfb0b031b77d","properties":{"missing_external_references":["\u0410\u0421\u0423_\u041e\u0414\u0421_\u041a\u0443\u043b\u0438\u043a\u043e\u0432\u044
1000
1\u043a\u0430\u044f","\u04407989_\u041a\u0443\u043b\u0438\u043a\u043e\u0432\u0441\u043a\u0430\u044f \u0443\u043b._\u043f\u0440\u043e\u0435\u043a\u0442"],"normative":false,"professional_confirmation":f
1000
alse,"semantic_authority":"project layer-name evidence for diagnostic testing only","semantic_basis":"explicit project layer name; advisory classification","source_currentness_confirmed":false,"source
1000
_entity_type":"LWPOLYLINE","source_file":"cad_candidate.flattened.r2010.dxf","source_layer":"\u0414\u0412_\u0413\u041f_\u041f_\u0411\u043e\u0440\u0442_\u0411\u0420_\u043d\u0430_\u0442\u0440\u043e\u044
1000
2\u0443\u0430\u0440\u0435_15\u0441\u043c","source_project_id":"898ea8e86f4d","source_status":"partial prepared CAD: 45 of 47 external references embedded","street":"\u041a\u0443\u043b\u0438\u043a\u043
1000
e\u0432\u0441\u043a\u0430\u044f \u0443\u043b\u0438\u0446\u0430, \u041c\u043e\u0441\u043a\u0432\u0430","suggestion_confidence":"medium"},"role":"asset","schema_version":1,"type_id":"traffic.sidewalk"}
  0
LWPOLYLINE
  5
291
330
17
100
AcDbEntity
  8
GC_DRAINAGE_TRAY
100
AcDbPolyline
 90
2
 70
0
 10
4117.708683843643
 20
-10842.67987252748
 10
4114.637370743876
 20
-10835.618948809
1001
GREENCAD_EDIT_V1
1000
{"geometry_role":"AXIS","id":"kul-tray:000510:36d2ddb007fa","properties":{"missing_external_references":["\u0410\u0421\u0423_\u041e\u0414\u0421_\u041a\u0443\u043b\u0438\u043a\u043e\u0432\u0441\u043a\u
1000
0430\u044f","\u04407989_\u041a\u0443\u043b\u0438\u043a\u043e\u0432\u0441\u043a\u0430\u044f \u0443\u043b._\u043f\u0440\u043e\u0435\u043a\u0442"],"normative":false,"professional_confirmation":false,"sem
1000
antic_authority":"project layer-name evidence for diagnostic testing only","semantic_basis":"explicit project layer name; advisory classification","source_currentness_confirmed":false,"source_entity_t
1000
ype":"LWPOLYLINE","source_file":"cad_candidate.flattened.r2010.dxf","source_layer":"\u0414\u0412_\u0413\u041f_\u041f_\u0412\u043e\u0434\u043e\u043e\u0442\u0432\u043e\u0434\u043d\u044b\u0435_\u043b\u04
1000
3e\u0442\u043a\u0438","source_project_id":"898ea8e86f4d","source_status":"partial prepared CAD: 45 of 47 external references embedded","street":"\u041a\u0443\u043b\u0438\u043a\u043e\u0432\u0441\u043a\
1000
u0430\u044f \u0443\u043b\u0438\u0446\u0430, \u041c\u043e\u0441\u043a\u0432\u0430","suggestion_confidence":"high"},"role":"asset","schema_version":1,"type_id":"net.tray"}
  0
LWPOLYLINE
  5
292
330
17
100
AcDbEntity
  8
GC_DRAINAGE_TRAY
100
AcDbPolyline
 90
2
 70
0
 10
4290.626412769443
 20
-10361.25482866532
 10
4284.13341424765
 20
-10358.63937185874
1001
GREENCAD_EDIT_V1
1000
{"geometry_role":"AXIS","id":"kul-tray:000511:8b960abdad26","properties":{"missing_external_references":["\u0410\u0421\u0423_\u041e\u0414\u0421_\u041a\u0443\u043b\u0438\u043a\u043e\u0432\u0441\u043a\u
1000
0430\u044f","\u04407989_\u041a\u0443\u043b\u0438\u043a\u043e\u0432\u0441\u043a\u0430\u044f \u0443\u043b._\u043f\u0440\u043e\u0435\u043a\u0442"],"normative":false,"professional_confirmation":false,"sem
1000
antic_authority":"project layer-name evidence for diagnostic testing only","semantic_basis":"explicit project layer name; advisory classification","source_currentness_confirmed":false,"source_entity_t
1000
ype":"LWPOLYLINE","source_file":"cad_candidate.flattened.r2010.dxf","source_layer":"\u0414\u0412_\u0413\u041f_\u041f_\u0412\u043e\u0434\u043e\u043e\u0442\u0432\u043e\u0434\u043d\u044b\u0435_\u043b\u04
1000
3e\u0442\u043a\u0438","source_project_id":"898ea8e86f4d","source_status":"partial prepared CAD: 45 of 47 external references embedded","street":"\u041a\u0443\u043b\u0438\u043a\u043e\u0432\u0441\u043a\
1000
u0430\u044f \u0443\u043b\u0438\u0446\u0430, \u041c\u043e\u0441\u043a\u0432\u0430","suggestion_confidence":"high"},"role":"asset","schema_version":1,"type_id":"net.tray"}
  0
ENDSEC
  0
SECTION
  2
OBJECTS
  0
DICTIONARY
  5
A
330
0
100
AcDbDictionary
281
1
  3
ACAD_COLOR
350
B
  3
ACAD_GROUP
350
C
  3
ACAD_LAYOUT
350
D
  3
ACAD_MATERIAL
350
E
  3
ACAD_MLEADERSTYLE
350
F
  3
ACAD_MLINESTYLE
350
10
  3
ACAD_PLOTSETTINGS
350
11
  3
ACAD_PLOTSTYLENAME
350
12
  3
ACAD_SCALELIST
350
14
  3
ACAD_TABLESTYLE
350
15
  3
ACAD_VISUALSTYLE
350
16
  3
EZDXF_META
350
2D
  3
GREENCAD_EDITOR_PROFILE_V1
350
293
  0
DICTIONARY
  5
B
330
A
100
AcDbDictionary
281
1
  0
DICTIONARY
  5
C
330
A
100
AcDbDictionary
281
1
  0
DICTIONARY
  5
D
330
A
100
AcDbDictionary
281
1
  3
Model
350
1A
  3
Layout1
350
1E
  0
DICTIONARY
  5
E
330
A
100
AcDbDictionary
281
1
  3
ByBlock
350
1F
  3
ByLayer
350
20
  3
Global
350
21
  0
DICTIONARY
  5
F
330
A
100
AcDbDictionary
281
1
  3
Standard
350
2C
  0
DICTIONARY
  5
10
330
A
100
AcDbDictionary
281
1
  3
Standard
350
22
  0
DICTIONARY
  5
11
330
A
100
AcDbDictionary
281
1
  0
ACDBDICTIONARYWDFLT
  5
12
330
A
100
AcDbDictionary
281
1
  3
Normal
350
13
100
AcDbDictionaryWithDefault
340
13
  0
ACDBPLACEHOLDER
  5
13
330
12
  0
DICTIONARY
  5
14
330
A
100
AcDbDictionary
281
1
  0
DICTIONARY
  5
15
330
A
100
AcDbDictionary
281
1
  0
DICTIONARY
  5
16
330
A
100
AcDbDictionary
281
1
  3
2dWireframe
350
5A
  3
Basic
350
5B
  3
Brighten
350
5C
  3
ColorChange
350
5D
  3
Conceptual
350
5E
  3
Dim
350
5F
  3
EdgeColorOff
350
60
  3
Facepattern
350
61
  3
Flat
350
62
  3
FlatWithEdges
350
63
  3
Gouraud
350
64
  3
GouraudWithEdges
350
65
  3
Hidden
350
66
  3
JitterOff
350
67
  3
Linepattern
350
68
  3
Modeling
350
69
  3
OverhangOff
350
6A
  3
Realistic
350
6B
  3
Shaded
350
6C
  3
Shaded with edges
350
6D
  3
Shades of Gray
350
6E
  3
Sketchy
350
6F
  3
Thicken
350
70
  3
Wireframe
350
71
  3
X-Ray
350
72
  0
LAYOUT
  5
1A
330
D
100
AcDbPlotSettings
  1

  4
A3
  6

 40
7.5
 41
20.0
 42
7.5
 43
20.0
 44
420.0
 45
297.0
 46
0.0
 47
0.0
 48
0.0
 49
0.0
140
0.0
141
0.0
142
1.0
143
1.0
 70
1024
 72
1
 73
0
 74
5
  7

 75
16
 76
0
 77
2
 78
300
147
1.0
148
0.0
149
0.0
100
AcDbLayout
  1
Model
 70
1
 71
0
 10
0.0
 20
0.0
 11
420.0
 21
297.0
 12
0.0
 22
0.0
 32
0.0
 14
1e+20
 24
1e+20
 34
1e+20
 15
-1e+20
 25
-1e+20
 35
-1e+20
146
0.0
 13
0.0
 23
0.0
 33
0.0
 16
1.0
 26
0.0
 36
0.0
 17
0.0
 27
1.0
 37
0.0
 76
1
330
17
  0
LAYOUT
  5
1E
330
D
100
AcDbPlotSettings
  1

  4
A3
  6

 40
7.5
 41
20.0
 42
7.5
 43
20.0
 44
420.0
 45
297.0
 46
0.0
 47
0.0
 48
0.0
 49
0.0
140
0.0
141
0.0
142
1.0
143
1.0
 70
0
 72
1
 73
0
 74
5
  7

 75
16
 76
0
 77
2
 78
300
147
1.0
148
0.0
149
0.0
100
AcDbLayout
  1
Layout1
 70
1
 71
1
 10
0.0
 20
0.0
 11
420.0
 21
297.0
 12
0.0
 22
0.0
 32
0.0
 14
1e+20
 24
1e+20
 34
1e+20
 15
-1e+20
 25
-1e+20
 35
-1e+20
146
0.0
 13
0.0
 23
0.0
 33
0.0
 16
1.0
 26
0.0
 36
0.0
 17
0.0
 27
1.0
 37
0.0
 76
1
330
1B
  0
MATERIAL
  5
1F
102
{ACAD_REACTORS
330
E
102
}
330
E
100
AcDbMaterial
  1
ByBlock
  2

 70
0
 40
1.0
 71
1
 41
1.0
 91
-1023410177
 42
1.0
 72
1
  3

 73
1
 74
1
 75
1
 44
0.5
 73
0
 45
1.0
 46
1.0
 77
1
  4

 78
1
 79
1
170
1
 48
1.0
171
1
  6

172
1
173
1
174
1
140
1.0
141
1.0
175
1
  7

176
1
177
1
178
1
143
1.0
179
1
  8

270
1
271
1
272
1
145
1.0
146
1.0
273
1
  9

274
1
275
1
276
1
 42
1.0
 72
1
  3

 73
1
 74
1
 75
1
 94
63
  0
MATERIAL
  5
20
102
{ACAD_REACTORS
330
E
102
}
330
E
100
AcDbMaterial
  1
ByLayer
  2

 70
0
 40
1.0
 71
1
 41
1.0
 91
-1023410177
 42
1.0
 72
1
  3

 73
1
 74
1
 75
1
 44
0.5
 73
0
 45
1.0
 46
1.0
 77
1
  4

 78
1
 79
1
170
1
 48
1.0
171
1
  6

172
1
173
1
174
1
140
1.0
141
1.0
175
1
  7

176
1
177
1
178
1
143
1.0
179
1
  8

270
1
271
1
272
1
145
1.0
146
1.0
273
1
  9

274
1
275
1
276
1
 42
1.0
 72
1
  3

 73
1
 74
1
 75
1
 94
63
  0
MATERIAL
  5
21
102
{ACAD_REACTORS
330
E
102
}
330
E
100
AcDbMaterial
  1
Global
  2

 70
0
 40
1.0
 71
1
 41
1.0
 91
-1023410177
 42
1.0
 72
1
  3

 73
1
 74
1
 75
1
 44
0.5
 73
0
 45
1.0
 46
1.0
 77
1
  4

 78
1
 79
1
170
1
 48
1.0
171
1
  6

172
1
173
1
174
1
140
1.0
141
1.0
175
1
  7

176
1
177
1
178
1
143
1.0
179
1
  8

270
1
271
1
272
1
145
1.0
146
1.0
273
1
  9

274
1
275
1
276
1
 42
1.0
 72
1
  3

 73
1
 74
1
 75
1
 94
63
  0
MLINESTYLE
  5
22
102
{ACAD_REACTORS
330
10
102
}
330
10
100
AcDbMlineStyle
  2
Standard
 70
0
  3

 62
256
 51
90.0
 52
90.0
 71
2
 49
0.5
 62
256
  6
BYLAYER
 49
-0.5
 62
256
  6
BYLAYER
  0
MLEADERSTYLE
  5
2C
102
{ACAD_REACTORS
330
F
102
}
330
F
100
AcDbMLeaderStyle
179
2
170
2
171
1
172
0
 90
2
 40
0.0
 41
0.0
173
1
 91
-1056964608
 92
-2
290
1
 42
2.0
291
1
 43
8.0
  3
Standard
 44
4.0
300

342
29
174
1
175
1
176
0
178
1
 93
-1056964608
 45
4.0
292
0
297
0
 46
4.0
 94
-1056964608
 47
1.0
 49
1.0
140
1.0
294
1
141
0.0
177
0
142
1.0
295
0
296
0
143
3.75
271
0
272
9
273
9
  0
DICTIONARY
  5
2D
330
A
100
AcDbDictionary
280
1
281
1
  3
CREATED_BY_EZDXF
350
2E
  3
WRITTEN_BY_EZDXF
350
296
  0
DICTIONARYVAR
  5
2E
330
2D
100
DictionaryVariables
280
0
  1
1.4.4 @ 2026-09-29T19:51:27.180586+00:00
  0
VISUALSTYLE
  5
5A
102
{ACAD_REACTORS
330
16
102
}
330
16
100
AcDbVisualStyle
  2
2dWireframe
 70
4
 90
0
 40
0.6
 62
7
290
0
291
0
  0
VISUALSTYLE
  5
5B
102
{ACAD_REACTORS
330
16
102
}
330
16
100
AcDbVisualStyle
  2
Basic
 70
7
 90
1
 40
0.6
 62
7
290
0
291
1
  0
VISUALSTYLE
  5
5C
102
{ACAD_REACTORS
330
16
102
}
330
16
100
AcDbVisualStyle
  2
Brighten
 70
12
 90
2
 40
0.6
 62
7
290
0
291
1
  0
VISUALSTYLE
  5
5D
102
{ACAD_REACTORS
330
16
102
}
330
16
100
AcDbVisualStyle
  2
ColorChange
 70
16
 90
2
 40
0.6
 62
8
290
0
291
1
  0
VISUALSTYLE
  5
5E
102
{ACAD_REACTORS
330
16
102
}
330
16
100
AcDbVisualStyle
  2
Conceptual
 70
9
 90
3
 40
0.6
 62
7
290
0
291
0
  0
VISUALSTYLE
  5
5F
102
{ACAD_REACTORS
330
16
102
}
330
16
100
AcDbVisualStyle
  2
Dim
 70
11
 90
2
 40
0.6
 62
7
290
0
291
1
  0
VISUALSTYLE
  5
60
102
{ACAD_REACTORS
330
16
102
}
330
16
100
AcDbVisualStyle
  2
EdgeColorOff
 70
22
 90
2
 40
0.6
 62
7
290
0
291
1
  0
VISUALSTYLE
  5
61
102
{ACAD_REACTORS
330
16
102
}
330
16
100
AcDbVisualStyle
  2
Facepattern
 70
15
 90
2
 40
0.6
 62
7
290
0
291
1
  0
VISUALSTYLE
  5
62
102
{ACAD_REACTORS
330
16
102
}
330
16
100
AcDbVisualStyle
  2
Flat
 70
0
 90
2
 40
0.6
 62
7
290
0
291
1
  0
VISUALSTYLE
  5
63
102
{ACAD_REACTORS
330
16
102
}
330
16
100
AcDbVisualStyle
  2
FlatWithEdges
 70
1
 90
2
 40
0.6
 62
7
290
0
291
1
  0
VISUALSTYLE
  5
64
102
{ACAD_REACTORS
330
16
102
}
330
16
100
AcDbVisualStyle
  2
Gouraud
 70
2
 90
2
 40
0.6
 62
7
290
0
291
1
  0
VISUALSTYLE
  5
65
102
{ACAD_REACTORS
330
16
102
}
330
16
100
AcDbVisualStyle
  2
GouraudWithEdges
 70
3
 90
2
 40
0.6
 62
7
290
0
291
1
  0
VISUALSTYLE
  5
66
102
{ACAD_REACTORS
330
16
102
}
330
16
100
AcDbVisualStyle
  2
Hidden
 70
6
 90
1
 40
0.6
 62
7
290
0
291
0
  0
VISUALSTYLE
  5
67
102
{ACAD_REACTORS
330
16
102
}
330
16
100
AcDbVisualStyle
  2
JitterOff
 70
20
 90
2
 40
0.6
 62
7
290
0
291
1
  0
VISUALSTYLE
  5
68
102
{ACAD_REACTORS
330
16
102
}
330
16
100
AcDbVisualStyle
  2
Linepattern
 70
14
 90
2
 40
0.6
 62
7
290
0
291
1
  0
VISUALSTYLE
  5
69
102
{ACAD_REACTORS
330
16
102
}
330
16
100
AcDbVisualStyle
  2
Modeling
 70
10
 90
2
 40
0.6
 62
7
290
0
291
0
  0
VISUALSTYLE
  5
6A
102
{ACAD_REACTORS
330
16
102
}
330
16
100
AcDbVisualStyle
  2
OverhangOff
 70
21
 90
2
 40
0.6
 62
7
290
0
291
1
  0
VISUALSTYLE
  5
6B
102
{ACAD_REACTORS
330
16
102
}
330
16
100
AcDbVisualStyle
  2
Realistic
 70
8
 90
2
 40
0.6
 62
7
290
0
291
0
  0
VISUALSTYLE
  5
6C
102
{ACAD_REACTORS
330
16
102
}
330
16
100
AcDbVisualStyle
  2
Shaded
 70
27
 90
2
 40
0.6
 62
7
290
0
291
0
  0
VISUALSTYLE
  5
6D
102
{ACAD_REACTORS
330
16
102
}
330
16
100
AcDbVisualStyle
  2
Shaded with edges
 70
26
 90
2
 40
0.6
 62
7
290
0
291
0
  0
VISUALSTYLE
  5
6E
102
{ACAD_REACTORS
330
16
102
}
330
16
100
AcDbVisualStyle
  2
Shades of Gray
 70
23
 90
2
 40
0.6
 62
7
290
0
291
0
  0
VISUALSTYLE
  5
6F
102
{ACAD_REACTORS
330
16
102
}
330
16
100
AcDbVisualStyle
  2
Sketchy
 70
24
 90
1
 40
0.6
 62
7
290
0
291
0
  0
VISUALSTYLE
  5
70
102
{ACAD_REACTORS
330
16
102
}
330
16
100
AcDbVisualStyle
  2
Thicken
 70
13
 90
2
 40
0.6
 62
7
290
0
291
1
  0
VISUALSTYLE
  5
71
102
{ACAD_REACTORS
330
16
102
}
330
16
100
AcDbVisualStyle
  2
Wireframe
 70
5
 90
0
 40
0.6
 62
7
290
0
291
0
  0
VISUALSTYLE
  5
72
102
{ACAD_REACTORS
330
16
102
}
330
16
100
AcDbVisualStyle
  2
X-Ray
 70
25
 90
2
 40
0.5
 62
7
290
0
291
0
  0
XRECORD
  5
293
330
A
100
AcDbXrecord
280
1
  1
{"layer_mapping":{"GC_DRAINAGE_TRAY":{"geometry_role":"AXIS","type_id":"net.tray"},"GC_GAS_SYMBOL":{"geometry_role":"SYMBOL","type_id":"net.gas"},"GC_HEAT_SYMBOL":{"geometry_role":"SYMBOL","type_id":"
  1
net.heat"},"GC_SEWER_SYMBOL":{"geometry_role":"SYMBOL","type_id":"net.sewer"},"GC_SIDEWALK":{"geometry_role":"AREA","type_id":"traffic.sidewalk"},"GC_SIDEWALK_EDGE":{"geometry_role":"EDGE","type_id":"
  1
traffic.sidewalk"},"GC_SITE_BOUNDARY":{"geometry_role":"BOUNDARY","type_id":"context.project_domain"},"GC_TEST_GREEN_ZONE":{"geometry_role":"AREA","type_id":"context.green_zone"},"GC_WATER_SYMBOL":{"g
  1
eometry_role":"SYMBOL","type_id":"net.water"}},"metres_per_unit":1.0,"project_types":[],"schema_version":1}
  0
DICTIONARYVAR
  5
296
330
2D
100
DictionaryVariables
280
0
  1
1.4.4 @ 2026-09-29T19:51:33.091359+00:00
  0
ENDSEC
  0
EOF
